"Fecha","Último","Apertura","Máximo","Mínimo","Vol.","% var."
"31.12.2024","3.773,04","3.741,60","3.784,27","3.734,20","","0,86%"
"30.12.2024","3.741,01","3.777,29","3.785,21","3.735,16","","-0,89%"
"27.12.2024","3.774,63","3.793,49","3.801,47","3.761,00","","-0,48%"
"26.12.2024","3.792,71","3.754,88","3.804,71","3.752,27","","1,04%"
"25.12.2024","3.753,60","3.752,66","3.757,63","3.752,00","","0,03%"
"24.12.2024","3.752,56","3.754,75","3.772,03","3.750,18","","-0,01%"
"23.12.2024","3.752,90","3.764,45","3.787,07","3.748,94","","-0,34%"
"20.12.2024","3.765,55","3.735,24","3.781,89","3.732,33","","0,84%"
"19.12.2024","3.734,18","3.735,63","3.784,21","3.716,91","","-0,01%"
"18.12.2024","3.734,58","3.786,51","3.796,73","3.732,11","","-1,36%"
"17.12.2024","3.786,08","3.778,86","3.791,17","3.758,97","","0,23%"
"16.12.2024","3.777,21","3.769,67","3.797,36","3.759,50","","0,22%"
"13.12.2024","3.768,78","3.812,60","3.834,06","3.767,19","","-1,11%"
"12.12.2024","3.811,27","3.846,44","3.856,53","3.797,02","","-0,89%"
"11.12.2024","3.845,38","3.817,55","3.852,26","3.788,68","","0,74%"
"10.12.2024","3.817,04","3.769,88","3.821,47","3.765,74","","1,29%"
"09.12.2024","3.768,37","3.727,72","3.776,86","3.718,48","","1,11%"
"06.12.2024","3.726,88","3.691,52","3.736,78","3.666,64","","1,03%"
"05.12.2024","3.689,02","3.729,43","3.736,29","3.685,64","","-1,07%"
"04.12.2024","3.728,80","3.719,23","3.738,26","3.703,26","","0,31%"
"03.12.2024","3.717,27","3.707,70","3.727,02","3.699,18","","0,34%"
"02.12.2024","3.704,49","3.717,21","3.728,06","3.678,42","","-0,30%"
"29.11.2024","3.715,49","3.701,36","3.734,80","3.689,46","","0,43%"
"28.11.2024","3.699,72","3.698,50","3.711,00","3.673,32","","-0,02%"
"27.11.2024","3.700,28","3.700,59","3.734,51","3.690,93","","0,00%"
"26.11.2024","3.700,28","3.668,23","3.725,80","3.660,34","","0,89%"
"25.11.2024","3.667,77","3.792,51","3.792,51","3.658,30","","-3,27%"
"22.11.2024","3.791,93","3.727,59","3.794,20","3.725,97","","1,78%"
"21.11.2024","3.725,44","3.702,77","3.734,22","3.700,49","","0,60%"
"20.11.2024","3.703,18","3.673,81","3.716,80","3.656,56","","0,84%"
"19.11.2024","3.672,29","3.659,62","3.701,26","3.658,57","","0,36%"
"18.11.2024","3.659,29","3.609,52","3.675,50","3.606,84","","1,42%"
"15.11.2024","3.608,23","3.606,51","3.630,05","3.593,39","","0,12%"
"14.11.2024","3.604,06","3.601,15","3.617,09","3.553,57","","0,10%"
"13.11.2024","3.600,47","3.623,43","3.654,60","3.600,83","","-0,61%"
"12.11.2024","3.622,65","3.645,73","3.659,21","3.615,08","","-0,61%"
"11.11.2024","3.644,84","3.732,89","3.737,45","3.636,20","","-2,35%"
"08.11.2024","3.732,59","3.750,70","3.761,30","3.722,66","","-0,47%"
"07.11.2024","3.750,05","3.706,65","3.755,45","3.685,06","","1,20%"
"06.11.2024","3.705,54","3.793,94","3.821,90","3.701,04","","-2,30%"
"05.11.2024","3.792,70","3.804,46","3.813,60","3.787,71","","-0,26%"
"04.11.2024","3.802,44","3.815,51","3.820,47","3.797,48","","-0,37%"
"01.11.2024","3.816,71","3.822,28","3.844,19","3.813,56","","-0,16%"
"31.10.2024","3.822,98","3.875,48","3.882,08","3.799,93","","-1,34%"
"30.10.2024","3.875,07","3.861,64","3.885,88","3.856,95","","0,38%"
"29.10.2024","3.860,38","3.809,15","3.862,97","3.806,42","","1,36%"
"28.10.2024","3.808,42","3.817,32","3.818,70","3.786,16","","-0,22%"
"25.10.2024","3.816,82","3.791,00","3.818,40","3.761,96","","0,73%"
"24.10.2024","3.788,99","3.758,02","3.793,81","3.756,83","","0,89%"
"23.10.2024","3.755,49","3.798,44","3.814,25","3.751,21","","-1,10%"
"22.10.2024","3.797,44","3.762,49","3.799,98","3.760,75","","0,98%"
"21.10.2024","3.760,60","3.756,13","3.789,35","3.754,39","","0,14%"
"18.10.2024","3.755,23","3.715,52","3.759,25","3.712,54","","1,10%"
"17.10.2024","3.714,22","3.675,14","3.718,50","3.675,14","","1,11%"
"16.10.2024","3.673,45","3.667,94","3.699,66","3.665,01","","0,21%"
"15.10.2024","3.665,82","3.654,47","3.682,14","3.644,20","","0,33%"
"14.10.2024","3.653,62","3.656,24","3.674,15","3.642,01","","-0,04%"
"11.10.2024","3.655,16","3.611,70","3.663,24","3.611,18","","1,22%"
"10.10.2024","3.611,02","3.575,85","3.619,11","3.572,01","","1,00%"
"09.10.2024","3.575,18","3.578,14","3.587,03","3.565,71","","-0,07%"
"08.10.2024","3.577,57","3.598,85","3.620,20","3.560,84","","-0,56%"
"07.10.2024","3.597,54","3.600,26","3.613,73","3.584,96","","-0,09%"
"04.10.2024","3.600,71","3.600,49","3.625,70","3.576,17","","0,04%"
"03.10.2024","3.599,18","3.590,07","3.605,54","3.572,18","","0,31%"
"02.10.2024","3.588,12","3.593,17","3.594,78","3.562,55","","-0,09%"
"01.10.2024","3.591,35","3.563,58","3.610,41","3.559,38","","0,80%"
"30.09.2024","3.562,71","3.592,65","3.602,43","3.550,58","","-0,80%"
"27.09.2024","3.591,45","3.598,40","3.607,00","3.567,45","","-0,18%"
"26.09.2024","3.597,80","3.583,48","3.618,00","3.578,39","","0,43%"
"25.09.2024","3.582,30","3.569,20","3.589,31","3.561,51","","0,40%"
"24.09.2024","3.567,91","3.558,68","3.580,46","3.542,62","","0,30%"
"23.09.2024","3.557,38","3.556,27","3.568,29","3.542,84","","-0,01%"
"20.09.2024","3.557,73","3.507,25","3.560,64","3.505,46","","1,46%"
"19.09.2024","3.506,56","3.481,14","3.514,47","3.476,70","","0,74%"
"18.09.2024","3.480,86","3.493,93","3.524,19","3.468,75","","-0,36%"
"17.09.2024","3.493,35","3.506,58","3.515,17","3.482,50","","-0,38%"
"16.09.2024","3.506,56","3.503,25","3.519,29","3.495,97","","0,14%"
"13.09.2024","3.501,77","3.475,21","3.515,90","3.470,47","","0,79%"
"12.09.2024","3.474,46","3.409,74","3.478,38","3.408,30","","1,91%"
"11.09.2024","3.409,31","3.425,14","3.438,46","3.402,51","","-0,42%"
"10.09.2024","3.423,56","3.397,82","3.426,42","3.392,30","","0,82%"
"09.09.2024","3.395,75","3.388,99","3.399,98","3.371,67","","0,21%"
"06.09.2024","3.388,71","3.398,93","3.411,56","3.373,61","","-0,28%"
"05.09.2024","3.398,07","3.370,54","3.412,25","3.368,69","","0,84%"
"04.09.2024","3.369,79","3.378,95","3.380,90","3.351,98","","-0,20%"
"03.09.2024","3.376,38","3.372,64","3.389,04","3.353,44","","0,14%"
"02.09.2024","3.371,79","3.376,65","3.383,10","3.361,12","","-0,16%"
"30.08.2024","3.377,34","3.399,99","3.405,66","3.367,84","","-0,65%"
"29.08.2024","3.399,33","3.373,59","3.405,14","3.372,59","","0,70%"
"28.08.2024","3.375,85","3.394,70","3.400,82","3.360,21","","-0,46%"
"27.08.2024","3.391,37","3.397,50","3.398,34","3.372,61","","-0,13%"
"26.08.2024","3.395,86","3.392,00","3.413,61","3.385,65","","0,08%"
"23.08.2024","3.393,15","3.383,28","3.407,33","3.378,52","","0,35%"
"22.08.2024","3.381,33","3.415,33","3.416,90","3.363,09","","-0,95%"
"21.08.2024","3.413,63","3.424,34","3.432,34","3.392,35","","-0,24%"
"20.08.2024","3.421,89","3.412,61","3.451,40","3.404,84","","0,22%"
"19.08.2024","3.414,23","3.434,72","3.435,47","3.397,53","","-0,44%"
"16.08.2024","3.429,39","3.373,43","3.435,21","3.363,02","","1,68%"
"15.08.2024","3.372,71","3.357,39","3.385,26","3.339,90","","0,49%"
"14.08.2024","3.356,36","3.378,42","3.398,76","3.343,05","","-0,63%"
"13.08.2024","3.377,75","3.398,50","3.404,52","3.375,76","","-0,47%"
"12.08.2024","3.393,72","3.338,05","3.399,30","3.328,64","","1,69%"
"09.08.2024","3.337,42","3.333,50","3.345,21","3.318,53","","0,16%"
"08.08.2024","3.332,13","3.278,90","3.334,82","3.275,48","","1,64%"
"07.08.2024","3.278,37","3.297,19","3.308,20","3.275,68","","-0,51%"
"06.08.2024","3.295,17","3.328,95","3.346,63","3.285,30","","-1,12%"
"05.08.2024","3.332,50","3.389,57","3.412,20","3.271,61","","-1,68%"
"02.08.2024","3.389,39","3.393,59","3.438,01","3.340,56","","-0,07%"
"01.08.2024","3.391,89","3.379,54","3.398,23","3.361,20","","0,41%"
"31.07.2024","3.378,20","3.338,70","3.384,96","3.328,61","","1,30%"
"30.07.2024","3.334,75","3.302,62","3.342,40","3.292,92","","0,99%"
"29.07.2024","3.301,95","3.301,81","3.323,22","3.283,37","","-0,01%"
"26.07.2024","3.302,39","3.268,18","3.305,99","3.255,83","","1,05%"
"25.07.2024","3.268,19","3.310,82","3.315,95","3.249,94","","-1,23%"
"24.07.2024","3.308,82","3.321,56","3.353,50","3.308,75","","-0,31%"
"23.07.2024","3.318,99","3.297,13","3.322,89","3.288,02","","0,69%"
"22.07.2024","3.296,22","3.295,82","3.310,58","3.280,34","","-0,02%"
"19.07.2024","3.296,76","3.351,85","3.353,32","3.288,99","","-1,62%"
"18.07.2024","3.351,17","3.364,36","3.384,65","3.345,54","","-0,34%"
"17.07.2024","3.362,52","3.375,83","3.394,71","3.357,30","","-0,37%"
"16.07.2024","3.374,99","3.314,50","3.377,04","3.310,20","","1,84%"
"15.07.2024","3.313,94","3.287,81","3.333,48","3.280,17","","0,84%"
"12.07.2024","3.286,41","3.292,52","3.296,53","3.260,53","","-0,16%"
"11.07.2024","3.291,60","3.229,57","3.303,52","3.227,81","","1,94%"
"10.07.2024","3.228,84","3.223,70","3.252,30","3.221,24","","0,19%"
"09.07.2024","3.222,87","3.218,67","3.233,93","3.205,74","","0,21%"
"08.07.2024","3.216,09","3.262,61","3.264,18","3.206,63","","-1,40%"
"05.07.2024","3.261,73","3.207,96","3.263,67","3.205,02","","1,72%"
"04.07.2024","3.206,44","3.213,56","3.221,56","3.203,63","","-0,18%"
"03.07.2024","3.212,34","3.186,65","3.223,54","3.183,21","","0,84%"
"02.07.2024","3.185,55","3.203,08","3.208,80","3.178,47","","-0,52%"
"01.07.2024","3.202,29","3.182,93","3.205,11","3.169,32","","0,63%"
"28.06.2024","3.182,11","3.189,61","3.204,47","3.178,44","","-0,22%"
"27.06.2024","3.189,10","3.148,21","3.191,28","3.144,57","","1,37%"
"26.06.2024","3.146,15","3.167,88","3.175,91","3.141,25","","-0,65%"
"25.06.2024","3.166,79","3.186,41","3.192,67","3.162,58","","-0,58%"
"24.06.2024","3.185,31","3.179,66","3.192,14","3.173,40","","0,19%"
"21.06.2024","3.179,29","3.230,74","3.243,58","3.175,02","","-1,57%"
"20.06.2024","3.230,10","3.188,92","3.238,77","3.187,98","","1,31%"
"19.06.2024","3.188,21","3.195,47","3.203,13","3.184,49","","-0,20%"
"18.06.2024","3.194,68","3.182,54","3.200,89","3.170,69","","0,45%"
"17.06.2024","3.180,36","3.204,19","3.206,17","3.177,27","","-0,73%"
"14.06.2024","3.203,72","3.165,76","3.215,63","3.161,57","","1,21%"
"13.06.2024","3.165,41","3.187,86","3.192,81","3.157,58","","-0,69%"
"12.06.2024","3.187,43","3.188,41","3.206,46","3.172,47","","0,01%"
"11.06.2024","3.187,22","3.179,34","3.195,93","3.162,60","","0,29%"
"10.06.2024","3.177,97","3.155,33","3.185,29","3.148,19","","0,70%"
"07.06.2024","3.155,75","3.248,56","3.263,44","3.146,30","","-2,82%"
"06.06.2024","3.247,34","3.224,65","3.256,54","3.221,80","","0,76%"
"05.06.2024","3.222,72","3.182,53","3.231,45","3.180,11","","1,30%"
"04.06.2024","3.181,29","3.203,64","3.209,85","3.168,91","","-0,64%"
"03.06.2024","3.201,82","3.171,61","3.213,36","3.156,69","","0,98%"
"31.05.2024","3.170,63","3.208,46","3.218,40","3.162,37","","-1,13%"
"30.05.2024","3.207,01","3.206,79","3.216,26","3.189,38","","0,01%"
"29.05.2024","3.206,58","3.222,40","3.228,80","3.192,41","","-0,48%"
"28.05.2024","3.221,89","3.204,88","3.223,27","3.188,77","","0,54%"
"27.05.2024","3.204,53","3.190,10","3.216,66","3.186,35","","0,51%"
"24.05.2024","3.188,22","3.197,55","3.215,49","3.183,02","","-0,27%"
"23.05.2024","3.196,80","3.257,68","3.263,15","3.195,11","","-1,83%"
"22.05.2024","3.256,51","3.307,00","3.307,90","3.252,24","","-1,47%"
"21.05.2024","3.305,07","3.305,75","3.320,40","3.281,54","","0,01%"
"20.05.2024","3.304,75","3.287,66","3.333,47","3.282,24","","0,56%"
"17.05.2024","3.286,42","3.236,48","3.297,87","3.234,60","","1,57%"
"16.05.2024","3.235,66","3.245,73","3.260,53","3.228,45","","-0,28%"
"15.05.2024","3.244,83","3.218,36","3.251,03","3.210,89","","0,88%"
"14.05.2024","3.216,67","3.192,71","3.222,31","3.191,10","","0,77%"
"13.05.2024","3.192,10","3.227,31","3.235,24","3.190,84","","-1,06%"
"10.05.2024","3.226,31","3.209,18","3.254,53","3.206,58","","0,55%"
"09.05.2024","3.208,52","3.167,38","3.210,80","3.166,70","","1,33%"
"08.05.2024","3.166,53","3.176,39","3.192,81","3.166,87","","-0,30%"
"07.05.2024","3.176,13","3.174,76","3.184,87","3.160,06","","0,05%"
"06.05.2024","3.174,53","3.151,59","3.185,13","3.138,45","","0,75%"
"03.05.2024","3.150,78","3.149,95","3.161,27","3.107,48","","0,09%"
"02.05.2024","3.148,02","3.186,55","3.194,15","3.135,46","","-1,19%"
"01.05.2024","3.185,80","3.149,33","3.191,58","3.143,99","","1,17%"
"30.04.2024","3.148,82","3.191,01","3.193,28","3.146,80","","-1,28%"
"29.04.2024","3.189,80","3.196,24","3.203,42","3.167,73","","-0,17%"
"26.04.2024","3.195,21","3.184,90","3.211,19","3.177,24","","0,36%"
"25.04.2024","3.183,79","3.173,74","3.213,80","3.157,43","","0,36%"
"24.04.2024","3.172,35","3.172,90","3.205,85","3.162,43","","0,02%"
"23.04.2024","3.171,80","3.188,24","3.198,05","3.142,07","","-0,48%"
"22.04.2024","3.186,96","3.290,26","3.290,26","3.183,46","","-3,10%"
"19.04.2024","3.288,88","3.275,59","3.335,83","3.266,94","","0,44%"
"18.04.2024","3.274,45","3.250,30","3.291,20","3.247,75","","0,79%"
"17.04.2024","3.248,84","3.295,19","3.306,79","3.243,56","","-1,37%"
"16.04.2024","3.294,13","3.285,53","3.315,81","3.260,40","","0,31%"
"15.04.2024","3.283,81","3.228,78","3.292,07","3.197,91","","1,76%"
"12.04.2024","3.227,04","3.247,71","3.343,18","3.217,16","","-0,62%"
"11.04.2024","3.247,02","3.191,63","3.255,06","3.183,05","","1,73%"
"10.04.2024","3.191,77","3.193,75","3.215,73","3.167,70","","0,00%"
"09.04.2024","3.191,76","3.174,65","3.209,52","3.171,47","","0,56%"
"08.04.2024","3.174,13","3.166,14","3.198,27","3.134,01","","0,28%"
"05.04.2024","3.165,20","3.101,78","3.167,16","3.074,45","","2,07%"
"04.04.2024","3.100,98","3.110,52","3.121,30","3.079,61","","-0,28%"
"03.04.2024","3.109,58","3.093,37","3.112,93","3.073,86","","0,55%"
"02.04.2024","3.092,58","3.056,09","3.094,96","3.049,56","","1,22%"
"01.04.2024","3.055,18","3.024,47","3.064,73","3.018,77","","1,10%"
"29.03.2024","3.021,97","3.025,19","3.028,37","3.021,34","","-0,06%"
"28.03.2024","3.023,83","2.977,85","3.027,51","2.971,97","","1,58%"
"27.03.2024","2.976,94","2.959,81","2.987,47","2.955,27","","0,61%"
"26.03.2024","2.958,75","2.950,99","2.984,60","2.943,28","","0,30%"
"25.03.2024","2.949,81","2.945,91","2.961,68","2.941,43","","0,14%"
"22.03.2024","2.945,69","2.951,75","2.959,14","2.934,64","","-0,16%"
"21.03.2024","2.950,49","2.949,68","2.997,35","2.932,24","","0,06%"
"20.03.2024","2.948,85","2.926,71","2.951,73","2.919,76","","0,79%"
"19.03.2024","2.925,70","2.923,36","2.937,96","2.913,88","","0,11%"
"18.03.2024","2.922,61","2.919,01","2.929,90","2.904,36","","0,13%"
"15.03.2024","2.918,82","2.926,02","2.940,62","2.916,84","","-0,23%"
"14.03.2024","2.925,41","2.929,26","2.932,24","2.911,21","","-0,04%"
"13.03.2024","2.926,49","2.911,87","2.935,69","2.908,00","","0,52%"
"12.03.2024","2.911,32","2.943,34","2.945,74","2.902,88","","-1,05%"
"11.03.2024","2.942,12","2.935,63","2.951,04","2.931,95","","0,25%"
"08.03.2024","2.934,85","2.907,41","2.957,38","2.898,35","","1,00%"
"07.03.2024","2.905,89","2.903,18","2.921,71","2.896,84","","0,12%"
"06.03.2024","2.902,49","2.892,40","2.910,27","2.884,83","","0,40%"
"05.03.2024","2.890,91","2.869,83","2.910,11","2.865,29","","0,77%"
"04.03.2024","2.868,84","2.825,11","2.877,07","2.819,97","","1,57%"
"01.03.2024","2.824,45","2.775,65","2.831,17","2.769,99","","1,80%"
"29.02.2024","2.774,42","2.762,79","2.780,57","2.755,68","","0,47%"
"28.02.2024","2.761,47","2.746,54","2.765,79","2.745,43","","0,56%"
"27.02.2024","2.746,04","2.742,79","2.754,05","2.741,59","","0,15%"
"26.02.2024","2.741,97","2.749,04","2.755,41","2.737,67","","-0,26%"
"23.02.2024","2.749,24","2.729,28","2.755,27","2.720,04","","0,76%"
"22.02.2024","2.728,58","2.736,20","2.739,04","2.725,75","","-0,26%"
"21.02.2024","2.735,80","2.737,73","2.747,50","2.729,14","","-0,02%"
"20.02.2024","2.736,47","2.720,68","2.746,51","2.719,37","","0,62%"
"19.02.2024","2.719,64","2.715,61","2.727,34","2.712,20","","0,19%"
"16.02.2024","2.714,47","2.699,57","2.716,65","2.693,94","","0,63%"
"15.02.2024","2.697,37","2.698,14","2.711,97","2.695,47","","0,00%"
"14.02.2024","2.697,42","2.703,54","2.707,08","2.690,10","","-0,19%"
"13.02.2024","2.702,54","2.717,23","2.735,36","2.698,01","","-0,51%"
"12.02.2024","2.716,33","2.725,04","2.731,95","2.705,04","","-0,27%"
"09.02.2024","2.723,71","2.738,85","2.740,44","2.718,44","","-0,48%"
"08.02.2024","2.736,71","2.739,91","2.744,90","2.723,94","","-0,10%"
"07.02.2024","2.739,50","2.747,21","2.754,21","2.734,61","","-0,26%"
"06.02.2024","2.746,61","2.742,11","2.756,32","2.735,64","","0,20%"
"05.02.2024","2.741,16","2.745,44","2.751,01","2.720,55","","-0,10%"
"02.02.2024","2.743,94","2.751,84","2.753,03","2.726,10","","-0,21%"
"01.02.2024","2.749,60","2.741,05","2.765,02","2.730,63","","0,34%"
"31.01.2024","2.740,19","2.729,10","2.750,67","2.727,61","","0,43%"
"30.01.2024","2.728,39","2.727,72","2.749,80","2.721,59","","0,10%"
"29.01.2024","2.725,58","2.716,47","2.739,04","2.714,14","","0,40%"
"26.01.2024","2.714,67","2.723,11","2.727,54","2.710,26","","-0,24%"
"25.01.2024","2.721,23","2.723,63","2.735,36","2.716,25","","-0,06%"
"24.01.2024","2.722,87","2.730,75","2.738,51","2.711,52","","-0,29%"
"23.01.2024","2.730,87","2.725,04","2.742,23","2.721,83","","0,25%"
"22.01.2024","2.724,16","2.727,48","2.728,70","2.709,70","","-0,04%"
"19.01.2024","2.725,17","2.728,40","2.747,14","2.723,63","","-0,09%"
"18.01.2024","2.727,68","2.709,82","2.730,77","2.706,90","","0,69%"
"17.01.2024","2.708,88","2.736,35","2.743,37","2.708,50","","-0,99%"
"16.01.2024","2.736,04","2.759,07","2.765,41","2.730,84","","-0,80%"
"15.01.2024","2.758,15","2.747,44","2.764,71","2.743,36","","0,41%"
"12.01.2024","2.746,92","2.718,74","2.754,67","2.716,35","","1,08%"
"11.01.2024","2.717,53","2.708,46","2.727,03","2.701,33","","0,37%"
"10.01.2024","2.707,56","2.718,60","2.727,87","2.703,35","","-0,37%"
"09.01.2024","2.717,49","2.706,97","2.729,96","2.705,89","","0,43%"
"08.01.2024","2.705,82","2.730,59","2.734,48","2.699,45","","-1,00%"
"05.01.2024","2.733,19","2.727,90","2.747,33","2.719,98","","0,24%"
"04.01.2024","2.726,72","2.726,00","2.734,03","2.721,03","","0,05%"
"03.01.2024","2.725,33","2.743,14","2.753,45","2.712,11","","-0,60%"
"02.01.2024","2.741,78","2.730,76","2.758,93","2.730,35","","0,43%"
"01.01.2024","2.730,04","2.732,62","2.733,96","2.729,83","","-0,07%"
"29.12.2023","2.731,90","2.732,71","2.747,42","2.720,51","","-0,01%"
"28.12.2023","2.732,04","2.745,53","2.757,05","2.731,11","","-0,42%"
"27.12.2023","2.743,68","2.728,83","2.753,68","2.721,10","","0,61%"
"26.12.2023","2.727,14","2.722,05","2.737,62","2.712,61","","0,26%"
"25.12.2023","2.720,19","2.724,10","2.730,78","2.720,61","","-0,17%"
"22.12.2023","2.724,71","2.717,41","2.746,09","2.716,50","","0,30%"
"21.12.2023","2.716,50","2.715,57","2.728,23","2.711,51","","0,11%"
"20.12.2023","2.713,55","2.720,34","2.728,00","2.705,33","","-0,22%"
"19.12.2023","2.719,43","2.715,27","2.730,64","2.706,07","","0,24%"
"18.12.2023","2.712,98","2.697,49","2.723,56","2.697,00","","0,46%"
"15.12.2023","2.700,54","2.730,57","2.738,06","2.695,35","","-1,06%"
"14.12.2023","2.729,45","2.740,49","2.753,15","2.722,63","","-0,40%"
"13.12.2023","2.740,38","2.690,16","2.741,41","2.682,66","","1,89%"
"12.12.2023","2.689,42","2.690,24","2.707,08","2.688,41","","0,00%"
"11.12.2023","2.689,33","2.721,88","2.728,54","2.681,36","","-1,20%"
"08.12.2023","2.722,01","2.758,58","2.763,00","2.714,42","","-1,29%"
"07.12.2023","2.757,62","2.753,22","2.774,05","2.749,13","","0,19%"
"06.12.2023","2.752,31","2.744,81","2.761,42","2.740,89","","0,31%"
"05.12.2023","2.743,80","2.747,43","2.765,46","2.727,32","","-0,09%"
"04.12.2023","2.746,37","2.797,43","2.849,26","2.734,91","","-1,75%"
"01.12.2023","2.795,30","2.762,30","2.801,96","2.751,46","","1,25%"
"30.11.2023","2.760,82","2.777,38","2.781,56","2.757,05","","-0,59%"
"29.11.2023","2.777,31","2.769,53","2.782,45","2.763,53","","0,28%"
"28.11.2023","2.769,63","2.744,91","2.772,34","2.733,86","","0,96%"
"27.11.2023","2.743,38","2.730,27","2.751,93","2.726,39","","0,50%"
"24.11.2023","2.729,69","2.728,39","2.735,39","2.716,54","","0,09%"
"23.11.2023","2.727,16","2.724,50","2.734,39","2.722,37","","0,15%"
"22.11.2023","2.723,14","2.738,14","2.753,03","2.722,44","","-0,51%"
"21.11.2023","2.736,97","2.714,56","2.749,83","2.713,33","","0,85%"
"20.11.2023","2.713,95","2.715,80","2.720,68","2.697,28","","-0,08%"
"17.11.2023","2.716,17","2.726,50","2.739,35","2.714,48","","-0,32%"
"16.11.2023","2.724,78","2.680,58","2.733,43","2.679,49","","1,65%"
"15.11.2023","2.680,49","2.688,26","2.703,90","2.676,28","","-0,26%"
"14.11.2023","2.687,49","2.686,62","2.707,75","2.684,20","","0,06%"
"13.11.2023","2.685,81","2.673,22","2.688,01","2.669,35","","0,50%"
"10.11.2023","2.672,58","2.704,89","2.708,06","2.669,32","","-1,14%"
"09.11.2023","2.703,49","2.690,23","2.707,74","2.680,17","","0,54%"
"08.11.2023","2.688,93","2.711,08","2.713,89","2.687,58","","-0,79%"
"07.11.2023","2.710,24","2.709,38","2.711,77","2.688,17","","0,07%"
"06.11.2023","2.708,43","2.723,69","2.724,49","2.704,59","","-0,47%"
"03.11.2023","2.721,26","2.729,40","2.746,43","2.717,42","","-0,22%"
"02.11.2023","2.727,33","2.747,04","2.752,95","2.725,49","","-0,67%"
"01.11.2023","2.745,85","2.752,66","2.760,94","2.736,21","","-0,21%"
"31.10.2023","2.751,62","2.759,70","2.783,51","2.747,10","","-0,27%"
"30.10.2023","2.758,95","2.783,05","2.785,26","2.755,80","","-0,83%"
"27.10.2023","2.782,11","2.745,03","2.789,14","2.732,39","","1,38%"
"26.10.2023","2.744,33","2.731,40","2.751,50","2.726,54","","0,50%"
"25.10.2023","2.730,57","2.707,94","2.739,36","2.706,22","","0,87%"
"24.10.2023","2.707,11","2.700,45","2.717,13","2.676,00","","0,26%"
"23.10.2023","2.700,14","2.716,73","2.721,74","2.693,03","","-0,61%"
"20.10.2023","2.716,58","2.708,78","2.735,84","2.702,50","","0,34%"
"19.10.2023","2.707,45","2.669,01","2.714,03","2.668,81","","1,46%"
"18.10.2023","2.668,61","2.624,79","2.680,49","2.623,56","","1,70%"
"17.10.2023","2.624,10","2.613,30","2.640,76","2.605,54","","0,45%"
"16.10.2023","2.612,29","2.642,34","2.642,34","2.602,07","","-1,01%"
"13.10.2023","2.639,07","2.556,50","2.641,52","2.555,43","","3,17%"
"12.10.2023","2.557,95","2.547,33","2.563,48","2.546,47","","0,42%"
"11.10.2023","2.547,19","2.527,13","2.555,37","2.525,65","","0,82%"
"10.10.2023","2.526,44","2.529,59","2.532,86","2.519,50","","-0,08%"
"09.10.2023","2.528,44","2.506,82","2.536,43","2.502,60","","1,01%"
"06.10.2023","2.503,11","2.494,92","2.510,69","2.482,23","","0,36%"
"05.10.2023","2.494,04","2.503,65","2.512,80","2.491,66","","-0,36%"
"04.10.2023","2.502,93","2.499,06","2.512,05","2.491,35","","0,18%"
"03.10.2023","2.498,47","2.500,04","2.511,82","2.485,57","","-0,04%"
"02.10.2023","2.499,47","2.508,99","2.509,84","2.490,49","","-0,39%"
"29.09.2023","2.509,27","2.515,40","2.528,08","2.504,74","","-0,20%"
"28.09.2023","2.514,33","2.530,93","2.536,44","2.507,21","","-0,62%"
"27.09.2023","2.530,05","2.569,16","2.571,93","2.530,60","","-1,48%"
"26.09.2023","2.568,11","2.577,98","2.584,77","2.566,33","","-0,30%"
"25.09.2023","2.575,72","2.594,05","2.597,93","2.576,82","","-0,76%"
"22.09.2023","2.595,46","2.588,08","2.599,74","2.583,47","","0,33%"
"21.09.2023","2.586,98","2.598,60","2.605,35","2.582,17","","-0,40%"
"20.09.2023","2.597,39","2.597,00","2.615,04","2.591,40","","0,04%"
"19.09.2023","2.596,38","2.608,38","2.609,78","2.586,41","","-0,42%"
"18.09.2023","2.607,29","2.601,50","2.609,80","2.594,21","","0,26%"
"15.09.2023","2.600,49","2.581,55","2.613,43","2.579,88","","0,77%"
"14.09.2023","2.580,55","2.583,66","2.589,49","2.571,34","","-0,03%"
"13.09.2023","2.581,43","2.593,94","2.595,83","2.582,32","","-0,43%"
"12.09.2023","2.592,45","2.609,05","2.613,64","2.585,43","","-0,60%"
"11.09.2023","2.608,05","2.615,96","2.624,75","2.607,92","","-0,35%"
"08.09.2023","2.617,16","2.627,05","2.635,05","2.613,20","","-0,31%"
"07.09.2023","2.625,25","2.613,55","2.630,88","2.612,55","","0,48%"
"06.09.2023","2.612,73","2.627,49","2.631,52","2.612,46","","-0,53%"
"05.09.2023","2.626,67","2.634,82","2.645,67","2.620,54","","-0,28%"
"04.09.2023","2.634,00","2.638,17","2.645,60","2.632,37","","-0,08%"
"01.09.2023","2.636,13","2.620,31","2.644,32","2.618,54","","0,62%"
"31.08.2023","2.619,88","2.628,61","2.637,50","2.619,86","","-0,30%"
"30.08.2023","2.627,64","2.626,41","2.638,97","2.624,28","","0,11%"
"29.08.2023","2.624,70","2.611,59","2.633,27","2.608,44","","0,59%"
"28.08.2023","2.609,41","2.604,76","2.619,90","2.600,49","","0,20%"
"25.08.2023","2.604,25","2.602,83","2.611,60","2.594,98","","0,07%"
"24.08.2023","2.602,38","2.589,57","2.609,15","2.588,80","","0,55%"
"23.08.2023","2.588,09","2.571,04","2.606,00","2.569,66","","0,69%"
"22.08.2023","2.570,39","2.567,01","2.577,52","2.559,59","","0,21%"
"21.08.2023","2.564,94","2.559,91","2.569,84","2.551,58","","0,25%"
"18.08.2023","2.558,55","2.557,22","2.571,23","2.555,45","","0,08%"
"17.08.2023","2.556,51","2.560,80","2.571,00","2.549,48","","-0,09%"
"16.08.2023","2.558,74","2.567,40","2.576,75","2.559,26","","-0,30%"
"15.08.2023","2.566,46","2.567,32","2.577,64","2.556,30","","0,01%"
"14.08.2023","2.566,10","2.571,30","2.579,07","2.563,50","","-0,20%"
"11.08.2023","2.571,12","2.571,53","2.584,05","2.569,12","","0,00%"
"10.08.2023","2.571,00","2.568,94","2.583,15","2.563,84","","0,12%"
"09.08.2023","2.568,04","2.584,51","2.592,37","2.568,20","","-0,57%"
"08.08.2023","2.582,76","2.589,16","2.604,55","2.581,22","","-0,17%"
"07.08.2023","2.587,10","2.598,11","2.603,86","2.583,39","","-0,41%"
"04.08.2023","2.597,69","2.582,66","2.601,45","2.578,61","","0,63%"
"03.08.2023","2.581,47","2.582,55","2.592,74","2.578,00","","0,00%"
"02.08.2023","2.581,49","2.582,34","2.601,68","2.577,13","","0,02%"
"01.08.2023","2.581,07","2.591,86","2.597,84","2.580,39","","-0,39%"
"31.07.2023","2.591,10","2.592,88","2.599,81","2.581,89","","-0,21%"
"28.07.2023","2.596,53","2.573,20","2.599,01","2.569,03","","1,00%"
"27.07.2023","2.570,94","2.605,22","2.611,04","2.562,86","","-1,27%"
"26.07.2023","2.604,05","2.588,39","2.613,04","2.586,78","","0,65%"
"25.07.2023","2.587,30","2.573,45","2.593,01","2.572,43","","0,60%"
"24.07.2023","2.571,89","2.593,07","2.596,77","2.572,36","","-0,81%"
"21.07.2023","2.592,94","2.595,48","2.600,02","2.582,90","","-0,06%"
"20.07.2023","2.594,41","2.602,06","2.611,76","2.590,17","","-0,25%"
"19.07.2023","2.601,00","2.605,25","2.610,36","2.596,28","","-0,14%"
"18.07.2023","2.604,53","2.581,75","2.616,03","2.578,50","","0,91%"
"17.07.2023","2.581,06","2.583,96","2.591,40","2.567,61","","-0,10%"
"14.07.2023","2.583,63","2.571,41","2.590,83","2.563,18","","0,55%"
"13.07.2023","2.569,55","2.579,94","2.586,51","2.565,92","","-0,40%"
"12.07.2023","2.579,83","2.556,28","2.584,70","2.554,80","","0,95%"
"11.07.2023","2.555,67","2.556,83","2.572,99","2.553,13","","0,00%"
"10.07.2023","2.555,76","2.555,67","2.560,55","2.543,26","","0,03%"
"07.07.2023","2.555,10","2.554,69","2.573,41","2.552,30","","0,05%"
"06.07.2023","2.553,89","2.543,70","2.562,90","2.534,75","","0,43%"
"05.07.2023","2.542,86","2.546,33","2.564,71","2.542,91","","-0,10%"
"04.07.2023","2.545,35","2.546,26","2.555,89","2.543,06","","0,01%"
"03.07.2023","2.545,18","2.542,42","2.555,86","2.532,95","","0,17%"
"30.06.2023","2.540,77","2.528,49","2.544,01","2.520,28","","0,53%"
"29.06.2023","2.527,50","2.528,81","2.535,57","2.514,14","","-0,01%"
"28.06.2023","2.527,83","2.524,68","2.535,95","2.519,49","","0,18%"
"27.06.2023","2.523,25","2.530,07","2.543,73","2.518,12","","-0,16%"
"26.06.2023","2.527,34","2.533,36","2.546,15","2.526,38","","-0,16%"
"23.06.2023","2.531,27","2.516,10","2.558,47","2.514,73","","0,69%"
"22.06.2023","2.513,88","2.544,02","2.546,93","2.514,76","","-1,16%"
"21.06.2023","2.543,41","2.562,73","2.565,02","2.537,12","","-0,72%"
"20.06.2023","2.561,90","2.577,28","2.587,01","2.557,02","","-0,54%"
"19.06.2023","2.575,72","2.585,15","2.587,45","2.569,94","","-0,28%"
"16.06.2023","2.582,84","2.588,47","2.602,11","2.578,48","","-0,20%"
"15.06.2023","2.588,06","2.587,80","2.598,28","2.567,39","","0,03%"
"14.06.2023","2.587,28","2.588,55","2.607,64","2.584,57","","0,00%"
"13.06.2023","2.587,36","2.617,65","2.626,85","2.581,25","","-1,12%"
"12.06.2023","2.616,54","2.616,06","2.623,20","2.602,18","","0,03%"
"09.06.2023","2.615,63","2.628,65","2.633,59","2.609,88","","-0,44%"
"08.06.2023","2.627,16","2.594,03","2.633,80","2.593,28","","1,31%"
"07.06.2023","2.593,10","2.632,06","2.638,22","2.593,42","","-1,42%"
"06.06.2023","2.630,41","2.638,25","2.643,24","2.622,02","","-0,26%"
"05.06.2023","2.637,16","2.616,58","2.639,89","2.603,09","","0,88%"
"02.06.2023","2.614,25","2.660,38","2.664,04","2.614,93","","-1,67%"
"01.06.2023","2.658,69","2.662,66","2.672,61","2.652,80","","-0,13%"
"31.05.2023","2.662,16","2.664,60","2.690,62","2.662,75","","-0,09%"
"30.05.2023","2.664,48","2.641,05","2.670,14","2.627,98","","0,94%"
"29.05.2023","2.639,74","2.647,87","2.653,60","2.638,76","","-0,37%"
"26.05.2023","2.649,45","2.648,16","2.667,57","2.642,20","","0,10%"
"25.05.2023","2.646,93","2.661,05","2.671,71","2.637,50","","-0,47%"
"24.05.2023","2.659,56","2.668,29","2.688,55","2.660,36","","-0,25%"
"23.05.2023","2.666,29","2.663,18","2.672,18","2.642,25","","0,15%"
"22.05.2023","2.662,37","2.669,83","2.675,48","2.658,43","","-0,25%"
"19.05.2023","2.669,08","2.642,25","2.681,43","2.640,27","","1,03%"
"18.05.2023","2.641,77","2.665,46","2.673,80","2.632,48","","-0,88%"
"17.05.2023","2.665,17","2.681,75","2.691,43","2.662,02","","-0,60%"
"16.05.2023","2.681,24","2.714,90","2.722,23","2.673,51","","-1,23%"
"15.05.2023","2.714,76","2.728,17","2.735,69","2.713,16","","-0,34%"
"12.05.2023","2.723,91","2.719,11","2.734,23","2.699,61","","0,20%"
"11.05.2023","2.718,57","2.714,42","2.739,76","2.710,57","","0,17%"
"10.05.2023","2.714,09","2.723,67","2.733,65","2.702,25","","-0,34%"
"09.05.2023","2.723,33","2.705,45","2.727,43","2.700,58","","0,69%"
"08.05.2023","2.704,74","2.699,27","2.711,16","2.689,21","","0,23%"
"05.05.2023","2.698,59","2.776,47","2.778,69","2.689,36","","-2,77%"
"04.05.2023","2.775,48","2.773,98","2.823,21","2.761,86","","0,08%"
"03.05.2023","2.773,18","2.746,80","2.778,22","2.736,25","","0,97%"
"02.05.2023","2.746,41","2.686,40","2.751,47","2.681,77","","2,27%"
"01.05.2023","2.685,51","2.695,40","2.720,29","2.679,47","","-0,38%"
"28.04.2023","2.695,64","2.701,79","2.714,61","2.690,82","","-0,20%"
"27.04.2023","2.701,11","2.711,32","2.731,49","2.689,95","","-0,47%"
"26.04.2023","2.713,87","2.720,73","2.736,78","2.701,77","","-0,18%"
"25.04.2023","2.718,79","2.694,27","2.733,82","2.686,48","","0,93%"
"24.04.2023","2.693,76","2.685,81","2.696,16","2.675,41","","0,34%"
"21.04.2023","2.684,65","2.698,63","2.705,08","2.672,09","","-0,50%"
"20.04.2023","2.698,02","2.684,25","2.711,63","2.680,03","","0,52%"
"19.04.2023","2.683,95","2.685,28","2.688,99","2.647,99","","-0,02%"
"18.04.2023","2.684,58","2.669,81","2.692,70","2.666,88","","0,59%"
"17.04.2023","2.668,81","2.678,03","2.689,79","2.658,70","","-0,31%"
"14.04.2023","2.677,13","2.720,84","2.727,90","2.665,97","","-1,59%"
"13.04.2023","2.720,45","2.708,25","2.739,93","2.704,94","","0,48%"
"12.04.2023","2.707,45","2.700,91","2.726,20","2.695,10","","0,28%"
"11.04.2023","2.700,00","2.689,16","2.711,13","2.686,59","","0,31%"
"10.04.2023","2.691,61","2.715,92","2.717,30","2.682,95","","-0,76%"
"07.04.2023","2.712,23","2.709,21","2.718,89","2.707,29","","0,12%"
"06.04.2023","2.708,96","2.721,19","2.723,73","2.699,56","","-0,42%"
"05.04.2023","2.720,51","2.715,90","2.733,23","2.704,42","","0,21%"
"04.04.2023","2.714,79","2.667,83","2.726,75","2.655,92","","1,83%"
"03.04.2023","2.666,03","2.661,80","2.676,42","2.635,68","","0,20%"
"31.03.2023","2.660,68","2.678,23","2.691,76","2.661,00","","-0,62%"
"30.03.2023","2.677,30","2.661,91","2.685,50","2.655,49","","0,58%"
"29.03.2023","2.661,86","2.684,39","2.686,00","2.660,32","","-0,81%"
"28.03.2023","2.683,60","2.675,56","2.689,70","2.660,87","","0,34%"
"27.03.2023","2.674,48","2.717,50","2.720,20","2.661,61","","-1,61%"
"24.03.2023","2.718,27","2.734,29","2.765,19","2.713,44","","-0,49%"
"23.03.2023","2.731,78","2.705,63","2.747,29","2.687,93","","1,08%"
"22.03.2023","2.702,46","2.660,23","2.710,80","2.651,68","","1,61%"
"21.03.2023","2.659,74","2.703,98","2.716,16","2.655,09","","-1,57%"
"20.03.2023","2.702,17","2.730,15","2.759,06","2.687,00","","-0,97%"
"17.03.2023","2.728,75","2.634,42","2.732,45","2.631,96","","3,61%"
"16.03.2023","2.633,57","2.639,56","2.663,00","2.621,40","","-0,20%"
"15.03.2023","2.638,89","2.603,90","2.674,72","2.583,36","","1,29%"
"14.03.2023","2.605,33","2.626,40","2.630,02","2.590,29","","-0,80%"
"13.03.2023","2.626,33","2.581,73","2.631,75","2.572,29","","1,68%"
"10.03.2023","2.582,91","2.532,46","2.586,95","2.529,07","","2,04%"
"09.03.2023","2.531,29","2.504,90","2.535,31","2.500,64","","1,10%"
"08.03.2023","2.503,72","2.493,89","2.513,32","2.490,71","","0,43%"
"07.03.2023","2.493,00","2.514,06","2.521,04","2.492,13","","-0,84%"
"06.03.2023","2.514,19","2.522,26","2.526,03","2.512,32","","-0,29%"
"03.03.2023","2.521,49","2.495,52","2.523,92","2.494,20","","1,08%"
"02.03.2023","2.494,55","2.495,39","2.504,49","2.491,48","","-0,01%"
"01.03.2023","2.494,70","2.493,79","2.511,67","2.489,77","","0,08%"
"28.02.2023","2.492,63","2.465,51","2.495,41","2.451,56","","1,14%"
"27.02.2023","2.464,54","2.465,27","2.470,98","2.457,73","","0,00%"
"24.02.2023","2.464,55","2.467,80","2.478,74","2.462,48","","-0,08%"
"23.02.2023","2.466,57","2.475,99","2.480,74","2.462,07","","-0,36%"
"22.02.2023","2.475,40","2.485,21","2.495,72","2.472,36","","-0,36%"
"21.02.2023","2.484,33","2.477,48","2.490,04","2.462,28","","0,32%"
"20.02.2023","2.476,52","2.481,73","2.488,23","2.475,00","","-0,14%"
"17.02.2023","2.480,03","2.470,26","2.485,20","2.457,68","","0,45%"
"16.02.2023","2.468,95","2.458,31","2.478,40","2.453,61","","0,49%"
"15.02.2023","2.456,85","2.473,77","2.483,48","2.453,02","","-0,60%"
"14.02.2023","2.471,74","2.471,00","2.488,40","2.465,00","","0,06%"
"13.02.2023","2.470,33","2.488,95","2.495,64","2.467,44","","-0,70%"
"10.02.2023","2.487,79","2.504,39","2.514,87","2.479,61","","-0,61%"
"09.02.2023","2.502,97","2.521,57","2.529,28","2.501,74","","-0,72%"
"08.02.2023","2.521,07","2.509,71","2.525,74","2.505,73","","0,50%"
"07.02.2023","2.508,55","2.512,01","2.528,90","2.502,42","","-0,13%"
"06.02.2023","2.511,91","2.498,32","2.525,21","2.495,71","","0,51%"
"03.02.2023","2.499,05","2.546,68","2.561,71","2.491,95","","-1,85%"
"02.02.2023","2.546,25","2.590,64","2.603,68","2.544,55","","-1,69%"
"01.02.2023","2.590,14","2.565,97","2.597,44","2.557,70","","1,01%"
"31.01.2023","2.564,13","2.574,33","2.584,18","2.557,37","","-0,35%"
"30.01.2023","2.573,06","2.566,75","2.577,39","2.561,03","","0,31%"
"27.01.2023","2.565,08","2.570,92","2.577,39","2.554,76","","-0,16%"
"26.01.2023","2.569,26","2.607,99","2.612,03","2.564,25","","-1,40%"
"25.01.2023","2.605,69","2.589,29","2.607,81","2.566,98","","0,67%"
"24.01.2023","2.588,31","2.578,86","2.595,17","2.569,18","","0,33%"
"23.01.2023","2.579,88","2.579,32","2.587,65","2.561,25","","0,08%"
"20.01.2023","2.577,77","2.601,11","2.605,20","2.576,67","","-0,86%"
"19.01.2023","2.600,19","2.569,92","2.604,41","2.567,33","","1,22%"
"18.01.2023","2.568,92","2.555,31","2.577,78","2.537,35","","0,56%"
"17.01.2023","2.554,74","2.572,13","2.573,66","2.549,22","","-0,65%"
"16.01.2023","2.571,51","2.573,09","2.576,68","2.560,07","","-0,03%"
"13.01.2023","2.572,31","2.531,94","2.575,49","2.531,82","","1,62%"
"12.01.2023","2.531,18","2.518,14","2.541,44","2.510,83","","0,61%"
"11.01.2023","2.515,71","2.516,12","2.533,29","2.507,06","","0,02%"
"10.01.2023","2.515,16","2.505,80","2.522,41","2.502,00","","0,37%"
"09.01.2023","2.505,79","2.508,74","2.521,07","2.498,80","","-0,08%"
"06.01.2023","2.507,86","2.488,42","2.519,40","2.482,88","","0,83%"
"05.01.2023","2.487,22","2.500,92","2.508,99","2.476,69","","-0,52%"
"04.01.2023","2.500,30","2.516,31","2.535,55","2.494,06","","-0,59%"
"03.01.2023","2.515,24","2.475,73","2.520,10","2.474,00","","1,62%"
"02.01.2023","2.475,11","2.472,65","2.478,23","2.466,70","","0,13%"
"30.12.2022","2.471,88","2.458,83","2.473,19","2.452,33","","0,58%"
"29.12.2022","2.457,73","2.457,21","2.467,04","2.451,41","","0,13%"
"28.12.2022","2.454,45","2.452,53","2.457,20","2.433,18","","0,14%"
"27.12.2022","2.450,90","2.442,65","2.472,24","2.435,95","","0,38%"
"26.12.2022","2.441,70","2.447,47","2.448,67","2.441,02","","-0,13%"
"23.12.2022","2.444,83","2.444,83","2.450,70","2.437,66","","0,13%"
"22.12.2022","2.441,67","2.469,35","2.480,58","2.439,61","","-1,09%"
"21.12.2022","2.468,65","2.473,74","2.481,14","2.465,90","","-0,16%"
"20.12.2022","2.472,61","2.440,21","2.483,17","2.434,14","","1,43%"
"19.12.2022","2.437,80","2.451,83","2.455,17","2.436,50","","-0,72%"
"16.12.2022","2.455,51","2.430,36","2.457,44","2.422,59","","1,18%"
"15.12.2022","2.426,96","2.448,89","2.450,67","2.404,43","","-0,85%"
"14.12.2022","2.447,76","2.453,86","2.460,26","2.440,05","","-0,18%"
"13.12.2022","2.452,13","2.429,10","2.470,86","2.420,43","","0,98%"
"12.12.2022","2.428,22","2.450,08","2.454,22","2.423,45","","-0,99%"
"09.12.2022","2.452,39","2.432,72","2.461,70","2.430,13","","0,85%"
"08.12.2022","2.431,62","2.438,67","2.442,91","2.424,71","","-0,26%"
"07.12.2022","2.437,88","2.415,85","2.444,27","2.414,46","","1,00%"
"06.12.2022","2.413,69","2.402,20","2.427,01","2.399,30","","0,46%"
"05.12.2022","2.402,66","2.420,94","2.427,37","2.393,30","","-0,77%"
"02.12.2022","2.421,28","2.422,16","2.424,99","2.398,04","","-0,01%"
"01.12.2022","2.421,47","2.372,49","2.426,39","2.371,05","","2,15%"
"30.11.2022","2.370,52","2.376,03","2.386,85","2.364,46","","-0,22%"
"29.11.2022","2.375,63","2.350,58","2.390,96","2.346,56","","1,11%"
"28.11.2022","2.349,52","2.353,20","2.370,53","2.339,94","","0,01%"
"25.11.2022","2.349,19","2.340,99","2.352,68","2.334,65","","0,37%"
"24.11.2022","2.340,59","2.336,30","2.349,41","2.335,01","","0,23%"
"23.11.2022","2.335,31","2.328,86","2.343,08","2.319,74","","0,36%"
"22.11.2022","2.326,82","2.337,44","2.344,41","2.324,32","","-0,40%"
"21.11.2022","2.336,27","2.342,50","2.347,69","2.332,82","","-0,24%"
"18.11.2022","2.341,85","2.346,29","2.356,75","2.338,38","","-0,17%"
"17.11.2022","2.345,83","2.364,16","2.366,69","2.344,00","","-0,76%"
"16.11.2022","2.363,68","2.362,27","2.369,94","2.350,47","","0,07%"
"15.11.2022","2.361,95","2.356,96","2.378,21","2.349,17","","0,31%"
"14.11.2022","2.354,58","2.347,74","2.360,01","2.330,56","","0,32%"
"11.11.2022","2.347,15","2.338,46","2.350,23","2.332,31","","0,43%"
"10.11.2022","2.337,03","2.308,84","2.345,25","2.304,03","","1,26%"
"09.11.2022","2.307,90","2.300,04","2.311,52","2.291,46","","0,38%"
"08.11.2022","2.299,16","2.261,73","2.305,01","2.249,26","","1,69%"
"07.11.2022","2.261,05","2.277,02","2.277,07","2.255,89","","-0,20%"
"04.11.2022","2.265,48","2.238,22","2.267,65","2.236,21","","1,26%"
"03.11.2022","2.237,24","2.242,36","2.247,89","2.228,47","","-0,21%"
"02.11.2022","2.241,89","2.246,05","2.263,81","2.240,14","","-0,16%"
"01.11.2022","2.245,42","2.225,27","2.250,27","2.220,08","","0,94%"
"31.10.2022","2.224,51","2.236,61","2.243,15","2.222,81","","-0,52%"
"28.10.2022","2.236,04","2.256,08","2.257,66","2.231,74","","-0,82%"
"27.10.2022","2.254,44","2.256,17","2.266,48","2.242,52","","-0,04%"
"26.10.2022","2.255,23","2.248,94","2.276,49","2.247,68","","0,30%"
"25.10.2022","2.248,54","2.260,13","2.265,93","2.247,42","","-0,54%"
"24.10.2022","2.260,68","2.262,46","2.276,22","2.255,88","","0,06%"
"21.10.2022","2.259,39","2.241,11","2.263,65","2.230,71","","0,88%"
"20.10.2022","2.239,64","2.241,95","2.253,44","2.236,17","","-0,09%"
"19.10.2022","2.241,70","2.270,20","2.271,75","2.240,76","","-1,20%"
"18.10.2022","2.268,95","2.262,69","2.278,93","2.261,61","","0,28%"
"17.10.2022","2.262,63","2.278,74","2.297,85","2.259,26","","-0,82%"
"14.10.2022","2.281,28","2.291,58","2.294,75","2.274,79","","-0,42%"
"13.10.2022","2.290,91","2.310,31","2.325,37","2.283,29","","-0,84%"
"12.10.2022","2.310,29","2.296,85","2.315,59","2.292,63","","0,58%"
"11.10.2022","2.297,02","2.297,86","2.312,63","2.296,11","","-0,05%"
"10.10.2022","2.298,19","2.327,27","2.337,11","2.288,16","","-1,23%"
"07.10.2022","2.326,76","2.351,00","2.355,60","2.319,91","","-1,03%"
"06.10.2022","2.351,00","2.335,85","2.358,15","2.333,75","","0,68%"
"05.10.2022","2.335,20","2.331,38","2.340,84","2.313,26","","0,16%"
"04.10.2022","2.331,36","2.314,48","2.344,10","2.308,70","","0,73%"
"03.10.2022","2.314,36","2.293,00","2.319,20","2.278,29","","0,85%"
"30.09.2022","2.294,83","2.270,63","2.299,56","2.269,76","","1,07%"
"29.09.2022","2.270,63","2.256,78","2.279,93","2.247,42","","0,58%"
"28.09.2022","2.257,45","2.234,07","2.266,78","2.225,36","","1,06%"
"27.09.2022","2.233,74","2.227,23","2.247,05","2.225,84","","0,35%"
"26.09.2022","2.225,94","2.232,80","2.254,62","2.213,06","","-0,33%"
"23.09.2022","2.233,34","2.252,72","2.258,75","2.219,51","","-0,86%"
"22.09.2022","2.252,72","2.253,05","2.262,61","2.234,32","","0,01%"
"21.09.2022","2.252,55","2.223,94","2.258,12","2.220,86","","1,25%"
"20.09.2022","2.224,77","2.220,19","2.226,29","2.212,02","","0,21%"
"19.09.2022","2.220,02","2.222,32","2.226,73","2.208,42","","-0,04%"
"16.09.2022","2.220,85","2.201,45","2.229,61","2.195,68","","0,89%"
"15.09.2022","2.201,29","2.234,09","2.235,65","2.191,83","","-1,46%"
"14.09.2022","2.233,92","2.239,58","2.250,10","2.230,50","","-0,29%"
"13.09.2022","2.240,47","2.239,25","2.250,53","2.219,14","","0,05%"
"12.09.2022","2.239,25","2.234,81","2.252,93","2.229,60","","0,16%"
"09.09.2022","2.235,77","2.236,06","2.249,29","2.231,22","","0,01%"
"08.09.2022","2.235,55","2.253,27","2.265,61","2.233,02","","-0,79%"
"07.09.2022","2.253,24","2.237,74","2.257,75","2.229,34","","0,71%"
"06.09.2022","2.237,40","2.245,05","2.261,40","2.231,52","","-0,34%"
"05.09.2022","2.245,05","2.246,78","2.255,73","2.242,76","","-0,13%"
"02.09.2022","2.247,96","2.232,09","2.251,88","2.228,44","","0,70%"
"01.09.2022","2.232,28","2.245,09","2.250,63","2.224,01","","-0,55%"
"31.08.2022","2.244,57","2.256,54","2.261,85","2.239,76","","-0,51%"
"30.08.2022","2.256,00","2.258,73","2.263,34","2.246,32","","-0,16%"
"29.08.2022","2.259,61","2.262,95","2.268,19","2.246,19","","-0,17%"
"26.08.2022","2.263,43","2.272,19","2.276,85","2.252,20","","-0,38%"
"25.08.2022","2.272,03","2.269,76","2.280,02","2.265,70","","0,09%"
"24.08.2022","2.269,94","2.261,75","2.275,62","2.260,36","","0,35%"
"23.08.2022","2.261,93","2.266,47","2.273,71","2.253,54","","-0,21%"
"22.08.2022","2.266,64","2.271,65","2.271,85","2.243,39","","-0,03%"
"19.08.2022","2.267,27","2.276,86","2.282,57","2.266,61","","-0,40%"
"18.08.2022","2.276,33","2.274,43","2.285,37","2.270,77","","0,08%"
"17.08.2022","2.274,61","2.280,36","2.290,51","2.271,52","","-0,24%"
"16.08.2022","2.280,18","2.295,80","2.300,36","2.277,77","","-0,70%"
"15.08.2022","2.296,25","2.300,67","2.305,65","2.286,27","","-0,22%"
"12.08.2022","2.301,40","2.284,14","2.302,29","2.275,52","","0,80%"
"11.08.2022","2.283,07","2.288,43","2.296,05","2.276,72","","-0,25%"
"10.08.2022","2.288,79","2.312,01","2.320,84","2.284,48","","-0,99%"
"09.08.2022","2.311,58","2.299,53","2.316,61","2.292,47","","0,55%"
"08.08.2022","2.299,05","2.293,98","2.302,39","2.286,14","","0,20%"
"05.08.2022","2.294,47","2.303,47","2.309,95","2.286,75","","-0,39%"
"04.08.2022","2.303,47","2.265,69","2.306,48","2.264,18","","1,67%"
"03.08.2022","2.265,69","2.266,87","2.276,42","2.257,89","","-0,05%"
"02.08.2022","2.266,87","2.275,86","2.299,89","2.264,62","","-0,37%"
"01.08.2022","2.275,33","2.261,95","2.275,67","2.249,87","","0,74%"
"29.07.2022","2.258,71","2.247,60","2.265,92","2.243,01","","0,48%"
"28.07.2022","2.247,95","2.223,41","2.257,38","2.221,95","","1,12%"
"27.07.2022","2.223,06","2.211,78","2.231,30","2.202,39","","0,51%"
"26.07.2022","2.211,78","2.208,71","2.218,10","2.205,66","","0,13%"
"25.07.2022","2.208,88","2.229,55","2.234,81","2.202,42","","-0,92%"
"22.07.2022","2.229,33","2.210,20","2.233,04","2.206,63","","0,88%"
"21.07.2022","2.209,86","2.185,50","2.214,42","2.167,95","","1,13%"
"20.07.2022","2.185,16","2.201,50","2.208,99","2.179,25","","-0,73%"
"19.07.2022","2.201,33","2.217,18","2.224,02","2.200,59","","-0,70%"
"18.07.2022","2.216,89","2.222,91","2.236,14","2.206,97","","-0,36%"
"15.07.2022","2.224,79","2.242,14","2.248,04","2.213,66","","-0,77%"
"14.07.2022","2.242,08","2.250,62","2.255,03","2.231,19","","-0,37%"
"13.07.2022","2.250,46","2.246,00","2.260,45","2.226,85","","0,15%"
"12.07.2022","2.247,02","2.254,58","2.269,90","2.240,33","","-0,33%"
"11.07.2022","2.254,46","2.255,31","2.273,51","2.248,71","","-0,06%"
"08.07.2022","2.255,79","2.254,27","2.268,21","2.251,95","","0,05%"
"07.07.2022","2.254,62","2.265,53","2.274,25","2.254,51","","-0,48%"
"06.07.2022","2.265,43","2.299,35","2.310,74","2.259,61","","-1,46%"
"05.07.2022","2.298,96","2.326,34","2.344,03","2.297,83","","-1,18%"
"04.07.2022","2.326,34","2.332,96","2.338,29","2.315,65","","-0,26%"
"01.07.2022","2.332,47","2.325,06","2.337,34","2.306,65","","0,31%"
"30.06.2022","2.325,24","2.342,59","2.354,97","2.322,69","","-0,74%"
"29.06.2022","2.342,64","2.342,74","2.358,82","2.332,94","","0,09%"
"28.06.2022","2.340,65","2.347,76","2.350,59","2.334,81","","-0,24%"
"27.06.2022","2.346,31","2.356,15","2.372,90","2.343,40","","-0,36%"
"24.06.2022","2.354,80","2.368,91","2.378,22","2.351,06","","-0,55%"
"23.06.2022","2.367,79","2.379,55","2.392,49","2.364,41","","-0,44%"
"22.06.2022","2.378,30","2.368,51","2.396,66","2.363,65","","0,47%"
"21.06.2022","2.367,14","2.386,94","2.389,33","2.360,85","","-0,79%"
"20.06.2022","2.385,91","2.398,16","2.401,20","2.383,44","","-0,41%"
"17.06.2022","2.395,77","2.404,75","2.410,97","2.384,82","","-0,36%"
"16.06.2022","2.404,37","2.363,95","2.405,59","2.349,52","","1,77%"
"15.06.2022","2.362,60","2.342,70","2.378,91","2.340,19","","0,96%"
"14.06.2022","2.340,21","2.346,38","2.363,11","2.336,02","","-0,23%"
"13.06.2022","2.345,55","2.392,28","2.402,88","2.340,27","","-1,92%"
"10.06.2022","2.391,49","2.346,56","2.399,79","2.329,00","","1,95%"
"09.06.2022","2.345,70","2.328,63","2.348,23","2.317,43","","0,82%"
"08.06.2022","2.326,72","2.321,40","2.331,47","2.313,63","","0,30%"
"07.06.2022","2.319,81","2.316,36","2.332,35","2.312,44","","0,22%"
"06.06.2022","2.314,80","2.330,68","2.337,01","2.312,69","","-0,68%"
"03.06.2022","2.330,67","2.348,82","2.356,35","2.324,84","","-0,71%"
"02.06.2022","2.347,44","2.337,35","2.360,96","2.335,75","","0,49%"
"01.06.2022","2.336,04","2.323,63","2.342,34","2.310,35","","0,58%"
"31.05.2022","2.322,56","2.349,58","2.353,69","2.320,59","","-1,13%"
"30.05.2022","2.349,04","2.360,17","2.368,15","2.345,75","","-0,37%"
"27.05.2022","2.357,84","2.364,02","2.372,43","2.356,50","","-0,23%"
"26.05.2022","2.363,17","2.375,39","2.377,93","2.358,03","","-0,47%"
"25.05.2022","2.374,35","2.394,27","2.395,98","2.366,64","","-0,72%"
"24.05.2022","2.391,60","2.366,22","2.404,48","2.365,92","","1,12%"
"23.05.2022","2.365,13","2.371,88","2.386,10","2.363,73","","-0,19%"
"20.05.2022","2.369,70","2.362,51","2.372,30","2.346,95","","0,34%"
"19.05.2022","2.361,66","2.341,69","2.369,19","2.323,93","","0,91%"
"18.05.2022","2.340,47","2.325,47","2.346,26","2.316,55","","0,72%"
"17.05.2022","2.323,64","2.342,69","2.355,03","2.323,36","","-0,79%"
"16.05.2022","2.342,04","2.341,66","2.351,27","2.313,00","","0,21%"
"13.05.2022","2.337,24","2.376,78","2.379,28","2.335,27","","-1,63%"
"12.05.2022","2.375,88","2.406,67","2.415,36","2.375,58","","-1,26%"
"11.05.2022","2.406,27","2.394,51","2.411,73","2.385,96","","0,54%"
"10.05.2022","2.393,45","2.411,83","2.425,90","2.389,99","","-0,72%"
"09.05.2022","2.410,72","2.431,15","2.435,85","2.401,67","","-0,79%"
"06.05.2022","2.429,87","2.408,91","2.436,51","2.398,26","","0,93%"
"05.05.2022","2.407,53","2.395,56","2.438,86","2.395,36","","0,55%"
"04.05.2022","2.394,43","2.399,45","2.411,26","2.386,21","","-0,14%"
"03.05.2022","2.397,79","2.400,22","2.414,97","2.381,44","","-0,03%"
"02.05.2022","2.398,59","2.435,63","2.441,46","2.393,01","","-1,62%"
"29.04.2022","2.438,06","2.426,18","2.452,41","2.422,20","","0,52%"
"28.04.2022","2.425,45","2.418,00","2.434,92","2.403,67","","0,34%"
"27.04.2022","2.417,23","2.443,82","2.445,69","2.413,87","","-1,06%"
"26.04.2022","2.443,15","2.416,33","2.446,21","2.412,15","","1,14%"
"25.04.2022","2.415,69","2.453,28","2.460,03","2.411,94","","-1,57%"
"22.04.2022","2.454,29","2.454,69","2.470,15","2.446,20","","0,03%"
"21.04.2022","2.453,64","2.447,30","2.459,58","2.419,86","","0,35%"
"20.04.2022","2.444,99","2.460,08","2.462,13","2.430,49","","-0,61%"
"19.04.2022","2.459,93","2.495,70","2.503,20","2.453,55","","-1,44%"
"18.04.2022","2.495,95","2.490,83","2.521,88","2.485,89","","0,24%"
"15.04.2022","2.490,09","2.487,27","2.491,66","2.485,10","","0,19%"
"14.04.2022","2.485,45","2.486,08","2.492,18","2.467,53","","0,02%"
"13.04.2022","2.485,00","2.486,49","2.508,72","2.479,69","","-0,03%"
"12.04.2022","2.485,73","2.468,18","2.495,47","2.465,39","","0,78%"
"11.04.2022","2.466,52","2.447,39","2.482,54","2.443,91","","0,81%"
"08.04.2022","2.446,78","2.432,04","2.457,00","2.425,58","","0,64%"
"07.04.2022","2.431,28","2.414,59","2.440,57","2.411,57","","0,73%"
"06.04.2022","2.413,58","2.402,22","2.416,75","2.393,49","","0,54%"
"05.04.2022","2.400,73","2.412,52","2.416,48","2.389,82","","-0,49%"
"04.04.2022","2.412,62","2.410,48","2.418,83","2.396,36","","0,15%"
"01.04.2022","2.408,92","2.421,61","2.426,56","2.401,36","","-0,45%"
"31.03.2022","2.419,92","2.412,49","2.433,00","2.402,25","","0,33%"
"30.03.2022","2.411,95","2.399,99","2.423,01","2.392,19","","0,54%"
"29.03.2022","2.399,00","2.407,18","2.415,90","2.363,84","","-0,27%"
"28.03.2022","2.405,44","2.443,99","2.447,14","2.402,39","","-1,50%"
"25.03.2022","2.442,15","2.452,75","2.462,11","2.433,10","","-0,38%"
"24.03.2022","2.451,44","2.441,99","2.466,29","2.436,35","","0,43%"
"23.03.2022","2.440,97","2.415,48","2.449,10","2.409,88","","1,09%"
"22.03.2022","2.414,74","2.438,06","2.443,46","2.405,58","","-0,92%"
"21.03.2022","2.437,17","2.421,80","2.444,50","2.416,77","","0,69%"
"18.03.2022","2.420,58","2.453,42","2.456,65","2.415,16","","-1,29%"
"17.03.2022","2.452,14","2.442,78","2.470,70","2.439,33","","0,44%"
"16.03.2022","2.441,38","2.448,23","2.458,57","2.416,78","","-0,23%"
"15.03.2022","2.447,04","2.501,25","2.506,98","2.442,66","","-2,11%"
"14.03.2022","2.499,89","2.530,54","2.535,68","2.488,68","","-1,18%"
"11.03.2022","2.529,85","2.548,58","2.553,64","2.491,39","","-0,72%"
"10.03.2022","2.548,28","2.551,63","2.575,75","2.525,87","","-0,04%"
"09.03.2022","2.549,26","2.640,83","2.652,68","2.536,07","","-3,43%"
"08.03.2022","2.639,94","2.561,66","2.669,77","2.536,57","","3,11%"
"07.03.2022","2.560,25","2.506,81","2.562,15","2.494,98","","2,17%"
"04.03.2022","2.505,84","2.455,00","2.510,07","2.447,33","","2,10%"
"03.03.2022","2.454,33","2.435,95","2.462,57","2.427,05","","0,81%"
"02.03.2022","2.434,67","2.479,04","2.480,31","2.422,59","","-1,73%"
"01.03.2022","2.477,47","2.419,72","2.483,91","2.409,39","","2,43%"
"28.02.2022","2.418,76","2.409,73","2.461,21","2.394,06","","0,86%"
"25.02.2022","2.398,15","2.439,94","2.461,11","2.395,70","","-1,63%"
"24.02.2022","2.437,86","2.430,28","2.533,61","2.408,36","","0,34%"
"23.02.2022","2.429,71","2.424,28","2.435,42","2.401,09","","0,26%"
"22.02.2022","2.423,42","2.430,53","2.442,72","2.407,80","","-0,29%"
"21.02.2022","2.430,38","2.420,62","2.434,14","2.401,26","","0,45%"
"18.02.2022","2.419,59","2.411,61","2.422,33","2.395,13","","0,37%"
"17.02.2022","2.410,78","2.372,33","2.413,92","2.370,03","","1,71%"
"16.02.2022","2.370,32","2.357,97","2.376,41","2.345,45","","0,59%"
"15.02.2022","2.356,33","2.382,29","2.396,93","2.346,65","","-1,05%"
"14.02.2022","2.381,40","2.371,19","2.389,77","2.356,29","","0,53%"
"11.02.2022","2.368,84","2.323,48","2.378,15","2.318,84","","1,99%"
"10.02.2022","2.322,61","2.322,84","2.331,82","2.314,73","","0,03%"
"09.02.2022","2.322,02","2.321,14","2.327,50","2.316,06","","0,07%"
"08.02.2022","2.320,38","2.306,33","2.324,91","2.303,50","","0,64%"
"07.02.2022","2.305,51","2.307,30","2.313,96","2.300,17","","-0,07%"
"04.02.2022","2.307,09","2.288,03","2.312,10","2.286,96","","0,87%"
"03.02.2022","2.287,12","2.289,08","2.295,35","2.269,14","","-0,05%"
"02.02.2022","2.288,15","2.285,31","2.299,89","2.275,25","","0,17%"
"01.02.2022","2.284,36","2.284,55","2.297,63","2.281,13","","0,07%"
"31.01.2022","2.282,79","2.286,47","2.296,17","2.272,71","","-0,12%"
"28.01.2022","2.285,54","2.290,25","2.292,46","2.272,66","","-0,16%"
"27.01.2022","2.289,11","2.305,18","2.310,08","2.275,98","","-0,65%"
"26.01.2022","2.304,17","2.334,30","2.336,05","2.297,41","","-1,23%"
"25.01.2022","2.332,77","2.329,00","2.345,38","2.317,91","","0,20%"
"24.01.2022","2.328,08","2.307,41","2.335,64","2.302,92","","0,94%"
"21.01.2022","2.306,40","2.300,00","2.311,16","2.289,91","","0,32%"
"20.01.2022","2.299,11","2.302,89","2.306,63","2.291,92","","-0,12%"
"19.01.2022","2.301,88","2.269,72","2.304,47","2.262,00","","1,46%"
"18.01.2022","2.268,79","2.277,34","2.281,17","2.260,42","","-0,37%"
"17.01.2022","2.277,19","2.282,11","2.284,91","2.273,02","","-0,17%"
"14.01.2022","2.281,16","2.282,14","2.289,46","2.270,55","","-0,01%"
"13.01.2022","2.281,35","2.284,52","2.285,85","2.263,25","","-0,10%"
"12.01.2022","2.283,66","2.290,48","2.291,94","2.275,58","","-0,25%"
"11.01.2022","2.289,42","2.284,54","2.293,56","2.277,71","","0,26%"
"10.01.2022","2.283,51","2.271,96","2.286,67","2.264,60","","0,58%"
"07.01.2022","2.270,40","2.280,58","2.282,42","2.264,79","","-0,37%"
"06.01.2022","2.278,92","2.309,18","2.312,77","2.272,99","","-1,26%"
"05.01.2022","2.307,95","2.306,00","2.325,13","2.301,82","","0,15%"
"04.01.2022","2.304,60","2.295,32","2.309,03","2.294,34","","0,46%"
"03.01.2022","2.294,00","2.310,48","2.318,16","2.293,38","","-0,69%"
"31.12.2021","2.309,99","2.312,58","2.323,11","2.298,55","","-0,07%"
"30.12.2021","2.311,63","2.307,95","2.320,82","2.297,49","","0,21%"
"29.12.2021","2.306,81","2.315,68","2.318,34","2.292,26","","-0,38%"
"28.12.2021","2.315,54","2.317,24","2.328,09","2.311,65","","-0,03%"
"27.12.2021","2.316,12","2.316,93","2.322,69","2.311,71","","0,00%"
"24.12.2021","2.316,20","2.316,86","2.343,50","2.305,03","","0,00%"
"23.12.2021","2.316,24","2.314,89","2.324,13","2.306,86","","0,11%"
"22.12.2021","2.313,65","2.310,14","2.320,17","2.304,46","","0,23%"
"21.12.2021","2.308,30","2.317,19","2.328,08","2.307,27","","-0,36%"
"20.12.2021","2.316,56","2.318,41","2.331,85","2.312,99","","-0,04%"
"17.12.2021","2.317,57","2.298,50","2.326,98","2.296,42","","0,88%"
"16.12.2021","2.297,31","2.280,65","2.302,44","2.275,83","","0,83%"
"15.12.2021","2.278,48","2.277,53","2.286,60","2.264,80","","0,10%"
"14.12.2021","2.276,26","2.287,86","2.294,11","2.266,27","","-0,48%"
"13.12.2021","2.287,22","2.268,82","2.293,37","2.266,32","","0,88%"
"10.12.2021","2.267,35","2.256,84","2.272,35","2.248,97","","0,51%"
"09.12.2021","2.255,91","2.256,69","2.265,97","2.249,76","","0,03%"
"08.12.2021","2.255,15","2.255,26","2.267,48","2.244,50","","0,03%"
"07.12.2021","2.254,40","2.268,25","2.274,97","2.246,73","","-0,60%"
"06.12.2021","2.267,93","2.288,60","2.293,00","2.267,16","","-0,99%"
"03.12.2021","2.290,67","2.265,26","2.293,97","2.254,74","","1,14%"
"02.12.2021","2.264,92","2.283,79","2.285,54","2.257,72","","-0,80%"
"01.12.2021","2.283,30","2.267,88","2.286,37","2.262,57","","0,76%"
"30.11.2021","2.266,18","2.273,78","2.310,03","2.262,11","","-0,29%"
"29.11.2021","2.272,71","2.292,58","2.295,32","2.271,69","","-0,80%"
"26.11.2021","2.291,01","2.262,71","2.317,47","2.261,81","","1,32%"
"25.11.2021","2.261,13","2.265,97","2.273,54","2.260,64","","-0,17%"
"24.11.2021","2.265,05","2.266,25","2.279,13","2.256,54","","0,00%"
"23.11.2021","2.265,07","2.292,39","2.301,50","2.264,30","","-1,13%"
"22.11.2021","2.290,96","2.331,44","2.338,61","2.287,34","","-1,75%"
"19.11.2021","2.331,79","2.342,71","2.360,38","2.329,82","","-0,41%"
"18.11.2021","2.341,33","2.355,03","2.360,41","2.339,17","","-0,51%"
"17.11.2021","2.353,34","2.324,17","2.356,55","2.322,45","","1,28%"
"16.11.2021","2.323,71","2.330,89","2.353,00","2.321,53","","-0,28%"
"15.11.2021","2.330,34","2.340,13","2.344,53","2.324,88","","-0,32%"
"12.11.2021","2.337,88","2.342,55","2.346,60","2.322,85","","-0,15%"
"11.11.2021","2.341,45","2.310,07","2.347,39","2.302,61","","1,41%"
"10.11.2021","2.308,83","2.278,36","2.316,19","2.260,78","","1,38%"
"09.11.2021","2.277,39","2.269,57","2.280,95","2.260,58","","0,39%"
"08.11.2021","2.268,60","2.265,26","2.275,70","2.256,68","","0,21%"
"05.11.2021","2.263,75","2.230,76","2.265,80","2.223,98","","1,51%"
"04.11.2021","2.230,13","2.192,69","2.239,52","2.191,47","","1,76%"
"03.11.2021","2.191,48","2.217,70","2.220,03","2.184,71","","-1,19%"
"02.11.2021","2.217,85","2.218,25","2.228,11","2.213,95","","0,02%"
"01.11.2021","2.217,41","2.210,33","2.223,43","2.202,09","","0,41%"
"29.10.2021","2.208,36","2.220,43","2.224,80","2.192,81","","-0,49%"
"28.10.2021","2.219,33","2.220,04","2.237,82","2.212,26","","0,01%"
"27.10.2021","2.219,17","2.221,11","2.235,15","2.196,75","","-0,06%"
"26.10.2021","2.220,52","2.237,93","2.239,92","2.202,26","","-0,76%"
"25.10.2021","2.237,48","2.217,68","2.241,74","2.214,36","","0,93%"
"22.10.2021","2.216,77","2.204,07","2.241,10","2.202,71","","0,60%"
"21.10.2021","2.203,62","2.195,96","2.209,06","2.190,59","","0,40%"
"20.10.2021","2.194,74","2.187,14","2.210,00","2.182,91","","0,39%"
"19.10.2021","2.186,31","2.184,34","2.206,82","2.180,96","","0,15%"
"18.10.2021","2.183,01","2.186,60","2.194,61","2.180,77","","-0,12%"
"15.10.2021","2.185,56","2.221,25","2.223,75","2.183,32","","-1,56%"
"14.10.2021","2.220,17","2.231,06","2.232,76","2.217,34","","-0,45%"
"13.10.2021","2.230,29","2.194,25","2.234,78","2.190,72","","1,70%"
"12.10.2021","2.193,08","2.189,51","2.206,98","2.185,70","","0,21%"
"11.10.2021","2.188,58","2.191,99","2.194,98","2.181,02","","-0,06%"
"08.10.2021","2.189,79","2.202,83","2.226,81","2.188,64","","-0,54%"
"07.10.2021","2.201,76","2.219,14","2.223,85","2.200,22","","-0,74%"
"06.10.2021","2.218,19","2.214,49","2.229,85","2.204,73","","0,21%"
"05.10.2021","2.213,64","2.227,93","2.229,30","2.197,20","","-0,57%"
"04.10.2021","2.226,31","2.227,37","2.233,31","2.198,05","","0,00%"
"01.10.2021","2.226,34","2.228,33","2.238,63","2.216,09","","-0,01%"
"30.09.2021","2.226,62","2.202,32","2.234,82","2.193,46","","1,14%"
"29.09.2021","2.201,58","2.199,93","2.214,91","2.196,51","","0,12%"
"28.09.2021","2.198,92","2.210,11","2.214,13","2.186,91","","-0,47%"
"27.09.2021","2.209,21","2.215,06","2.224,49","2.207,73","","-0,21%"
"24.09.2021","2.213,83","2.205,20","2.230,35","2.204,19","","0,39%"
"23.09.2021","2.205,12","2.258,27","2.261,02","2.200,07","","-2,31%"
"22.09.2021","2.257,21","2.275,42","2.279,20","2.252,35","","-0,70%"
"21.09.2021","2.273,11","2.263,25","2.284,72","2.241,66","","0,52%"
"20.09.2021","2.261,31","2.239,83","2.268,69","2.228,07","","1,01%"
"17.09.2021","2.238,76","2.223,25","2.241,88","2.215,60","","0,74%"
"16.09.2021","2.222,33","2.266,70","2.270,95","2.209,90","","-1,88%"
"15.09.2021","2.264,96","2.290,82","2.293,44","2.262,78","","-1,10%"
"14.09.2021","2.290,15","2.269,14","2.293,25","2.253,36","","0,95%"
"13.09.2021","2.268,56","2.267,84","2.278,31","2.260,41","","0,03%"
"10.09.2021","2.267,94","2.272,61","2.281,52","2.253,38","","-0,16%"
"09.09.2021","2.271,55","2.270,61","2.286,77","2.257,09","","0,10%"
"08.09.2021","2.269,29","2.269,67","2.286,39","2.259,24","","0,06%"
"07.09.2021","2.267,92","2.285,66","2.288,91","2.263,31","","-0,77%"
"06.09.2021","2.285,49","2.288,65","2.293,27","2.281,12","","-0,14%"
"03.09.2021","2.288,68","2.271,33","2.294,48","2.269,26","","0,81%"
"02.09.2021","2.270,21","2.288,97","2.294,00","2.268,48","","-0,78%"
"01.09.2021","2.288,15","2.288,67","2.293,65","2.276,61","","0,07%"
"31.08.2021","2.286,44","2.281,53","2.293,78","2.272,21","","0,28%"
"30.08.2021","2.280,14","2.293,79","2.301,61","2.277,52","","-0,60%"
"27.08.2021","2.293,88","2.274,13","2.295,56","2.266,59","","0,94%"
"26.08.2021","2.272,56","2.254,84","2.274,92","2.245,84","","0,85%"
"25.08.2021","2.253,42","2.269,43","2.272,68","2.250,08","","-0,70%"
"24.08.2021","2.269,28","2.283,09","2.286,26","2.268,43","","-0,58%"
"23.08.2021","2.282,41","2.283,74","2.299,66","2.271,84","","-0,03%"
"20.08.2021","2.283,02","2.283,01","2.310,65","2.280,26","","0,02%"
"19.08.2021","2.282,51","2.262,47","2.285,78","2.252,65","","0,91%"
"18.08.2021","2.261,96","2.255,94","2.264,06","2.245,23","","0,32%"
"17.08.2021","2.254,82","2.247,11","2.267,00","2.245,11","","0,37%"
"16.08.2021","2.246,47","2.227,78","2.250,79","2.221,17","","0,93%"
"13.08.2021","2.225,80","2.195,49","2.228,32","2.192,90","","1,43%"
"12.08.2021","2.194,49","2.190,70","2.201,16","2.180,45","","0,23%"
"11.08.2021","2.189,43","2.165,52","2.194,05","2.159,26","","1,17%"
"10.08.2021","2.164,02","2.174,73","2.186,24","2.153,50","","-0,47%"
"09.08.2021","2.174,16","2.213,12","2.216,87","2.118,51","","-1,77%"
"06.08.2021","2.213,33","2.257,05","2.258,02","2.208,59","","-1,88%"
"05.08.2021","2.255,75","2.273,67","2.274,61","2.246,94","","-0,69%"
"04.08.2021","2.271,43","2.269,81","2.298,43","2.266,04","","0,10%"
"03.08.2021","2.269,06","2.269,16","2.282,03","2.260,27","","0,04%"
"02.08.2021","2.268,12","2.263,80","2.275,59","2.249,93","","0,29%"
"30.07.2021","2.261,55","2.275,41","2.283,01","2.258,77","","-0,56%"
"29.07.2021","2.274,25","2.264,23","2.281,18","2.261,61","","0,49%"
"28.07.2021","2.263,24","2.267,05","2.274,70","2.255,08","","-0,13%"
"27.07.2021","2.266,27","2.255,85","2.270,94","2.250,35","","0,58%"
"26.07.2021","2.253,17","2.264,37","2.278,47","2.251,89","","-0,40%"
"23.07.2021","2.262,29","2.270,73","2.276,36","2.251,68","","-0,31%"
"22.07.2021","2.269,42","2.265,25","2.275,25","2.250,96","","0,30%"
"21.07.2021","2.262,55","2.295,57","2.309,12","2.258,93","","-1,38%"
"20.07.2021","2.294,14","2.312,33","2.331,23","2.291,00","","-0,70%"
"19.07.2021","2.310,31","2.284,79","2.317,85","2.280,83","","1,16%"
"16.07.2021","2.283,73","2.304,06","2.307,83","2.277,85","","-0,82%"
"15.07.2021","2.302,69","2.285,65","2.308,33","2.280,59","","0,80%"
"14.07.2021","2.284,34","2.262,57","2.288,00","2.258,54","","1,04%"
"13.07.2021","2.260,83","2.250,12","2.274,01","2.247,64","","0,57%"
"12.07.2021","2.248,02","2.250,74","2.258,42","2.236,42","","-0,08%"
"09.07.2021","2.249,73","2.259,75","2.268,54","2.244,83","","-0,39%"
"08.07.2021","2.258,59","2.251,08","2.287,11","2.246,88","","0,39%"
"07.07.2021","2.249,90","2.240,17","2.260,75","2.235,28","","0,51%"
"06.07.2021","2.238,39","2.211,53","2.259,73","2.209,00","","1,26%"
"05.07.2021","2.210,49","2.202,15","2.217,77","2.200,09","","0,44%"
"02.07.2021","2.200,90","2.209,67","2.223,84","2.198,16","","-0,35%"
"01.07.2021","2.208,62","2.194,35","2.211,10","2.189,98","","0,70%"
"30.06.2021","2.193,35","2.184,15","2.201,98","2.172,22","","0,47%"
"29.06.2021","2.183,08","2.194,00","2.197,49","2.165,68","","-0,45%"
"28.06.2021","2.193,03","2.190,07","2.200,41","2.179,08","","0,18%"
"25.06.2021","2.189,18","2.188,29","2.200,40","2.183,24","","0,10%"
"24.06.2021","2.187,02","2.189,43","2.199,72","2.181,37","","-0,05%"
"23.06.2021","2.188,10","2.189,18","2.203,50","2.182,00","","-0,01%"
"22.06.2021","2.188,28","2.204,43","2.215,27","2.184,62","","-0,68%"
"21.06.2021","2.203,26","2.199,25","2.225,66","2.194,22","","0,26%"
"18.06.2021","2.197,54","2.191,85","2.222,36","2.189,56","","0,31%"
"17.06.2021","2.190,79","2.224,16","2.240,94","2.180,73","","-1,47%"
"16.06.2021","2.223,50","2.264,39","2.268,25","2.214,82","","-1,79%"
"15.06.2021","2.264,12","2.266,18","2.276,43","2.256,88","","-0,06%"
"14.06.2021","2.265,58","2.281,24","2.284,60","2.242,25","","-0,70%"
"11.06.2021","2.281,60","2.295,71","2.300,15","2.276,99","","-0,60%"
"10.06.2021","2.295,48","2.287,50","2.298,52","2.265,48","","0,40%"
"09.06.2021","2.286,37","2.292,51","2.296,29","2.279,92","","-0,24%"
"08.06.2021","2.291,92","2.294,35","2.299,90","2.277,59","","-0,06%"
"07.06.2021","2.293,32","2.283,34","2.295,93","2.274,50","","0,38%"
"04.06.2021","2.284,74","2.264,08","2.292,83","2.249,96","","0,95%"
"03.06.2021","2.263,15","2.296,50","2.299,41","2.257,20","","-1,42%"
"02.06.2021","2.295,66","2.294,07","2.303,34","2.285,77","","0,11%"
"01.06.2021","2.293,17","2.302,03","2.310,18","2.275,27","","-0,35%"
"31.05.2021","2.301,32","2.297,70","2.307,63","2.294,93","","0,20%"
"28.05.2021","2.296,76","2.288,10","2.302,03","2.280,01","","0,40%"
"27.05.2021","2.287,68","2.298,91","2.307,11","2.277,42","","-0,45%"
"26.05.2021","2.297,92","2.292,27","2.316,24","2.287,96","","0,35%"
"25.05.2021","2.289,96","2.264,54","2.293,60","2.255,09","","1,23%"
"24.05.2021","2.262,24","2.269,03","2.278,08","2.262,76","","-0,32%"
"21.05.2021","2.269,45","2.264,45","2.275,21","2.255,23","","0,27%"
"20.05.2021","2.263,40","2.267,20","2.275,39","2.258,85","","-0,17%"
"19.05.2021","2.267,15","2.256,22","2.285,67","2.237,68","","0,55%"
"18.05.2021","2.254,80","2.252,93","2.257,23","2.243,76","","0,13%"
"17.05.2021","2.251,87","2.229,89","2.256,08","2.229,80","","0,97%"
"14.05.2021","2.230,23","2.220,75","2.234,09","2.214,65","","0,45%"
"13.05.2021","2.220,28","2.202,64","2.226,10","2.195,84","","0,83%"
"12.05.2021","2.201,90","2.223,61","2.224,22","2.198,35","","-0,93%"
"11.05.2021","2.222,57","2.220,95","2.230,14","2.201,02","","0,10%"
"10.05.2021","2.220,27","2.225,98","2.233,94","2.217,03","","-0,01%"
"07.05.2021","2.220,47","2.205,41","2.243,36","2.203,13","","0,73%"
"06.05.2021","2.204,36","2.191,98","2.217,31","2.186,68","","0,62%"
"05.05.2021","2.190,79","2.190,06","2.194,03","2.173,05","","0,08%"
"04.05.2021","2.189,14","2.201,20","2.218,24","2.180,97","","-0,52%"
"03.05.2021","2.200,55","2.174,17","2.208,64","2.169,43","","1,25%"
"30.04.2021","2.173,42","2.176,47","2.182,40","2.166,52","","-0,08%"
"29.04.2021","2.175,07","2.194,27","2.201,86","2.162,10","","-0,82%"
"28.04.2021","2.193,11","2.202,02","2.205,03","2.184,21","","-0,37%"
"27.04.2021","2.201,22","2.208,22","2.215,00","2.199,35","","-0,29%"
"26.04.2021","2.207,56","2.219,52","2.221,87","2.199,26","","-0,42%"
"23.04.2021","2.216,80","2.231,47","2.243,64","2.209,65","","-0,57%"
"22.04.2021","2.229,50","2.241,51","2.247,11","2.220,02","","-0,49%"
"21.04.2021","2.240,47","2.243,02","2.272,65","2.231,27","","-0,07%"
"20.04.2021","2.242,01","2.220,33","2.244,86","2.204,48","","1,01%"
"19.04.2021","2.219,67","2.219,79","2.234,97","2.206,45","","-0,05%"
"16.04.2021","2.220,70","2.211,07","2.231,09","2.204,29","","0,45%"
"15.04.2021","2.210,79","2.174,11","2.220,98","2.171,02","","1,72%"
"14.04.2021","2.173,37","2.187,79","2.196,26","2.169,74","","-0,61%"
"13.04.2021","2.186,78","2.177,00","2.197,89","2.167,37","","0,49%"
"12.04.2021","2.176,14","2.186,05","2.188,98","2.169,19","","-0,36%"
"09.04.2021","2.184,09","2.206,81","2.209,06","2.173,76","","-0,94%"
"08.04.2021","2.204,87","2.190,65","2.215,04","2.187,86","","0,68%"
"07.04.2021","2.190,08","2.191,88","2.199,14","2.181,23","","0,01%"
"06.04.2021","2.189,84","2.164,21","2.195,35","2.161,41","","1,25%"
"05.04.2021","2.162,87","2.174,81","2.176,74","2.157,72","","-0,53%"
"02.04.2021","2.174,36","2.170,81","2.175,85","2.165,78","","0,25%"
"01.04.2021","2.169,02","2.145,15","2.175,00","2.141,82","","1,17%"
"31.03.2021","2.143,98","2.128,91","2.156,69","2.117,73","","0,74%"
"30.03.2021","2.128,18","2.155,86","2.159,32","2.119,50","","-1,21%"
"29.03.2021","2.154,17","2.178,53","2.183,25","2.148,38","","-1,08%"
"26.03.2021","2.177,68","2.178,10","2.185,67","2.166,42","","0,01%"
"25.03.2021","2.177,57","2.181,18","2.197,27","2.170,29","","-0,15%"
"24.03.2021","2.180,74","2.173,43","2.185,14","2.169,12","","0,35%"
"23.03.2021","2.173,09","2.176,86","2.192,61","2.161,54","","-0,16%"
"22.03.2021","2.176,55","2.181,92","2.189,11","2.159,21","","-0,17%"
"19.03.2021","2.180,21","2.168,66","2.184,04","2.159,87","","0,59%"
"18.03.2021","2.167,46","2.164,73","2.175,26","2.139,92","","0,19%"
"17.03.2021","2.163,29","2.155,64","2.176,25","2.150,60","","0,43%"
"16.03.2021","2.153,96","2.159,70","2.170,97","2.150,29","","-0,22%"
"15.03.2021","2.158,77","2.153,68","2.166,74","2.148,55","","0,27%"
"12.03.2021","2.153,00","2.158,77","2.165,45","2.130,79","","-0,20%"
"11.03.2021","2.157,24","2.178,98","2.190,78","2.156,73","","-0,94%"
"10.03.2021","2.177,73","2.168,51","2.180,75","2.160,86","","0,47%"
"09.03.2021","2.167,53","2.131,70","2.175,09","2.129,52","","1,74%"
"08.03.2021","2.130,38","2.154,11","2.166,57","2.123,49","","-1,02%"
"05.03.2021","2.152,44","2.149,82","2.161,57","2.140,84","","0,18%"
"04.03.2021","2.148,55","2.165,40","2.178,38","2.145,15","","-0,74%"
"03.03.2021","2.164,47","2.195,92","2.200,54","2.151,63","","-1,39%"
"02.03.2021","2.195,04","2.181,45","2.198,72","2.164,65","","0,66%"
"01.03.2021","2.180,64","2.206,03","2.231,92","2.175,59","","-1,25%"
"26.02.2021","2.208,29","2.231,07","2.238,74","2.180,39","","-0,97%"
"25.02.2021","2.229,87","2.258,69","2.260,72","2.213,38","","-1,23%"
"24.02.2021","2.257,61","2.272,46","2.280,45","2.242,89","","-0,63%"
"23.02.2021","2.271,94","2.282,79","2.287,14","2.269,34","","-0,45%"
"22.02.2021","2.282,18","2.250,29","2.285,84","2.244,29","","1,54%"
"19.02.2021","2.247,49","2.251,47","2.260,89","2.231,11","","-0,12%"
"18.02.2021","2.250,28","2.256,07","2.270,90","2.247,57","","-0,21%"
"17.02.2021","2.255,10","2.277,16","2.280,09","2.248,93","","-0,93%"
"16.02.2021","2.276,16","2.299,97","2.308,68","2.269,00","","-0,96%"
"15.02.2021","2.298,24","2.315,19","2.317,49","2.295,27","","-0,71%"
"12.02.2021","2.314,70","2.319,57","2.326,75","2.306,98","","-0,16%"
"11.02.2021","2.318,44","2.340,94","2.342,77","2.312,56","","-0,94%"
"10.02.2021","2.340,39","2.333,71","2.354,95","2.326,48","","0,35%"
"09.02.2021","2.332,15","2.332,17","2.355,05","2.329,22","","0,03%"
"08.02.2021","2.331,39","2.313,32","2.347,26","2.308,32","","0,93%"
"05.02.2021","2.309,99","2.301,33","2.319,73","2.295,54","","0,44%"
"04.02.2021","2.299,89","2.344,21","2.346,48","2.288,52","","-1,86%"
"03.02.2021","2.343,37","2.348,95","2.356,54","2.340,14","","-0,19%"
"02.02.2021","2.347,80","2.391,22","2.391,90","2.345,07","","-1,77%"
"01.02.2021","2.390,05","2.359,26","2.396,88","2.359,26","","1,33%"
"29.01.2021","2.358,75","2.364,52","2.393,50","2.354,81","","-0,20%"
"28.01.2021","2.363,42","2.359,97","2.388,82","2.349,12","","0,17%"
"27.01.2021","2.359,43","2.348,87","2.365,23","2.341,08","","0,46%"
"26.01.2021","2.348,54","2.364,24","2.374,48","2.347,42","","-0,63%"
"25.01.2021","2.363,48","2.357,72","2.375,83","2.347,40","","0,18%"
"22.01.2021","2.359,22","2.362,74","2.365,72","2.334,59","","-0,08%"
"21.01.2021","2.361,22","2.365,45","2.367,00","2.343,96","","-0,10%"
"20.01.2021","2.363,47","2.344,09","2.367,15","2.329,08","","0,88%"
"19.01.2021","2.342,85","2.344,32","2.351,18","2.332,79","","0,00%"
"18.01.2021","2.342,77","2.326,50","2.353,17","2.311,42","","0,74%"
"15.01.2021","2.325,61","2.332,69","2.357,31","2.322,59","","-0,28%"
"14.01.2021","2.332,17","2.343,26","2.350,36","2.327,33","","-0,41%"
"13.01.2021","2.341,70","2.357,70","2.369,74","2.341,23","","-0,63%"
"12.01.2021","2.356,43","2.356,18","2.376,35","2.341,51","","0,04%"
"11.01.2021","2.355,54","2.346,18","2.371,85","2.314,22","","0,48%"
"08.01.2021","2.344,21","2.428,82","2.432,77","2.328,81","","-3,40%"
"07.01.2021","2.426,79","2.432,37","2.444,90","2.424,46","","-0,15%"
"06.01.2021","2.430,48","2.471,14","2.480,15","2.410,59","","-1,57%"
"05.01.2021","2.469,17","2.482,82","2.493,32","2.467,66","","-0,50%"
"04.01.2021","2.481,60","2.415,97","2.485,97","2.414,64","","2,73%"
"01.01.2021","2.415,71","2.416,74","2.418,82","2.415,14","","-0,02%"
"31.12.2020","2.416,27","2.417,66","2.422,07","2.401,94","","0,00%"
"30.12.2020","2.416,22","2.408,60","2.417,85","2.396,73","","0,38%"
"29.12.2020","2.406,97","2.406,81","2.417,85","2.397,92","","0,11%"
"28.12.2020","2.404,26","2.415,32","2.441,15","2.401,38","","-0,40%"
"25.12.2020","2.414,00","2.416,83","2.416,92","2.412,42","","-0,03%"
"24.12.2020","2.414,75","2.405,95","2.418,72","2.399,90","","0,40%"
"23.12.2020","2.405,13","2.401,39","2.415,02","2.391,82","","0,20%"
"22.12.2020","2.400,30","2.412,69","2.427,00","2.398,82","","-0,48%"
"21.12.2020","2.411,85","2.404,35","2.449,55","2.399,59","","0,32%"
"18.12.2020","2.404,05","2.398,56","2.411,31","2.391,43","","0,27%"
"17.12.2020","2.397,65","2.377,05","2.408,78","2.371,05","","0,93%"
"16.12.2020","2.375,48","2.353,76","2.379,09","2.350,52","","0,96%"
"15.12.2020","2.352,87","2.332,54","2.364,18","2.327,38","","0,94%"
"14.12.2020","2.330,96","2.349,67","2.397,32","2.318,35","","-0,74%"
"11.12.2020","2.348,25","2.340,50","2.358,43","2.330,72","","0,41%"
"10.12.2020","2.338,76","2.358,54","2.360,90","2.328,69","","-0,76%"
"09.12.2020","2.356,74","2.397,48","2.398,75","2.341,76","","-1,62%"
"08.12.2020","2.395,45","2.383,63","2.402,32","2.378,77","","0,53%"
"07.12.2020","2.382,73","2.348,96","2.393,70","2.336,52","","1,46%"
"04.12.2020","2.348,47","2.369,08","2.372,52","2.341,68","","-0,78%"
"03.12.2020","2.366,93","2.365,62","2.383,43","2.347,88","","0,13%"
"02.12.2020","2.363,93","2.347,76","2.370,99","2.338,81","","0,73%"
"01.12.2020","2.346,76","2.310,65","2.353,40","2.305,27","","1,61%"
"30.11.2020","2.309,57","2.323,98","2.326,30","2.287,10","","-0,57%"
"27.11.2020","2.322,78","2.357,10","2.362,16","2.302,82","","-1,41%"
"26.11.2020","2.356,09","2.351,09","2.364,44","2.348,52","","0,29%"
"25.11.2020","2.349,35","2.349,29","2.365,18","2.341,76","","0,05%"
"24.11.2020","2.348,28","2.403,99","2.406,68","2.344,42","","-2,27%"
"23.11.2020","2.402,92","2.449,34","2.453,73","2.398,04","","-1,91%"
"20.11.2020","2.449,59","2.439,75","2.454,53","2.432,47","","0,45%"
"19.11.2020","2.438,64","2.449,55","2.452,79","2.428,55","","-0,40%"
"18.11.2020","2.448,51","2.463,50","2.469,32","2.437,75","","-0,56%"
"17.11.2020","2.462,33","2.470,07","2.482,40","2.458,94","","-0,25%"
"16.11.2020","2.468,52","2.481,23","2.489,86","2.441,21","","-0,43%"
"13.11.2020","2.479,19","2.467,01","2.494,46","2.461,29","","0,55%"
"12.11.2020","2.465,52","2.436,07","2.472,78","2.433,33","","1,23%"
"11.11.2020","2.435,66","2.446,36","2.456,61","2.423,86","","-0,36%"
"10.11.2020","2.444,50","2.422,97","2.461,26","2.419,07","","0,93%"
"09.11.2020","2.421,94","2.549,56","2.557,16","2.401,49","","-4,94%"
"06.11.2020","2.547,70","2.544,03","2.559,84","2.532,74","","0,23%"
"05.11.2020","2.541,94","2.500,93","2.549,41","2.496,99","","1,67%"
"04.11.2020","2.500,23","2.507,80","2.518,85","2.481,95","","-0,24%"
"03.11.2020","2.506,37","2.505,48","2.516,29","2.493,27","","0,07%"
"02.11.2020","2.504,62","2.502,01","2.516,42","2.500,45","","0,12%"
"30.10.2020","2.501,59","2.488,94","2.513,70","2.482,30","","0,55%"
"29.10.2020","2.487,92","2.500,77","2.506,79","2.485,75","","-0,45%"
"28.10.2020","2.499,11","2.515,54","2.519,36","2.488,15","","-0,62%"
"27.10.2020","2.514,66","2.512,48","2.518,99","2.502,04","","0,12%"
"26.10.2020","2.511,71","2.498,47","2.519,21","2.488,18","","0,69%"
"23.10.2020","2.494,42","2.500,63","2.512,51","2.489,95","","-0,21%"
"22.10.2020","2.499,74","2.530,27","2.531,54","2.491,14","","-1,16%"
"21.10.2020","2.529,17","2.503,39","2.532,05","2.501,97","","1,06%"
"20.10.2020","2.502,53","2.512,38","2.515,03","2.497,66","","-0,36%"
"19.10.2020","2.511,48","2.505,65","2.527,47","2.499,46","","0,31%"
"16.10.2020","2.503,69","2.523,49","2.527,20","2.501,39","","-0,74%"
"15.10.2020","2.522,38","2.499,11","2.525,95","2.488,47","","0,93%"
"14.10.2020","2.499,07","2.484,73","2.512,49","2.475,80","","0,61%"
"13.10.2020","2.484,02","2.520,97","2.525,34","2.477,85","","-1,40%"
"12.10.2020","2.519,27","2.534,66","2.538,15","2.516,30","","-0,44%"
"09.10.2020","2.530,45","2.499,15","2.536,52","2.497,32","","1,29%"
"08.10.2020","2.498,13","2.501,61","2.517,00","2.484,06","","-0,09%"
"07.10.2020","2.500,43","2.499,90","2.523,94","2.495,06","","0,09%"
"06.10.2020","2.498,19","2.538,58","2.548,38","2.496,09","","-1,55%"
"05.10.2020","2.537,47","2.526,98","2.545,37","2.505,79","","0,44%"
"02.10.2020","2.526,38","2.532,88","2.553,15","2.515,86","","-0,21%"
"01.10.2020","2.531,79","2.512,26","2.542,58","2.507,93","","0,84%"
"30.09.2020","2.510,82","2.540,50","2.542,94","2.509,60","","-1,14%"
"29.09.2020","2.539,89","2.516,31","2.544,65","2.509,58","","1,02%"
"28.09.2020","2.514,24","2.491,20","2.519,56","2.476,56","","0,94%"
"25.09.2020","2.490,81","2.495,51","2.503,52","2.480,61","","-0,16%"
"24.09.2020","2.494,89","2.494,58","2.503,60","2.476,74","","0,05%"
"23.09.2020","2.493,55","2.527,84","2.535,52","2.482,16","","-1,29%"
"22.09.2020","2.526,18","2.545,01","2.553,79","2.525,73","","-0,70%"
"21.09.2020","2.543,96","2.572,77","2.579,46","2.505,38","","-1,18%"
"18.09.2020","2.574,41","2.560,26","2.583,18","2.555,54","","0,60%"
"17.09.2020","2.559,07","2.582,42","2.588,19","2.555,77","","-0,86%"
"16.09.2020","2.581,33","2.576,75","2.601,63","2.571,86","","0,24%"
"15.09.2020","2.575,14","2.577,96","2.592,79","2.566,68","","-0,07%"
"14.09.2020","2.576,94","2.561,57","2.586,30","2.554,64","","0,84%"
"11.09.2020","2.555,35","2.567,72","2.582,93","2.552,50","","-0,45%"
"10.09.2020","2.566,84","2.559,05","2.583,67","2.552,43","","0,38%"
"09.09.2020","2.557,23","2.556,76","2.572,56","2.540,80","","0,06%"
"08.09.2020","2.555,72","2.527,03","2.561,78","2.512,49","","1,18%"
"07.09.2020","2.525,99","2.523,15","2.538,61","2.519,51","","0,04%"
"04.09.2020","2.525,05","2.534,29","2.546,98","2.510,83","","-0,33%"
"03.09.2020","2.533,31","2.534,06","2.550,30","2.522,93","","0,00%"
"02.09.2020","2.533,27","2.574,18","2.578,53","2.525,06","","-1,55%"
"01.09.2020","2.573,20","2.566,44","2.597,18","2.563,08","","0,26%"
"31.08.2020","2.566,45","2.574,41","2.586,78","2.555,90","","-0,25%"
"28.08.2020","2.572,92","2.533,36","2.587,02","2.525,44","","1,62%"
"27.08.2020","2.531,86","2.567,83","2.590,94","2.511,56","","-1,34%"
"26.08.2020","2.566,30","2.539,42","2.570,92","2.510,26","","1,07%"
"25.08.2020","2.539,10","2.549,44","2.563,17","2.525,86","","-0,37%"
"24.08.2020","2.548,46","2.558,11","2.579,89","2.542,42","","-0,26%"
"21.08.2020","2.555,19","2.567,29","2.575,56","2.527,97","","-0,40%"
"20.08.2020","2.565,52","2.549,22","2.583,67","2.542,32","","0,67%"
"19.08.2020","2.548,36","2.636,65","2.642,08","2.545,12","","-3,29%"
"18.08.2020","2.635,08","2.623,71","2.654,42","2.608,96","","0,47%"
"17.08.2020","2.622,71","2.577,54","2.627,28","2.558,93","","1,72%"
"14.08.2020","2.578,47","2.582,20","2.595,21","2.560,00","","-0,11%"
"13.08.2020","2.581,32","2.538,82","2.599,92","2.533,88","","1,71%"
"12.08.2020","2.537,95","2.543,19","2.594,95","2.488,01","","-0,17%"
"11.08.2020","2.542,31","2.706,93","2.714,91","2.531,03","","-6,05%"
"10.08.2020","2.706,07","2.722,46","2.735,90","2.696,32","","-0,62%"
"07.08.2020","2.722,92","2.744,99","2.763,25","2.698,50","","-0,78%"
"06.08.2020","2.744,28","2.703,56","2.750,78","2.698,84","","1,54%"
"05.08.2020","2.702,73","2.689,69","2.721,36","2.672,47","","0,53%"
"04.08.2020","2.688,57","2.647,44","2.692,79","2.635,74","","1,59%"
"03.08.2020","2.646,47","2.647,90","2.660,86","2.630,52","","-0,10%"
"31.07.2020","2.649,07","2.625,68","2.657,52","2.623,56","","0,91%"
"30.07.2020","2.625,23","2.629,32","2.633,21","2.605,12","","-0,10%"
"29.07.2020","2.627,96","2.620,89","2.642,08","2.596,04","","0,31%"
"28.07.2020","2.619,94","2.594,21","2.641,63","2.553,75","","1,03%"
"27.07.2020","2.593,25","2.553,47","2.604,82","2.548,81","","1,72%"
"24.07.2020","2.549,40","2.531,23","2.559,76","2.521,86","","0,77%"
"23.07.2020","2.529,91","2.511,17","2.539,55","2.498,29","","0,77%"
"22.07.2020","2.510,67","2.478,78","2.512,50","2.474,84","","1,34%"
"21.07.2020","2.477,57","2.460,40","2.479,50","2.453,78","","0,74%"
"20.07.2020","2.459,26","2.457,48","2.466,52","2.453,39","","0,09%"
"17.07.2020","2.456,97","2.439,61","2.460,85","2.435,85","","0,77%"
"16.07.2020","2.438,16","2.446,30","2.450,74","2.433,05","","-0,27%"
"15.07.2020","2.444,87","2.463,33","2.464,56","2.442,10","","-0,72%"
"14.07.2020","2.462,53","2.453,24","2.466,10","2.441,38","","0,41%"
"13.07.2020","2.452,54","2.445,33","2.459,96","2.386,22","","0,35%"
"10.07.2020","2.444,09","2.450,13","2.463,65","2.441,10","","-0,23%"
"09.07.2020","2.449,69","2.444,41","2.458,22","2.436,97","","0,25%"
"08.07.2020","2.443,54","2.442,17","2.463,12","2.436,72","","0,13%"
"07.07.2020","2.440,44","2.415,69","2.446,52","2.405,63","","1,05%"
"06.07.2020","2.415,08","2.405,19","2.420,64","2.396,98","","0,46%"
"03.07.2020","2.403,95","2.408,71","2.412,60","2.402,83","","-0,15%"
"02.07.2020","2.407,68","2.404,98","2.421,73","2.386,38","","0,13%"
"01.07.2020","2.404,58","2.417,74","2.427,34","2.388,65","","-0,48%"
"30.06.2020","2.416,12","2.420,93","2.431,25","2.414,54","","-0,12%"
"29.06.2020","2.419,07","2.422,31","2.432,02","2.413,00","","-0,19%"
"26.06.2020","2.423,65","2.404,75","2.425,36","2.393,30","","0,81%"
"25.06.2020","2.404,28","2.403,05","2.414,66","2.395,56","","0,13%"
"24.06.2020","2.401,25","2.396,36","2.418,08","2.391,18","","0,31%"
"23.06.2020","2.393,83","2.373,66","2.401,30","2.362,26","","0,92%"
"22.06.2020","2.372,11","2.371,31","2.392,90","2.367,00","","0,06%"
"19.06.2020","2.370,79","2.343,25","2.374,43","2.339,85","","1,25%"
"18.06.2020","2.341,46","2.342,70","2.352,03","2.329,73","","0,00%"
"17.06.2020","2.341,38","2.337,96","2.349,28","2.318,21","","0,17%"
"16.06.2020","2.337,36","2.341,33","2.355,42","2.322,42","","-0,08%"
"15.06.2020","2.339,28","2.352,67","2.364,36","2.321,47","","-0,44%"
"12.06.2020","2.349,54","2.353,79","2.368,65","2.342,24","","-0,14%"
"11.06.2020","2.352,82","2.332,26","2.364,61","2.320,18","","0,93%"
"10.06.2020","2.331,19","2.300,25","2.332,56","2.287,47","","1,41%"
"09.06.2020","2.298,77","2.273,73","2.313,43","2.267,34","","1,19%"
"08.06.2020","2.271,76","2.263,40","2.277,83","2.248,58","","0,42%"
"05.06.2020","2.262,25","2.314,46","2.319,76","2.242,59","","-2,19%"
"04.06.2020","2.313,00","2.292,24","2.325,24","2.290,01","","0,97%"
"03.06.2020","2.290,88","2.335,50","2.344,69","2.281,59","","-1,87%"
"02.06.2020","2.334,53","2.361,44","2.367,75","2.324,41","","-1,10%"
"01.06.2020","2.360,48","2.381,95","2.400,07","2.354,20","","-0,88%"
"29.05.2020","2.381,37","2.364,75","2.401,08","2.361,65","","0,73%"
"28.05.2020","2.364,20","2.350,27","2.380,53","2.347,32","","0,62%"
"27.05.2020","2.349,74","2.356,76","2.367,11","2.331,41","","-0,28%"
"26.05.2020","2.356,37","2.418,80","2.423,00","2.351,45","","-2,55%"
"25.05.2020","2.418,10","2.430,15","2.431,46","2.408,29","","-0,37%"
"22.05.2020","2.427,02","2.411,14","2.441,77","2.405,06","","0,74%"
"21.05.2020","2.409,22","2.430,09","2.437,17","2.391,00","","-0,78%"
"20.05.2020","2.428,23","2.432,32","2.444,74","2.419,67","","-0,10%"
"19.05.2020","2.430,72","2.414,35","2.438,14","2.401,48","","0,73%"
"18.05.2020","2.413,20","2.457,80","2.487,60","2.402,49","","-1,77%"
"15.05.2020","2.456,74","2.431,52","2.472,54","2.426,81","","1,10%"
"14.05.2020","2.430,01","2.420,66","2.449,52","2.412,30","","0,47%"
"13.05.2020","2.418,67","2.396,99","2.423,58","2.384,62","","0,95%"
"12.05.2020","2.395,90","2.376,57","2.398,50","2.375,13","","0,86%"
"11.05.2020","2.375,47","2.372,99","2.392,13","2.368,32","","0,28%"
"08.05.2020","2.368,90","2.398,16","2.405,76","2.368,92","","-1,16%"
"07.05.2020","2.396,62","2.384,54","2.410,91","2.375,33","","0,59%"
"06.05.2020","2.382,51","2.396,18","2.404,02","2.375,99","","-0,52%"
"05.05.2020","2.394,98","2.396,19","2.406,27","2.375,55","","-0,03%"
"04.05.2020","2.395,66","2.374,25","2.414,38","2.374,25","","0,11%"
"01.05.2020","2.393,03","2.352,61","2.401,34","2.340,71","","1,82%"
"30.04.2020","2.350,24","2.377,39","2.391,60","2.339,32","","-1,10%"
"29.04.2020","2.376,29","2.391,92","2.393,60","2.361,33","","-0,55%"
"28.04.2020","2.389,34","2.406,04","2.409,07","2.363,72","","-0,64%"
"27.04.2020","2.404,82","2.439,88","2.439,88","2.399,37","","-1,30%"
"24.04.2020","2.436,38","2.436,75","2.444,50","2.410,89","","0,07%"
"23.04.2020","2.434,60","2.428,77","2.450,24","2.417,94","","0,33%"
"22.04.2020","2.426,68","2.396,25","2.439,07","2.380,97","","1,33%"
"21.04.2020","2.394,81","2.399,63","2.411,57","2.363,30","","-0,13%"
"20.04.2020","2.397,85","2.384,16","2.401,03","2.348,77","","1,71%"
"17.04.2020","2.357,53","2.418,90","2.421,69","2.354,58","","-2,44%"
"16.04.2020","2.416,61","2.423,14","2.452,89","2.413,66","","-0,19%"
"15.04.2020","2.421,09","2.398,42","2.433,41","2.385,75","","1,03%"
"14.04.2020","2.396,51","2.381,65","2.427,80","2.372,82","","0,65%"
"13.04.2020","2.380,95","2.355,89","2.393,28","2.338,98","","1,04%"
"10.04.2020","2.356,35","2.353,18","2.369,80","2.343,10","","0,19%"
"09.04.2020","2.351,98","2.306,00","2.363,74","2.302,96","","2,06%"
"08.04.2020","2.304,60","2.306,46","2.327,67","2.298,88","","0,02%"
"07.04.2020","2.304,12","2.344,70","2.364,06","2.294,29","","-1,65%"
"06.04.2020","2.342,74","2.297,31","2.356,70","2.276,76","","2,00%"
"03.04.2020","2.296,88","2.281,43","2.301,15","2.265,96","","0,76%"
"02.04.2020","2.279,64","2.258,07","2.300,57","2.229,39","","1,04%"
"01.04.2020","2.256,14","2.218,15","2.277,68","2.202,98","","2,13%"
"31.03.2020","2.209,16","2.298,96","2.318,95","2.204,46","","-3,83%"
"30.03.2020","2.297,15","2.271,60","2.306,96","2.259,16","","1,12%"
"27.03.2020","2.271,60","2.286,05","2.305,27","2.257,43","","-0,50%"
"26.03.2020","2.283,03","2.295,47","2.320,04","2.265,55","","-0,39%"
"25.03.2020","2.291,90","2.354,59","2.373,18","2.276,34","","-2,64%"
"24.03.2020","2.354,02","2.252,57","2.376,31","2.249,45","","4,54%"
"23.03.2020","2.251,70","2.149,75","2.265,36","2.143,08","","4,66%"
"20.03.2020","2.151,37","2.135,50","2.168,17","2.117,50","","0,76%"
"19.03.2020","2.135,09","2.155,88","2.179,12","2.123,71","","-0,99%"
"18.03.2020","2.156,35","2.170,91","2.199,04","2.124,98","","-0,64%"
"17.03.2020","2.170,18","2.122,43","2.198,70","2.064,40","","2,27%"
"16.03.2020","2.122,03","2.116,41","2.176,59","2.020,13","","0,53%"
"13.03.2020","2.110,91","2.196,88","2.212,44","2.091,73","","-3,84%"
"12.03.2020","2.195,24","2.252,54","2.275,91","2.163,35","","-2,51%"
"11.03.2020","2.251,69","2.263,70","2.294,09","2.247,74","","-0,49%"
"10.03.2020","2.262,68","2.302,00","2.303,80","2.249,45","","-1,69%"
"09.03.2020","2.301,60","2.253,77","2.342,75","2.247,87","","2,44%"
"06.03.2020","2.246,81","2.242,50","2.271,22","2.212,73","","0,21%"
"05.03.2020","2.242,15","2.191,06","2.247,18","2.187,89","","2,37%"
"04.03.2020","2.190,20","2.195,90","2.210,49","2.179,63","","-0,25%"
"03.03.2020","2.195,59","2.118,00","2.205,45","2.116,31","","3,71%"
"02.03.2020","2.117,13","2.126,04","2.153,34","2.112,36","","-0,27%"
"28.02.2020","2.122,92","2.202,16","2.213,05","2.102,97","","-3,57%"
"27.02.2020","2.201,46","2.187,29","2.216,74","2.185,80","","0,67%"
"26.02.2020","2.186,77","2.171,19","2.202,22","2.157,89","","0,76%"
"25.02.2020","2.170,25","2.205,82","2.207,07","2.165,07","","-1,58%"
"24.02.2020","2.205,10","2.177,66","2.245,72","2.175,27","","1,46%"
"21.02.2020","2.173,45","2.147,64","2.183,07","2.144,70","","1,23%"
"20.02.2020","2.147,04","2.130,66","2.154,40","2.121,75","","0,81%"
"19.02.2020","2.129,79","2.123,83","2.133,82","2.118,47","","0,34%"
"18.02.2020","2.122,54","2.092,27","2.129,00","2.091,96","","1,46%"
"17.02.2020","2.092,03","2.099,81","2.100,76","2.089,22","","-0,36%"
"14.02.2020","2.099,54","2.091,33","2.101,00","2.084,83","","0,42%"
"13.02.2020","2.090,79","2.074,75","2.092,33","2.074,19","","0,79%"
"12.02.2020","2.074,36","2.083,06","2.085,73","2.071,79","","-0,40%"
"11.02.2020","2.082,67","2.093,63","2.095,24","2.075,31","","-0,49%"
"10.02.2020","2.092,96","2.089,03","2.101,78","2.084,43","","0,16%"
"07.02.2020","2.089,70","2.081,28","2.096,21","2.075,59","","0,43%"
"06.02.2020","2.080,82","2.066,44","2.085,62","2.061,92","","0,73%"
"05.02.2020","2.065,69","2.061,57","2.077,89","2.052,40","","0,26%"
"04.02.2020","2.060,40","2.094,93","2.100,55","2.055,89","","-1,61%"
"03.02.2020","2.094,22","2.105,03","2.108,25","2.079,71","","-0,47%"
"31.01.2020","2.104,12","2.079,20","2.105,03","2.072,92","","1,21%"
"30.01.2020","2.078,96","2.081,43","2.097,47","2.075,07","","-0,07%"
"29.01.2020","2.080,35","2.062,20","2.084,02","2.057,03","","0,91%"
"28.01.2020","2.061,60","2.087,25","2.089,12","2.060,16","","-1,20%"
"27.01.2020","2.086,55","2.064,55","2.093,30","2.064,55","","1,10%"
"24.01.2020","2.063,77","2.051,72","2.072,74","2.042,53","","0,65%"
"23.01.2020","2.050,39","2.047,19","2.061,07","2.040,99","","0,17%"
"22.01.2020","2.046,95","2.036,27","2.049,38","2.027,49","","0,54%"
"21.01.2020","2.035,88","2.040,73","2.048,93","2.018,30","","-0,22%"
"20.01.2020","2.040,34","2.033,29","2.041,66","2.032,59","","0,37%"
"17.01.2020","2.032,87","2.024,79","2.040,22","2.020,44","","0,43%"
"16.01.2020","2.024,15","2.029,26","2.031,90","2.019,55","","-0,25%"
"15.01.2020","2.029,24","2.019,85","2.034,96","2.018,73","","0,50%"
"14.01.2020","2.019,07","2.021,05","2.022,58","2.005,04","","-0,08%"
"13.01.2020","2.020,63","2.038,94","2.040,82","2.019,39","","-0,87%"
"10.01.2020","2.038,46","2.026,86","2.040,92","2.017,64","","0,62%"
"09.01.2020","2.025,96","2.029,61","2.035,28","2.007,93","","-0,14%"
"08.01.2020","2.028,72","2.047,67","2.094,71","2.022,51","","-0,89%"
"07.01.2020","2.046,90","2.029,63","2.051,66","2.015,39","","0,85%"
"06.01.2020","2.029,65","2.014,67","2.052,02","2.014,67","","0,64%"
"03.01.2020","2.016,67","1.984,83","2.019,11","1.983,71","","1,61%"
"02.01.2020","1.984,63","1.970,44","1.990,03","1.968,94","","0,75%"
"01.01.2020","1.969,83","1.970,80","1.972,64","1.969,30","","0,02%"
"31.12.2019","1.969,53","1.980,29","1.990,84","1.969,66","","-0,49%"
"30.12.2019","1.979,24","1.975,27","1.982,20","1.973,47","","0,21%"
"27.12.2019","1.975,02","1.983,40","1.984,80","1.974,39","","-0,38%"
"26.12.2019","1.982,47","1.973,94","1.985,60","1.969,80","","0,52%"
"25.12.2019","1.972,16","1.974,24","1.975,18","1.971,57","","-0,05%"
"24.12.2019","1.973,18","1.953,16","1.975,40","1.951,85","","1,08%"
"23.12.2019","1.952,08","1.943,54","1.955,37","1.941,51","","0,47%"
"20.12.2019","1.942,91","1.941,31","1.950,95","1.938,96","","0,10%"
"19.12.2019","1.940,95","1.934,73","1.944,80","1.931,81","","0,33%"
"18.12.2019","1.934,55","1.942,73","1.947,61","1.930,75","","-0,39%"
"17.12.2019","1.942,11","1.941,59","1.950,73","1.938,06","","0,09%"
"16.12.2019","1.940,41","1.943,71","1.945,96","1.935,85","","-0,11%"
"13.12.2019","1.942,57","1.937,69","1.949,91","1.923,74","","0,28%"
"12.12.2019","1.937,23","1.942,98","1.960,93","1.929,98","","-0,26%"
"11.12.2019","1.942,33","1.937,69","1.947,06","1.935,26","","0,30%"
"10.12.2019","1.936,48","1.934,85","1.945,07","1.931,57","","0,10%"
"09.12.2019","1.934,46","1.935,06","1.942,56","1.930,53","","-0,01%"
"06.12.2019","1.934,58","1.944,04","1.956,30","1.933,68","","-0,49%"
"05.12.2019","1.944,20","1.946,40","1.951,08","1.938,80","","-0,08%"
"04.12.2019","1.945,77","1.964,31","1.974,01","1.943,74","","-0,93%"
"03.12.2019","1.963,96","1.946,23","1.973,51","1.941,06","","0,96%"
"02.12.2019","1.945,31","1.947,34","1.948,98","1.930,89","","-0,05%"
"29.11.2019","1.946,35","1.936,97","1.948,67","1.932,17","","0,54%"
"28.11.2019","1.935,91","1.931,39","1.939,18","1.930,72","","0,26%"
"27.11.2019","1.930,92","1.939,56","1.940,81","1.927,47","","-0,40%"
"26.11.2019","1.938,73","1.935,24","1.943,25","1.929,84","","0,21%"
"25.11.2019","1.934,73","1.945,06","1.945,36","1.934,33","","-0,51%"
"22.11.2019","1.944,66","1.945,72","1.958,08","1.941,03","","-0,03%"
"21.11.2019","1.945,25","1.957,53","1.966,08","1.942,31","","-0,63%"
"20.11.2019","1.957,54","1.953,67","1.966,92","1.948,50","","0,22%"
"19.11.2019","1.953,24","1.943,11","1.957,60","1.928,56","","0,52%"
"18.11.2019","1.943,13","1.940,38","1.948,36","1.923,74","","0,18%"
"15.11.2019","1.939,68","1.949,04","1.949,60","1.934,90","","-0,46%"
"14.11.2019","1.948,55","1.939,07","1.955,54","1.936,17","","0,53%"
"13.11.2019","1.938,20","1.927,26","1.945,85","1.925,81","","0,59%"
"12.11.2019","1.926,78","1.926,46","1.932,21","1.912,15","","0,07%"
"11.11.2019","1.925,41","1.928,56","1.939,55","1.913,73","","-0,20%"
"08.11.2019","1.929,18","1.934,68","1.943,16","1.920,89","","-0,25%"
"07.11.2019","1.934,06","1.964,69","1.969,19","1.925,48","","-1,55%"
"06.11.2019","1.964,56","1.951,82","1.971,49","1.948,46","","0,67%"
"05.11.2019","1.951,41","1.985,27","1.987,02","1.947,19","","-1,67%"
"04.11.2019","1.984,46","1.988,19","1.993,18","1.977,54","","-0,21%"
"01.11.2019","1.988,65","1.991,21","1.996,22","1.980,75","","-0,10%"
"31.10.2019","1.990,64","1.967,97","1.993,78","1.965,81","","1,17%"
"30.10.2019","1.967,58","1.946,99","1.971,58","1.944,77","","1,08%"
"29.10.2019","1.946,56","1.948,49","1.952,82","1.937,93","","-0,04%"
"28.10.2019","1.947,43","1.965,47","1.972,23","1.944,89","","-0,84%"
"25.10.2019","1.963,86","1.965,83","1.983,15","1.960,57","","-0,08%"
"24.10.2019","1.965,50","1.950,10","1.967,45","1.944,48","","0,83%"
"23.10.2019","1.949,34","1.948,35","1.960,52","1.946,74","","0,11%"
"22.10.2019","1.947,29","1.942,49","1.951,69","1.937,39","","0,29%"
"21.10.2019","1.941,60","1.955,91","1.962,28","1.938,55","","-0,69%"
"18.10.2019","1.955,08","1.959,90","1.963,28","1.950,22","","-0,22%"
"17.10.2019","1.959,35","1.967,14","1.970,89","1.952,06","","-0,37%"
"16.10.2019","1.966,66","1.954,93","1.973,02","1.950,18","","0,63%"
"15.10.2019","1.954,30","1.975,95","1.982,19","1.951,60","","-1,07%"
"14.10.2019","1.975,51","1.966,31","1.978,28","1.956,69","","0,56%"
"11.10.2019","1.964,55","1.985,79","1.995,65","1.945,98","","-1,03%"
"10.10.2019","1.985,01","2.007,15","2.024,55","1.980,28","","-1,08%"
"09.10.2019","2.006,68","2.006,38","2.015,23","1.994,76","","0,05%"
"08.10.2019","2.005,74","1.987,42","2.008,53","1.978,19","","0,95%"
"07.10.2019","1.986,93","2.003,30","2.010,17","1.982,55","","-0,80%"
"04.10.2019","2.003,04","2.007,06","2.013,79","1.991,13","","-0,18%"
"03.10.2019","2.006,72","1.998,37","2.026,14","1.992,19","","0,45%"
"02.10.2019","1.997,73","1.955,58","2.003,53","1.947,92","","2,18%"
"01.10.2019","1.955,11","1.949,60","1.968,46","1.934,34","","0,31%"
"30.09.2019","1.948,98","1.982,85","1.986,30","1.938,98","","-1,68%"
"27.09.2019","1.982,22","1.996,27","2.001,36","1.970,31","","-0,71%"
"26.09.2019","1.996,44","1.995,15","2.006,52","1.988,11","","0,10%"
"25.09.2019","1.994,49","2.028,54","2.035,05","1.990,02","","-1,64%"
"24.09.2019","2.027,72","2.019,03","2.033,45","2.008,95","","0,45%"
"23.09.2019","2.018,59","2.011,21","2.027,66","2.006,39","","0,39%"
"20.09.2019","2.010,75","1.987,69","2.014,52","1.985,58","","1,17%"
"19.09.2019","1.987,41","1.985,42","1.996,57","1.980,76","","0,14%"
"18.09.2019","1.984,54","1.988,24","2.006,95","1.974,56","","-0,16%"
"17.09.2019","1.987,76","1.983,37","1.998,61","1.979,41","","0,25%"
"16.09.2019","1.982,74","1.968,89","2.000,42","1.965,91","","0,28%"
"13.09.2019","1.977,11","1.980,59","1.996,05","1.972,48","","-0,14%"
"12.09.2019","1.979,89","1.974,92","2.013,74","1.962,29","","0,27%"
"11.09.2019","1.974,64","1.953,71","1.977,87","1.951,81","","1,09%"
"10.09.2019","1.953,42","1.973,89","1.978,47","1.951,51","","-1,00%"
"09.09.2019","1.973,06","1.985,03","1.993,25","1.970,17","","-0,57%"
"06.09.2019","1.984,32","2.009,75","2.014,36","1.981,29","","-1,23%"
"05.09.2019","2.009,03","2.052,75","2.054,50","1.994,66","","-2,12%"
"04.09.2019","2.052,46","2.063,44","2.068,19","2.042,47","","-0,49%"
"03.09.2019","2.062,59","2.039,82","2.068,94","2.029,97","","1,15%"
"02.09.2019","2.039,18","2.023,98","2.043,06","2.023,20","","0,78%"
"30.08.2019","2.023,34","2.029,70","2.040,45","2.020,45","","-0,29%"
"29.08.2019","2.029,13","2.047,88","2.064,78","2.020,46","","-0,87%"
"28.08.2019","2.046,96","2.047,86","2.060,10","2.036,92","","-0,01%"
"27.08.2019","2.047,24","2.024,49","2.052,76","2.019,36","","1,15%"
"26.08.2019","2.024,00","2.029,80","2.069,56","2.022,38","","-0,17%"
"23.08.2019","2.027,41","1.991,57","2.037,30","1.987,94","","1,83%"
"22.08.2019","1.991,04","1.997,28","2.000,46","1.981,01","","-0,24%"
"21.08.2019","1.995,74","2.006,39","2.009,48","1.986,65","","-0,49%"
"20.08.2019","2.005,62","1.992,63","2.011,70","1.989,29","","0,70%"
"19.08.2019","1.991,66","2.009,66","2.010,33","1.978,81","","-0,82%"
"16.08.2019","2.008,14","2.027,46","2.035,27","2.000,96","","-0,91%"
"15.08.2019","2.026,54","2.019,90","2.036,21","2.004,36","","0,37%"
"14.08.2019","2.019,11","1.985,74","2.030,29","1.975,09","","1,74%"
"13.08.2019","1.984,66","2.001,09","2.035,18","1.959,20","","-0,79%"
"12.08.2019","2.000,46","1.980,25","2.009,77","1.968,05","","1,05%"
"09.08.2019","1.979,62","1.985,07","1.996,28","1.973,99","","-0,23%"
"08.08.2019","1.984,12","1.997,01","2.004,60","1.977,49","","-0,61%"
"07.08.2019","1.996,34","1.958,28","2.014,59","1.955,39","","1,98%"
"06.08.2019","1.957,50","1.934,74","1.958,50","1.921,06","","1,20%"
"05.08.2019","1.934,25","1.903,10","1.943,42","1.897,53","","1,71%"
"02.08.2019","1.901,77","1.909,39","1.916,84","1.890,11","","-0,38%"
"01.08.2019","1.909,06","1.865,34","1.911,70","1.853,73","","2,39%"
"31.07.2019","1.864,41","1.881,72","1.883,58","1.861,04","","-0,82%"
"30.07.2019","1.879,88","1.878,22","1.885,33","1.872,75","","0,12%"
"29.07.2019","1.877,61","1.868,07","1.880,07","1.863,73","","0,55%"
"26.07.2019","1.867,28","1.861,63","1.877,79","1.860,55","","0,31%"
"25.07.2019","1.861,49","1.873,64","1.882,38","1.857,25","","-0,62%"
"24.07.2019","1.873,13","1.861,89","1.876,43","1.859,95","","0,63%"
"23.07.2019","1.861,35","1.869,40","1.878,79","1.857,67","","-0,39%"
"22.07.2019","1.868,61","1.862,21","1.873,31","1.858,23","","0,40%"
"19.07.2019","1.861,08","1.883,83","1.891,37","1.857,18","","-1,19%"
"18.07.2019","1.883,42","1.861,27","1.887,64","1.847,57","","1,20%"
"17.07.2019","1.861,02","1.840,23","1.862,79","1.827,92","","1,16%"
"16.07.2019","1.839,63","1.845,30","1.850,41","1.829,83","","-0,27%"
"15.07.2019","1.844,69","1.845,42","1.849,61","1.834,92","","0,03%"
"12.07.2019","1.844,12","1.835,33","1.847,36","1.829,04","","0,50%"
"11.07.2019","1.834,93","1.856,15","1.864,40","1.831,38","","-1,14%"
"10.07.2019","1.856,05","1.834,63","1.856,80","1.824,40","","1,20%"
"09.07.2019","1.834,09","1.827,26","1.838,17","1.819,47","","0,39%"
"08.07.2019","1.826,90","1.829,88","1.839,95","1.821,50","","-0,17%"
"05.07.2019","1.830,02","1.847,84","1.858,12","1.819,07","","-0,91%"
"04.07.2019","1.846,82","1.852,19","1.857,39","1.844,12","","-0,28%"
"03.07.2019","1.851,98","1.859,49","1.881,33","1.846,53","","-0,35%"
"02.07.2019","1.858,42","1.818,29","1.861,44","1.816,88","","2,23%"
"01.07.2019","1.817,82","1.845,39","1.845,81","1.810,00","","-1,46%"
"28.06.2019","1.844,71","1.846,26","1.865,88","1.840,84","","-0,05%"
"27.06.2019","1.845,69","1.849,27","1.852,91","1.838,13","","-0,15%"
"26.06.2019","1.848,46","1.874,65","1.876,03","1.844,39","","-1,35%"
"25.06.2019","1.873,75","1.870,82","1.897,67","1.864,94","","0,18%"
"24.06.2019","1.870,31","1.849,61","1.873,53","1.847,75","","1,10%"
"21.06.2019","1.849,87","1.831,56","1.857,58","1.822,96","","1,04%"
"20.06.2019","1.830,87","1.806,64","1.838,85","1.801,42","","1,38%"
"19.06.2019","1.805,89","1.801,35","1.810,35","1.790,93","","0,28%"
"18.06.2019","1.800,88","1.797,02","1.818,78","1.794,13","","0,26%"
"17.06.2019","1.796,15","1.798,45","1.801,82","1.787,43","","-0,15%"
"14.06.2019","1.798,86","1.788,68","1.811,23","1.787,78","","0,60%"
"13.06.2019","1.788,08","1.779,35","1.790,52","1.775,75","","0,53%"
"12.06.2019","1.778,57","1.762,67","1.780,60","1.760,69","","0,96%"
"11.06.2019","1.761,67","1.762,03","1.766,61","1.748,79","","0,03%"
"10.06.2019","1.761,16","1.776,22","1.777,77","1.757,52","","-0,94%"
"07.06.2019","1.777,85","1.784,56","1.790,94","1.776,25","","-0,31%"
"06.06.2019","1.783,35","1.784,40","1.794,27","1.781,11","","-0,03%"
"05.06.2019","1.783,93","1.775,34","1.798,84","1.772,81","","0,53%"
"04.06.2019","1.774,48","1.780,66","1.786,07","1.771,90","","-0,27%"
"03.06.2019","1.779,35","1.765,44","1.786,16","1.764,65","","0,89%"
"31.05.2019","1.763,73","1.739,81","1.767,95","1.738,04","","1,42%"
"30.05.2019","1.739,03","1.730,68","1.742,52","1.720,41","","0,52%"
"29.05.2019","1.730,08","1.726,55","1.737,84","1.724,48","","0,27%"
"28.05.2019","1.725,45","1.728,22","1.731,51","1.718,79","","-0,13%"
"27.05.2019","1.727,63","1.726,00","1.731,17","1.724,53","","0,10%"
"24.05.2019","1.725,87","1.729,67","1.731,66","1.721,55","","-0,19%"
"23.05.2019","1.729,08","1.710,72","1.735,14","1.710,55","","1,11%"
"22.05.2019","1.710,12","1.709,43","1.713,32","1.703,77","","0,09%"
"21.05.2019","1.708,59","1.715,89","1.716,91","1.702,33","","-0,38%"
"20.05.2019","1.715,04","1.719,78","1.721,05","1.711,36","","-0,20%"
"17.05.2019","1.718,42","1.731,57","1.737,36","1.713,01","","-0,73%"
"16.05.2019","1.731,11","1.742,17","1.745,69","1.725,09","","-0,61%"
"15.05.2019","1.741,82","1.745,94","1.754,93","1.739,57","","-0,20%"
"14.05.2019","1.745,33","1.752,05","1.756,03","1.741,89","","-0,35%"
"13.05.2019","1.751,45","1.725,88","1.753,67","1.721,41","","1,57%"
"10.05.2019","1.724,45","1.730,52","1.734,30","1.720,44","","-0,32%"
"09.05.2019","1.729,99","1.726,52","1.738,93","1.724,94","","0,24%"
"08.05.2019","1.725,79","1.730,86","1.739,97","1.722,84","","-0,26%"
"07.05.2019","1.730,27","1.721,87","1.734,44","1.719,46","","0,52%"
"06.05.2019","1.721,28","1.718,40","1.732,93","1.717,76","","0,29%"
"03.05.2019","1.716,34","1.712,18","1.721,32","1.708,55","","0,29%"
"02.05.2019","1.711,33","1.716,19","1.717,76","1.704,18","","-0,25%"
"01.05.2019","1.715,60","1.718,10","1.725,51","1.710,37","","-0,11%"
"30.04.2019","1.717,51","1.722,35","1.730,56","1.717,43","","-0,25%"
"29.04.2019","1.721,76","1.730,84","1.732,29","1.718,24","","-0,47%"
"26.04.2019","1.729,86","1.722,29","1.734,98","1.719,72","","0,46%"
"25.04.2019","1.721,89","1.721,48","1.731,34","1.718,59","","0,10%"
"24.04.2019","1.720,18","1.707,82","1.722,44","1.705,78","","0,74%"
"23.04.2019","1.707,48","1.701,78","1.710,59","1.696,83","","0,39%"
"22.04.2019","1.700,81","1.707,50","1.710,57","1.699,63","","-0,38%"
"19.04.2019","1.707,24","1.705,71","1.708,65","1.704,44","","0,12%"
"18.04.2019","1.705,20","1.699,38","1.710,47","1.697,24","","0,40%"
"17.04.2019","1.698,46","1.704,28","1.708,24","1.692,87","","-0,35%"
"16.04.2019","1.704,40","1.721,45","1.725,01","1.700,35","","-0,94%"
"15.04.2019","1.720,54","1.721,27","1.725,95","1.706,51","","0,12%"
"12.04.2019","1.718,54","1.730,35","1.731,86","1.718,84","","-0,64%"
"11.04.2019","1.729,69","1.742,06","1.746,34","1.724,89","","-0,71%"
"10.04.2019","1.741,98","1.738,33","1.745,39","1.734,58","","0,27%"
"09.04.2019","1.737,35","1.727,10","1.740,69","1.724,79","","0,61%"
"08.04.2019","1.726,90","1.729,71","1.743,13","1.725,49","","-0,07%"
"05.04.2019","1.728,15","1.726,01","1.732,03","1.718,26","","0,13%"
"04.04.2019","1.725,93","1.721,97","1.729,76","1.711,14","","0,30%"
"03.04.2019","1.720,80","1.723,93","1.725,65","1.716,19","","-0,16%"
"02.04.2019","1.723,52","1.713,26","1.726,89","1.711,91","","0,61%"
"01.04.2019","1.713,05","1.725,54","1.732,26","1.712,56","","-0,63%"
"29.03.2019","1.723,91","1.733,70","1.739,94","1.724,44","","-0,57%"
"28.03.2019","1.733,82","1.756,49","1.760,17","1.731,30","","-1,26%"
"27.03.2019","1.755,97","1.760,17","1.769,41","1.753,37","","-0,24%"
"26.03.2019","1.760,16","1.771,88","1.774,32","1.757,48","","-0,63%"
"25.03.2019","1.771,34","1.764,06","1.777,79","1.760,72","","0,47%"
"22.03.2019","1.763,01","1.749,44","1.764,70","1.746,90","","0,81%"
"21.03.2019","1.748,84","1.746,20","1.761,15","1.744,30","","0,15%"
"20.03.2019","1.746,20","1.739,82","1.748,80","1.729,80","","0,33%"
"19.03.2019","1.740,46","1.738,21","1.744,22","1.732,79","","0,12%"
"18.03.2019","1.738,40","1.737,02","1.743,59","1.728,33","","0,18%"
"15.03.2019","1.735,26","1.728,63","1.745,06","1.723,67","","0,38%"
"14.03.2019","1.728,63","1.741,16","1.743,15","1.722,22","","-0,77%"
"13.03.2019","1.742,09","1.737,85","1.749,51","1.736,24","","0,24%"
"12.03.2019","1.737,97","1.732,24","1.741,12","1.730,52","","0,32%"
"11.03.2019","1.732,50","1.741,87","1.744,44","1.730,28","","-0,53%"
"08.03.2019","1.741,80","1.729,65","1.748,80","1.728,63","","0,69%"
"07.03.2019","1.729,87","1.728,71","1.732,16","1.721,12","","0,07%"
"06.03.2019","1.728,71","1.718,84","1.731,48","1.717,74","","0,57%"
"05.03.2019","1.718,84","1.711,72","1.720,39","1.709,78","","0,40%"
"04.03.2019","1.711,91","1.719,62","1.725,18","1.706,66","","-0,46%"
"01.03.2019","1.719,87","1.729,84","1.734,62","1.714,65","","-0,57%"
"28.02.2019","1.729,71","1.736,36","1.748,47","1.725,45","","-0,40%"
"27.02.2019","1.736,72","1.750,20","1.752,13","1.731,34","","-0,77%"
"26.02.2019","1.750,15","1.751,25","1.757,43","1.746,54","","-0,05%"
"25.02.2019","1.750,96","1.745,84","1.755,21","1.742,11","","0,38%"
"22.02.2019","1.744,33","1.750,45","1.756,92","1.742,79","","-0,39%"
"21.02.2019","1.751,12","1.763,23","1.769,38","1.748,09","","-0,71%"
"20.02.2019","1.763,63","1.772,12","1.777,52","1.761,22","","-0,47%"
"19.02.2019","1.771,91","1.757,20","1.778,40","1.753,74","","0,86%"
"18.02.2019","1.756,82","1.750,02","1.769,29","1.748,72","","0,39%"
"15.02.2019","1.750,01","1.744,70","1.753,87","1.743,78","","0,26%"
"14.02.2019","1.745,41","1.731,78","1.749,65","1.728,77","","0,82%"
"13.02.2019","1.731,28","1.735,31","1.743,63","1.728,81","","-0,22%"
"12.02.2019","1.735,11","1.739,73","1.745,29","1.733,03","","-0,31%"
"11.02.2019","1.740,45","1.747,62","1.747,68","1.732,19","","-0,25%"
"08.02.2019","1.744,82","1.743,22","1.749,45","1.738,84","","0,08%"
"07.02.2019","1.743,41","1.726,33","1.746,92","1.724,72","","0,99%"
"06.02.2019","1.726,40","1.726,08","1.736,68","1.723,68","","0,00%"
"05.02.2019","1.726,41","1.719,70","1.732,10","1.717,19","","0,36%"
"04.02.2019","1.720,30","1.730,68","1.730,82","1.715,23","","-0,36%"
"01.02.2019","1.726,58","1.734,50","1.737,94","1.720,75","","-0,47%"
"31.01.2019","1.734,70","1.735,41","1.745,23","1.730,77","","-0,03%"
"30.01.2019","1.735,29","1.739,87","1.744,96","1.728,02","","-0,27%"
"29.01.2019","1.740,03","1.729,17","1.743,70","1.726,77","","0,68%"
"28.01.2019","1.728,31","1.723,29","1.732,49","1.717,45","","0,33%"
"25.01.2019","1.722,60","1.709,36","1.724,43","1.705,43","","0,72%"
"24.01.2019","1.710,23","1.711,33","1.715,61","1.706,67","","-0,05%"
"23.01.2019","1.711,15","1.716,36","1.718,72","1.705,35","","-0,30%"
"22.01.2019","1.716,23","1.701,29","1.717,25","1.698,86","","0,85%"
"21.01.2019","1.701,75","1.698,00","1.705,86","1.697,44","","0,16%"
"18.01.2019","1.699,08","1.714,98","1.717,44","1.695,94","","-0,93%"
"17.01.2019","1.714,99","1.714,87","1.724,24","1.708,66","","0,02%"
"16.01.2019","1.714,68","1.710,66","1.716,53","1.708,28","","0,21%"
"15.01.2019","1.711,05","1.715,04","1.717,43","1.705,99","","-0,27%"
"14.01.2019","1.715,62","1.708,15","1.721,18","1.707,50","","0,41%"
"11.01.2019","1.708,66","1.702,81","1.714,33","1.702,30","","0,35%"
"10.01.2019","1.702,68","1.707,90","1.717,77","1.701,16","","-0,31%"
"09.01.2019","1.708,03","1.706,44","1.710,72","1.694,04","","0,09%"
"08.01.2019","1.706,44","1.713,85","1.716,36","1.700,60","","-0,46%"
"07.01.2019","1.714,30","1.719,44","1.729,94","1.710,12","","-0,24%"
"04.01.2019","1.718,45","1.745,20","1.751,58","1.715,05","","-1,60%"
"03.01.2019","1.746,37","1.744,14","1.762,86","1.736,89","","0,13%"
"02.01.2019","1.744,04","1.749,44","1.759,52","1.737,67","","-0,30%"
"01.01.2019","1.749,36","1.748,97","1.750,25","1.742,30","","0,01%"
"31.12.2018","1.749,17","1.746,10","1.751,61","1.739,37","","0,14%"
"28.12.2018","1.746,68","1.735,31","1.749,28","1.734,29","","0,61%"
"27.12.2018","1.736,08","1.720,11","1.746,95","1.718,85","","0,96%"
"26.12.2018","1.719,64","1.724,93","1.740,71","1.717,45","","-0,30%"
"25.12.2018","1.724,74","1.726,14","1.736,16","1.722,71","","-0,12%"
"24.12.2018","1.726,78","1.708,92","1.728,64","1.707,92","","1,09%"
"21.12.2018","1.708,17","1.701,68","1.711,58","1.698,73","","0,37%"
"20.12.2018","1.701,86","1.676,27","1.713,62","1.675,23","","1,54%"
"19.12.2018","1.676,11","1.682,16","1.690,19","1.672,04","","-0,38%"
"18.12.2018","1.682,43","1.670,22","1.686,96","1.668,10","","0,74%"
"17.12.2018","1.670,10","1.657,28","1.673,73","1.653,51","","0,77%"
"14.12.2018","1.657,35","1.658,22","1.661,77","1.650,16","","-0,06%"
"13.12.2018","1.658,38","1.663,05","1.665,24","1.657,09","","-0,27%"
"12.12.2018","1.662,93","1.663,97","1.667,68","1.658,65","","-0,05%"
"11.12.2018","1.663,73","1.666,88","1.675,95","1.661,54","","-0,19%"
"10.12.2018","1.666,97","1.663,26","1.672,11","1.657,43","","0,26%"
"07.12.2018","1.662,67","1.656,40","1.665,52","1.648,90","","0,39%"
"06.12.2018","1.656,24","1.652,62","1.671,06","1.652,37","","0,24%"
"05.12.2018","1.652,27","1.642,53","1.657,79","1.638,53","","0,57%"
"04.12.2018","1.642,91","1.624,33","1.645,16","1.623,84","","1,14%"
"03.12.2018","1.624,32","1.620,38","1.629,22","1.617,17","","-0,02%"
"30.11.2018","1.624,72","1.624,80","1.629,03","1.618,38","","-0,07%"
"29.11.2018","1.625,80","1.621,95","1.633,04","1.619,85","","0,31%"
"28.11.2018","1.620,76","1.615,39","1.628,86","1.613,24","","0,33%"
"27.11.2018","1.615,39","1.619,93","1.624,91","1.610,55","","-0,27%"
"26.11.2018","1.619,75","1.618,25","1.622,01","1.614,86","","0,04%"
"23.11.2018","1.619,14","1.619,13","1.623,31","1.611,54","","0,02%"
"22.11.2018","1.618,76","1.623,18","1.627,06","1.617,74","","-0,22%"
"21.11.2018","1.622,27","1.625,77","1.634,45","1.621,05","","-0,20%"
"20.11.2018","1.625,58","1.611,51","1.626,99","1.607,15","","0,82%"
"19.11.2018","1.612,28","1.606,40","1.617,19","1.603,93","","0,41%"
"16.11.2018","1.605,71","1.599,17","1.610,79","1.596,59","","0,42%"
"15.11.2018","1.598,98","1.604,05","1.609,53","1.596,40","","-0,26%"
"14.11.2018","1.603,11","1.591,29","1.611,05","1.584,27","","0,75%"
"13.11.2018","1.591,14","1.590,18","1.595,54","1.583,68","","0,05%"
"12.11.2018","1.590,38","1.596,40","1.599,44","1.587,19","","-0,48%"
"09.11.2018","1.598,00","1.609,05","1.612,21","1.595,07","","-0,72%"
"08.11.2018","1.609,51","1.608,01","1.614,10","1.599,12","","0,08%"
"07.11.2018","1.608,27","1.609,60","1.617,71","1.603,84","","-0,10%"
"06.11.2018","1.609,85","1.614,86","1.623,41","1.607,97","","-0,30%"
"05.11.2018","1.614,73","1.616,13","1.619,41","1.606,33","","-0,09%"
"02.11.2018","1.616,19","1.613,54","1.620,93","1.608,36","","0,16%"
"01.11.2018","1.613,57","1.597,68","1.620,43","1.597,33","","0,98%"
"31.10.2018","1.597,90","1.603,70","1.605,73","1.591,48","","-0,33%"
"30.10.2018","1.603,18","1.614,37","1.616,60","1.600,32","","-0,72%"
"29.10.2018","1.614,84","1.617,16","1.619,92","1.607,65","","-0,12%"
"26.10.2018","1.616,86","1.610,49","1.631,78","1.608,82","","0,39%"
"25.10.2018","1.610,65","1.611,14","1.617,09","1.603,32","","0,05%"
"24.10.2018","1.609,85","1.610,31","1.615,20","1.592,54","","-0,01%"
"23.10.2018","1.610,03","1.600,67","1.625,98","1.599,62","","0,55%"
"22.10.2018","1.601,16","1.606,22","1.612,03","1.598,43","","-0,32%"
"19.10.2018","1.606,35","1.603,28","1.614,06","1.597,27","","0,15%"
"18.10.2018","1.603,95","1.591,15","1.607,88","1.590,43","","0,79%"
"17.10.2018","1.591,33","1.583,99","1.597,94","1.581,61","","0,48%"
"16.10.2018","1.583,68","1.593,91","1.597,79","1.582,51","","-0,65%"
"15.10.2018","1.594,04","1.585,97","1.606,30","1.585,24","","0,50%"
"12.10.2018","1.586,05","1.595,34","1.595,71","1.582,02","","-0,57%"
"11.10.2018","1.595,18","1.561,58","1.601,15","1.554,21","","2,17%"
"10.10.2018","1.561,28","1.539,99","1.561,57","1.536,70","","1,37%"
"09.10.2018","1.540,20","1.540,33","1.545,18","1.535,91","","-0,01%"
"08.10.2018","1.540,31","1.556,88","1.559,98","1.535,53","","-1,02%"
"05.10.2018","1.556,12","1.550,18","1.560,14","1.547,08","","0,37%"
"04.10.2018","1.550,44","1.540,72","1.552,95","1.539,84","","0,62%"
"03.10.2018","1.540,89","1.542,78","1.549,31","1.536,21","","-0,12%"
"02.10.2018","1.542,73","1.522,62","1.549,33","1.521,31","","1,29%"
"01.10.2018","1.523,08","1.538,52","1.538,52","1.516,71","","-1,00%"
"28.09.2018","1.538,52","1.542,52","1.544,71","1.535,64","","-0,27%"
"27.09.2018","1.542,61","1.555,04","1.564,41","1.539,90","","-0,81%"
"26.09.2018","1.555,19","1.556,02","1.559,63","1.546,50","","-0,05%"
"25.09.2018","1.556,02","1.553,27","1.558,96","1.550,86","","0,18%"
"24.09.2018","1.553,23","1.548,88","1.556,90","1.543,49","","0,26%"
"21.09.2018","1.549,21","1.557,67","1.563,18","1.538,87","","-0,57%"
"20.09.2018","1.558,14","1.555,60","1.560,36","1.551,10","","0,21%"
"19.09.2018","1.554,94","1.554,42","1.565,14","1.552,99","","0,02%"
"18.09.2018","1.554,56","1.567,31","1.568,54","1.553,89","","-0,79%"
"17.09.2018","1.566,93","1.556,12","1.570,41","1.555,75","","0,72%"
"14.09.2018","1.555,76","1.561,19","1.571,14","1.554,75","","-0,38%"
"13.09.2018","1.561,63","1.567,56","1.576,31","1.560,24","","-0,39%"
"12.09.2018","1.567,68","1.565,81","1.571,77","1.555,54","","0,12%"
"11.09.2018","1.565,81","1.574,63","1.575,44","1.563,76","","-0,54%"
"10.09.2018","1.574,26","1.575,12","1.578,26","1.570,82","","0,06%"
"07.09.2018","1.573,27","1.577,15","1.583,62","1.571,79","","-0,24%"
"06.09.2018","1.576,99","1.576,62","1.592,01","1.575,27","","-0,01%"
"05.09.2018","1.577,08","1.571,23","1.581,62","1.569,05","","0,38%"
"04.09.2018","1.571,14","1.572,07","1.576,40","1.565,54","","-0,09%"
"03.09.2018","1.572,55","1.566,60","1.575,19","1.562,69","","0,42%"
"31.08.2018","1.565,98","1.557,82","1.573,98","1.556,38","","0,55%"
"30.08.2018","1.557,43","1.557,17","1.565,66","1.551,90","","0,02%"
"29.08.2018","1.557,12","1.553,40","1.561,60","1.552,54","","0,26%"
"28.08.2018","1.553,14","1.570,67","1.573,19","1.551,08","","-1,13%"
"27.08.2018","1.570,88","1.571,07","1.574,97","1.566,79","","-0,01%"
"24.08.2018","1.571,01","1.550,54","1.575,71","1.549,71","","1,31%"
"23.08.2018","1.550,62","1.554,14","1.558,38","1.546,90","","-0,20%"
"22.08.2018","1.553,80","1.558,82","1.565,95","1.552,71","","-0,35%"
"21.08.2018","1.559,33","1.553,60","1.561,51","1.549,22","","0,39%"
"20.08.2018","1.553,28","1.547,34","1.555,20","1.544,35","","0,39%"
"17.08.2018","1.547,31","1.544,37","1.551,58","1.539,17","","0,19%"
"16.08.2018","1.544,38","1.543,67","1.553,98","1.526,38","","0,02%"
"15.08.2018","1.544,03","1.559,18","1.560,79","1.541,11","","-0,96%"
"14.08.2018","1.558,92","1.567,72","1.569,70","1.558,58","","-0,56%"
"13.08.2018","1.567,66","1.592,61","1.595,99","1.565,44","","-1,54%"
"10.08.2018","1.592,13","1.582,34","1.595,31","1.578,94","","0,63%"
"09.08.2018","1.582,11","1.580,20","1.586,97","1.576,83","","0,10%"
"08.08.2018","1.580,48","1.580,78","1.589,15","1.577,31","","-0,02%"
"07.08.2018","1.580,74","1.569,02","1.582,51","1.568,54","","0,72%"
"06.08.2018","1.569,51","1.576,93","1.584,05","1.568,79","","-0,43%"
"03.08.2018","1.576,24","1.572,69","1.583,92","1.569,61","","0,21%"
"02.08.2018","1.572,99","1.581,44","1.588,82","1.572,08","","-0,53%"
"01.08.2018","1.581,36","1.591,78","1.595,21","1.579,46","","-0,66%"
"31.07.2018","1.591,84","1.592,52","1.599,07","1.582,80","","-0,06%"
"30.07.2018","1.592,73","1.597,11","1.599,66","1.590,39","","-0,26%"
"27.07.2018","1.596,87","1.598,52","1.603,67","1.590,08","","-0,10%"
"26.07.2018","1.598,53","1.606,34","1.609,82","1.597,31","","-0,51%"
"25.07.2018","1.606,77","1.610,84","1.619,12","1.604,26","","-0,25%"
"24.07.2018","1.610,77","1.612,98","1.616,67","1.605,98","","-0,14%"
"23.07.2018","1.613,09","1.618,41","1.621,15","1.608,62","","-0,41%"
"20.07.2018","1.619,77","1.623,26","1.624,80","1.610,84","","-0,18%"
"19.07.2018","1.622,65","1.615,49","1.626,72","1.605,82","","0,39%"
"18.07.2018","1.616,32","1.619,68","1.624,41","1.615,58","","-0,17%"
"17.07.2018","1.619,10","1.629,97","1.634,72","1.616,34","","-0,67%"
"16.07.2018","1.629,95","1.634,39","1.637,97","1.625,86","","-0,25%"
"13.07.2018","1.634,09","1.640,56","1.642,69","1.631,88","","-0,39%"
"12.07.2018","1.640,49","1.640,62","1.644,85","1.636,90","","0,01%"
"11.07.2018","1.640,39","1.646,38","1.653,06","1.633,29","","-0,36%"
"10.07.2018","1.646,28","1.648,27","1.653,72","1.638,24","","-0,15%"
"09.07.2018","1.648,81","1.642,71","1.656,03","1.641,96","","0,43%"
"06.07.2018","1.641,77","1.652,53","1.654,51","1.640,55","","-0,61%"
"05.07.2018","1.651,82","1.651,71","1.654,82","1.644,57","","-0,02%"
"04.07.2018","1.652,07","1.646,49","1.657,30","1.645,89","","0,36%"
"03.07.2018","1.646,22","1.637,80","1.654,99","1.633,35","","0,52%"
"02.07.2018","1.637,66","1.646,09","1.650,96","1.635,89","","-0,47%"
"29.06.2018","1.645,44","1.654,27","1.660,48","1.643,32","","-0,48%"
"28.06.2018","1.653,42","1.670,43","1.672,36","1.651,64","","-1,00%"
"27.06.2018","1.670,07","1.675,27","1.677,57","1.665,37","","-0,33%"
"26.06.2018","1.675,64","1.682,46","1.685,14","1.670,56","","-0,45%"
"25.06.2018","1.683,15","1.685,50","1.692,82","1.681,65","","-0,08%"
"22.06.2018","1.684,53","1.687,74","1.698,11","1.682,62","","-0,15%"
"21.06.2018","1.687,14","1.687,61","1.691,91","1.680,84","","-0,05%"
"20.06.2018","1.688,01","1.693,60","1.696,40","1.687,27","","-0,31%"
"19.06.2018","1.693,34","1.687,49","1.699,31","1.686,16","","0,35%"
"18.06.2018","1.687,37","1.688,29","1.693,32","1.684,72","","-0,13%"
"15.06.2018","1.689,64","1.706,89","1.712,99","1.682,46","","-0,98%"
"14.06.2018","1.706,30","1.687,53","1.708,87","1.683,73","","1,10%"
"13.06.2018","1.687,80","1.686,71","1.692,13","1.681,24","","0,07%"
"12.06.2018","1.686,70","1.687,32","1.690,65","1.681,93","","-0,03%"
"11.06.2018","1.687,26","1.684,23","1.692,46","1.679,45","","0,51%"
"08.06.2018","1.678,77","1.682,27","1.695,26","1.678,24","","-0,20%"
"07.06.2018","1.682,14","1.678,52","1.689,23","1.676,32","","0,20%"
"06.06.2018","1.678,70","1.682,22","1.684,07","1.668,15","","-0,20%"
"05.06.2018","1.682,09","1.671,06","1.691,02","1.668,68","","0,69%"
"04.06.2018","1.670,51","1.674,71","1.678,62","1.668,00","","-0,23%"
"01.06.2018","1.674,37","1.681,69","1.685,21","1.674,37","","-0,43%"
"31.05.2018","1.681,62","1.675,14","1.695,24","1.671,66","","0,37%"
"30.05.2018","1.675,46","1.689,81","1.698,06","1.670,69","","-0,91%"
"29.05.2018","1.690,85","1.687,53","1.703,03","1.683,07","","0,26%"
"28.05.2018","1.686,43","1.688,34","1.691,89","1.681,76","","-0,12%"
"25.05.2018","1.688,45","1.680,99","1.697,44","1.678,19","","0,44%"
"24.05.2018","1.681,01","1.659,38","1.686,97","1.659,12","","1,26%"
"23.05.2018","1.660,14","1.655,66","1.675,65","1.654,98","","0,29%"
"22.05.2018","1.655,34","1.652,96","1.658,32","1.645,41","","0,15%"
"21.05.2018","1.652,94","1.664,07","1.665,03","1.649,80","","-0,72%"
"18.05.2018","1.665,00","1.653,27","1.668,58","1.648,39","","0,71%"
"17.05.2018","1.653,26","1.651,60","1.655,86","1.642,98","","0,15%"
"16.05.2018","1.650,84","1.662,72","1.667,04","1.648,52","","-0,65%"
"15.05.2018","1.661,61","1.682,14","1.683,59","1.657,83","","-1,21%"
"14.05.2018","1.681,98","1.685,83","1.690,12","1.679,96","","-0,26%"
"11.05.2018","1.686,39","1.687,48","1.694,19","1.682,82","","-0,04%"
"10.05.2018","1.687,03","1.687,45","1.689,76","1.675,43","","-0,02%"
"09.05.2018","1.687,44","1.702,08","1.705,72","1.683,11","","-0,87%"
"08.05.2018","1.702,24","1.692,97","1.707,32","1.691,59","","0,55%"
"07.05.2018","1.692,94","1.689,14","1.695,95","1.686,97","","0,21%"
"04.05.2018","1.689,32","1.684,93","1.692,59","1.683,41","","0,22%"
"03.05.2018","1.685,64","1.681,89","1.696,47","1.679,88","","0,27%"
"02.05.2018","1.681,16","1.675,36","1.685,49","1.674,84","","0,35%"
"01.05.2018","1.675,35","1.688,88","1.690,31","1.674,85","","-0,83%"
"30.04.2018","1.689,44","1.697,16","1.701,62","1.682,51","","-0,44%"
"27.04.2018","1.696,88","1.695,44","1.703,66","1.694,54","","0,12%"
"26.04.2018","1.694,80","1.699,96","1.702,96","1.692,98","","-0,28%"
"25.04.2018","1.699,56","1.707,64","1.709,01","1.697,05","","-0,48%"
"24.04.2018","1.707,73","1.701,26","1.710,10","1.698,77","","0,31%"
"23.04.2018","1.702,49","1.703,72","1.705,42","1.694,98","","-0,06%"
"20.04.2018","1.703,48","1.704,99","1.706,72","1.695,21","","-0,10%"
"19.04.2018","1.705,14","1.704,36","1.710,34","1.693,95","","0,06%"
"18.04.2018","1.704,06","1.690,61","1.711,70","1.686,74","","0,80%"
"17.04.2018","1.690,57","1.691,55","1.695,54","1.681,82","","-0,03%"
"16.04.2018","1.691,14","1.695,86","1.700,75","1.689,28","","-0,35%"
"13.04.2018","1.697,03","1.681,18","1.700,06","1.677,99","","0,99%"
"12.04.2018","1.680,45","1.702,88","1.703,15","1.679,01","","-1,30%"
"11.04.2018","1.702,63","1.687,54","1.716,53","1.686,73","","0,81%"
"10.04.2018","1.688,87","1.697,36","1.701,16","1.686,03","","-0,47%"
"09.04.2018","1.696,77","1.702,71","1.706,90","1.691,62","","-0,45%"
"06.04.2018","1.704,36","1.690,84","1.705,87","1.686,43","","0,78%"
"05.04.2018","1.691,21","1.702,69","1.704,37","1.690,37","","-0,67%"
"04.04.2018","1.702,68","1.706,96","1.731,16","1.700,76","","-0,25%"
"03.04.2018","1.706,95","1.731,93","1.735,02","1.700,89","","-1,45%"
"02.04.2018","1.732,09","1.708,87","1.740,64","1.706,74","","1,38%"
"30.03.2018","1.708,45","1.707,39","1.709,64","1.703,95","","0,10%"
"29.03.2018","1.706,73","1.712,62","1.718,18","1.702,88","","-0,32%"
"28.03.2018","1.712,24","1.732,53","1.734,95","1.708,77","","-1,16%"
"27.03.2018","1.732,39","1.738,51","1.741,30","1.722,23","","-0,32%"
"26.03.2018","1.737,97","1.736,76","1.751,54","1.727,69","","0,06%"
"23.03.2018","1.736,98","1.720,32","1.740,45","1.717,13","","1,01%"
"22.03.2018","1.719,61","1.718,85","1.721,48","1.708,41","","0,06%"
"21.03.2018","1.718,58","1.713,52","1.724,11","1.707,68","","0,27%"
"20.03.2018","1.713,95","1.722,39","1.725,27","1.710,42","","-0,48%"
"19.03.2018","1.722,17","1.720,14","1.728,15","1.711,78","","0,07%"
"16.03.2018","1.720,94","1.718,90","1.730,47","1.715,19","","0,17%"
"15.03.2018","1.718,04","1.716,07","1.721,74","1.710,60","","0,09%"
"14.03.2018","1.716,54","1.719,96","1.721,68","1.710,27","","-0,18%"
"13.03.2018","1.719,67","1.699,18","1.723,51","1.693,25","","1,21%"
"12.03.2018","1.699,06","1.698,19","1.700,51","1.687,12","","0,18%"
"09.03.2018","1.695,99","1.704,07","1.705,12","1.686,74","","-0,52%"
"08.03.2018","1.704,94","1.711,70","1.717,74","1.703,92","","-0,39%"
"07.03.2018","1.711,61","1.718,69","1.736,05","1.707,05","","-0,40%"
"06.03.2018","1.718,55","1.711,70","1.727,50","1.710,16","","0,39%"
"05.03.2018","1.711,81","1.702,53","1.717,65","1.701,99","","0,52%"
"02.03.2018","1.703,00","1.690,32","1.708,76","1.685,89","","0,71%"
"01.03.2018","1.690,92","1.691,44","1.693,70","1.675,15","","-0,04%"
"28.02.2018","1.691,53","1.684,88","1.693,62","1.680,43","","0,41%"
"27.02.2018","1.684,63","1.690,73","1.694,71","1.675,02","","-0,37%"
"26.02.2018","1.690,86","1.680,84","1.696,97","1.678,35","","0,74%"
"23.02.2018","1.678,45","1.692,11","1.692,99","1.677,40","","-0,82%"
"22.02.2018","1.692,26","1.682,48","1.694,14","1.677,35","","0,57%"
"21.02.2018","1.682,59","1.681,54","1.688,63","1.677,44","","0,06%"
"20.02.2018","1.681,62","1.691,39","1.694,15","1.677,76","","-0,59%"
"19.02.2018","1.691,59","1.692,07","1.697,80","1.689,12","","-0,05%"
"16.02.2018","1.692,51","1.688,90","1.700,77","1.687,92","","0,22%"
"15.02.2018","1.688,76","1.686,95","1.695,80","1.684,27","","0,12%"
"14.02.2018","1.686,68","1.673,91","1.699,38","1.664,72","","0,76%"
"13.02.2018","1.674,04","1.663,24","1.676,31","1.662,97","","0,65%"
"12.02.2018","1.663,16","1.657,06","1.673,36","1.654,82","","0,43%"
"09.02.2018","1.656,08","1.662,46","1.669,44","1.652,27","","-0,38%"
"08.02.2018","1.662,38","1.657,62","1.666,88","1.645,15","","0,27%"
"07.02.2018","1.657,96","1.654,87","1.667,11","1.649,62","","0,20%"
"06.02.2018","1.654,58","1.679,14","1.689,92","1.652,88","","-1,49%"
"05.02.2018","1.679,54","1.657,51","1.681,20","1.651,13","","1,40%"
"02.02.2018","1.656,36","1.654,35","1.659,45","1.644,94","","0,11%"
"01.02.2018","1.654,59","1.656,45","1.658,43","1.646,58","","-0,11%"
"31.01.2018","1.656,43","1.651,22","1.657,69","1.642,08","","0,32%"
"30.01.2018","1.651,16","1.654,20","1.662,84","1.646,87","","-0,16%"
"29.01.2018","1.653,85","1.662,90","1.666,28","1.650,36","","-0,50%"
"26.01.2018","1.662,16","1.669,03","1.672,71","1.661,20","","-0,44%"
"25.01.2018","1.669,46","1.677,35","1.681,22","1.662,36","","-0,49%"
"24.01.2018","1.677,61","1.665,51","1.680,96","1.662,66","","0,74%"
"23.01.2018","1.665,34","1.660,03","1.671,12","1.658,88","","0,32%"
"22.01.2018","1.660,04","1.663,01","1.668,08","1.658,43","","-0,19%"
"19.01.2018","1.663,28","1.647,48","1.667,68","1.645,89","","0,94%"
"18.01.2018","1.647,81","1.649,52","1.661,36","1.646,65","","-0,12%"
"17.01.2018","1.649,84","1.664,78","1.675,49","1.647,39","","-0,88%"
"16.01.2018","1.664,41","1.665,57","1.668,31","1.654,17","","-0,08%"
"15.01.2018","1.665,68","1.668,72","1.673,71","1.662,43","","-0,09%"
"12.01.2018","1.667,25","1.655,00","1.672,66","1.654,28","","0,71%"
"11.01.2018","1.655,54","1.651,85","1.661,51","1.650,14","","0,20%"
"10.01.2018","1.652,26","1.636,35","1.660,87","1.631,71","","0,97%"
"09.01.2018","1.636,35","1.640,21","1.641,45","1.629,19","","-0,23%"
"08.01.2018","1.640,06","1.639,02","1.642,47","1.632,54","","0,11%"
"05.01.2018","1.638,25","1.651,53","1.653,46","1.626,23","","-0,81%"
"04.01.2018","1.651,58","1.645,77","1.657,51","1.637,76","","0,34%"
"03.01.2018","1.645,91","1.648,79","1.654,12","1.640,45","","-0,17%"
"02.01.2018","1.648,70","1.634,13","1.650,58","1.634,13","","0,90%"
"01.01.2018","1.633,97","1.638,54","1.638,80","1.633,85","","-0,27%"
"29.12.2017","1.638,47","1.627,34","1.639,71","1.623,86","","0,66%"
"28.12.2017","1.627,69","1.628,89","1.632,22","1.623,83","","-0,07%"
"27.12.2017","1.628,89","1.627,64","1.630,70","1.621,09","","0,05%"
"26.12.2017","1.628,07","1.623,28","1.630,74","1.619,27","","0,30%"
"25.12.2017","1.623,26","1.622,31","1.624,60","1.621,35","","-0,01%"
"22.12.2017","1.623,46","1.613,87","1.627,41","1.609,28","","0,61%"
"21.12.2017","1.613,56","1.624,17","1.627,87","1.608,33","","-0,64%"
"20.12.2017","1.623,99","1.624,45","1.629,55","1.621,49","","-0,05%"
"19.12.2017","1.624,81","1.622,82","1.629,37","1.621,64","","0,11%"
"18.12.2017","1.623,02","1.616,49","1.626,43","1.612,43","","0,53%"
"15.12.2017","1.614,52","1.602,86","1.618,88","1.600,33","","0,70%"
"14.12.2017","1.603,34","1.610,18","1.615,29","1.596,49","","-0,36%"
"13.12.2017","1.609,20","1.600,58","1.613,28","1.594,30","","0,56%"
"12.12.2017","1.600,24","1.597,44","1.602,41","1.591,89","","0,22%"
"11.12.2017","1.596,70","1.604,38","1.609,42","1.594,13","","-0,41%"
"08.12.2017","1.603,24","1.602,51","1.609,55","1.596,42","","0,04%"
"07.12.2017","1.602,59","1.615,96","1.618,88","1.598,76","","-0,82%"
"06.12.2017","1.615,87","1.606,23","1.619,91","1.600,34","","0,60%"
"05.12.2017","1.606,27","1.616,93","1.619,88","1.600,74","","-0,66%"
"04.12.2017","1.616,92","1.624,55","1.627,37","1.610,87","","-0,42%"
"01.12.2017","1.623,76","1.643,71","1.645,70","1.620,38","","-1,24%"
"30.11.2017","1.644,08","1.651,55","1.654,88","1.638,52","","-0,44%"
"29.11.2017","1.651,35","1.658,26","1.663,98","1.648,34","","-0,42%"
"28.11.2017","1.658,26","1.652,63","1.661,36","1.649,60","","0,33%"
"27.11.2017","1.652,77","1.637,61","1.655,22","1.636,17","","0,90%"
"24.11.2017","1.637,98","1.641,49","1.645,58","1.634,67","","-0,22%"
"23.11.2017","1.641,63","1.640,54","1.644,70","1.633,77","","0,09%"
"22.11.2017","1.640,15","1.635,52","1.646,89","1.633,15","","0,24%"
"21.11.2017","1.636,26","1.637,78","1.644,92","1.635,43","","-0,05%"
"20.11.2017","1.637,01","1.652,94","1.655,91","1.630,52","","-0,91%"
"17.11.2017","1.652,00","1.630,76","1.655,28","1.629,63","","1,28%"
"16.11.2017","1.631,06","1.631,68","1.635,11","1.627,13","","-0,03%"
"15.11.2017","1.631,49","1.630,11","1.648,30","1.629,61","","0,11%"
"14.11.2017","1.629,69","1.627,54","1.635,12","1.615,20","","0,12%"
"13.11.2017","1.627,72","1.618,88","1.629,62","1.617,29","","0,58%"
"10.11.2017","1.618,39","1.629,36","1.631,75","1.615,23","","-0,69%"
"09.11.2017","1.629,69","1.630,58","1.638,02","1.627,68","","-0,08%"
"08.11.2017","1.630,98","1.629,06","1.639,82","1.627,98","","0,12%"
"07.11.2017","1.629,09","1.628,70","1.636,07","1.625,21","","0,02%"
"06.11.2017","1.628,71","1.620,83","1.634,47","1.617,57","","0,49%"
"03.11.2017","1.620,84","1.634,30","1.638,80","1.615,72","","-0,83%"
"02.11.2017","1.634,42","1.639,70","1.646,32","1.633,26","","-0,34%"
"01.11.2017","1.639,97","1.639,10","1.650,79","1.635,46","","0,09%"
"31.10.2017","1.638,55","1.637,41","1.643,32","1.634,38","","0,05%"
"30.10.2017","1.637,69","1.631,72","1.640,57","1.627,76","","0,42%"
"27.10.2017","1.630,84","1.628,28","1.641,06","1.627,96","","0,18%"
"26.10.2017","1.627,85","1.634,04","1.640,19","1.626,17","","-0,41%"
"25.10.2017","1.634,58","1.618,26","1.640,68","1.612,65","","1,01%"
"24.10.2017","1.618,25","1.622,09","1.625,61","1.613,05","","-0,24%"
"23.10.2017","1.622,13","1.616,84","1.623,26","1.607,92","","0,31%"
"20.10.2017","1.617,05","1.610,44","1.618,45","1.599,03","","0,41%"
"19.10.2017","1.610,43","1.596,96","1.610,96","1.591,80","","0,83%"
"18.10.2017","1.597,23","1.609,53","1.611,07","1.594,62","","-0,75%"
"17.10.2017","1.609,38","1.619,92","1.623,56","1.608,81","","-0,70%"
"16.10.2017","1.620,75","1.628,64","1.638,87","1.616,73","","-0,36%"
"13.10.2017","1.626,54","1.613,26","1.629,17","1.610,95","","0,79%"
"12.10.2017","1.613,83","1.609,64","1.618,61","1.608,65","","0,26%"
"11.10.2017","1.609,58","1.611,73","1.616,67","1.604,04","","-0,13%"
"10.10.2017","1.611,74","1.611,40","1.617,97","1.608,17","","0,02%"
"09.10.2017","1.611,42","1.598,71","1.613,06","1.598,08","","0,74%"
"06.10.2017","1.599,62","1.593,71","1.601,58","1.583,73","","0,40%"
"05.10.2017","1.593,31","1.590,59","1.603,19","1.588,70","","0,20%"
"04.10.2017","1.590,18","1.587,09","1.597,47","1.586,19","","0,17%"
"03.10.2017","1.587,48","1.590,31","1.595,23","1.586,99","","-0,16%"
"02.10.2017","1.590,05","1.596,18","1.598,48","1.589,35","","-0,34%"
"29.09.2017","1.595,40","1.600,04","1.609,91","1.594,39","","-0,26%"
"28.09.2017","1.599,60","1.598,43","1.604,48","1.596,83","","0,10%"
"27.09.2017","1.598,08","1.597,87","1.604,01","1.585,91","","0,03%"
"26.09.2017","1.597,58","1.621,26","1.625,10","1.596,80","","-1,46%"
"25.09.2017","1.621,28","1.600,33","1.623,61","1.589,80","","1,29%"
"22.09.2017","1.600,70","1.592,06","1.601,73","1.586,23","","0,55%"
"21.09.2017","1.591,90","1.603,63","1.605,80","1.589,71","","-0,69%"
"20.09.2017","1.603,00","1.612,19","1.614,45","1.600,24","","-0,53%"
"19.09.2017","1.611,56","1.606,10","1.612,77","1.602,51","","0,28%"
"18.09.2017","1.607,07","1.609,99","1.612,89","1.596,54","","-0,13%"
"15.09.2017","1.609,21","1.617,66","1.623,97","1.603,90","","-0,52%"
"14.09.2017","1.617,60","1.609,29","1.621,38","1.604,99","","0,47%"
"13.09.2017","1.610,02","1.623,04","1.625,07","1.609,57","","-0,79%"
"12.09.2017","1.622,90","1.607,98","1.624,44","1.602,66","","0,97%"
"11.09.2017","1.607,38","1.637,32","1.638,00","1.606,72","","-1,80%"
"08.09.2017","1.636,80","1.634,29","1.640,58","1.630,33","","0,12%"
"07.09.2017","1.634,83","1.631,41","1.639,39","1.627,69","","0,24%"
"06.09.2017","1.630,99","1.656,43","1.663,64","1.624,85","","-1,57%"
"05.09.2017","1.657,02","1.658,14","1.665,72","1.645,74","","-0,02%"
"04.09.2017","1.657,40","1.643,20","1.662,45","1.642,54","","0,91%"
"01.09.2017","1.642,43","1.650,12","1.651,17","1.633,30","","-0,47%"
"31.08.2017","1.650,21","1.651,87","1.654,82","1.642,83","","-0,10%"
"30.08.2017","1.651,78","1.638,69","1.653,96","1.636,19","","0,82%"
"29.08.2017","1.638,38","1.637,59","1.657,39","1.634,62","","-0,05%"
"28.08.2017","1.639,15","1.611,80","1.641,49","1.611,29","","1,73%"
"25.08.2017","1.611,30","1.610,42","1.618,72","1.600,44","","0,07%"
"24.08.2017","1.610,22","1.619,36","1.620,42","1.608,89","","-0,63%"
"23.08.2017","1.620,43","1.614,49","1.626,98","1.612,45","","0,42%"
"22.08.2017","1.613,68","1.622,18","1.623,56","1.607,60","","-0,55%"
"21.08.2017","1.622,67","1.615,04","1.629,06","1.613,46","","0,37%"
"18.08.2017","1.616,67","1.633,45","1.642,47","1.611,74","","-1,00%"
"17.08.2017","1.633,06","1.618,77","1.634,95","1.617,74","","0,86%"
"16.08.2017","1.619,14","1.622,00","1.627,47","1.613,00","","-0,23%"
"15.08.2017","1.622,86","1.631,87","1.632,84","1.617,34","","-0,49%"
"14.08.2017","1.630,77","1.633,05","1.635,23","1.623,25","","-0,20%"
"11.08.2017","1.634,08","1.639,07","1.642,41","1.624,06","","-0,35%"
"10.08.2017","1.639,84","1.621,73","1.640,76","1.616,99","","1,07%"
"09.08.2017","1.622,49","1.595,84","1.624,79","1.595,72","","1,61%"
"08.08.2017","1.596,86","1.594,14","1.604,62","1.585,44","","0,12%"
"07.08.2017","1.594,88","1.590,80","1.598,92","1.587,47","","0,14%"
"04.08.2017","1.592,60","1.595,59","1.597,96","1.584,98","","-0,26%"
"03.08.2017","1.596,72","1.591,32","1.600,02","1.581,43","","0,33%"
"02.08.2017","1.591,51","1.589,94","1.599,96","1.586,96","","0,02%"
"01.08.2017","1.591,13","1.583,53","1.596,93","1.576,80","","0,44%"
"31.07.2017","1.584,13","1.578,96","1.589,98","1.576,85","","0,38%"
"28.07.2017","1.578,19","1.579,86","1.583,57","1.571,64","","-0,16%"
"27.07.2017","1.580,74","1.568,69","1.585,59","1.566,56","","0,71%"
"26.07.2017","1.569,58","1.561,69","1.574,05","1.555,80","","0,46%"
"25.07.2017","1.562,43","1.569,58","1.574,23","1.561,37","","-0,49%"
"24.07.2017","1.570,18","1.572,52","1.579,07","1.566,94","","-0,22%"
"21.07.2017","1.573,59","1.566,25","1.575,51","1.564,50","","0,41%"
"20.07.2017","1.567,13","1.563,78","1.573,00","1.557,54","","0,17%"
"19.07.2017","1.564,53","1.568,04","1.571,34","1.559,41","","-0,28%"
"18.07.2017","1.568,91","1.566,53","1.576,13","1.557,50","","0,10%"
"17.07.2017","1.567,28","1.553,29","1.568,87","1.552,93","","0,88%"
"14.07.2017","1.553,68","1.548,36","1.568,75","1.546,12","","0,29%"
"13.07.2017","1.549,22","1.555,03","1.560,71","1.548,23","","-0,42%"
"12.07.2017","1.555,71","1.571,65","1.583,36","1.546,95","","-1,05%"
"11.07.2017","1.572,27","1.564,77","1.574,77","1.558,00","","0,44%"
"10.07.2017","1.565,40","1.561,72","1.569,81","1.552,65","","0,23%"
"07.07.2017","1.561,73","1.589,25","1.591,03","1.554,38","","-1,78%"
"06.07.2017","1.589,99","1.589,01","1.593,26","1.580,12","","0,01%"
"05.07.2017","1.589,76","1.582,60","1.593,19","1.577,21","","0,40%"
"04.07.2017","1.583,46","1.587,08","1.594,19","1.578,56","","-0,26%"
"03.07.2017","1.587,58","1.609,09","1.612,32","1.584,41","","-1,37%"
"30.06.2017","1.609,67","1.619,29","1.621,72","1.607,12","","-0,63%"
"29.06.2017","1.619,93","1.627,94","1.633,51","1.614,01","","-0,54%"
"28.06.2017","1.628,72","1.645,25","1.650,94","1.624,99","","-1,05%"
"27.06.2017","1.646,05","1.647,51","1.659,55","1.641,15","","-0,12%"
"26.06.2017","1.648,02","1.666,49","1.669,80","1.636,65","","-1,17%"
"23.06.2017","1.667,54","1.654,21","1.673,99","1.652,15","","0,76%"
"22.06.2017","1.654,99","1.661,38","1.672,61","1.650,47","","-0,43%"
"21.06.2017","1.662,14","1.648,71","1.663,30","1.648,09","","0,78%"
"20.06.2017","1.649,29","1.642,75","1.657,51","1.642,05","","0,34%"
"19.06.2017","1.643,71","1.656,01","1.660,28","1.641,75","","-0,76%"
"16.06.2017","1.656,29","1.663,16","1.665,96","1.655,15","","-0,46%"
"15.06.2017","1.664,00","1.670,04","1.676,89","1.659,48","","-0,42%"
"14.06.2017","1.671,01","1.676,12","1.691,04","1.663,68","","-0,35%"
"13.06.2017","1.676,91","1.685,51","1.687,11","1.667,04","","-0,57%"
"12.06.2017","1.686,47","1.703,40","1.709,11","1.684,69","","-1,15%"
"09.06.2017","1.706,17","1.725,48","1.731,72","1.699,49","","-1,23%"
"08.06.2017","1.727,40","1.738,03","1.743,56","1.715,45","","-0,66%"
"07.06.2017","1.738,83","1.740,22","1.747,74","1.730,47","","-0,13%"
"06.06.2017","1.741,14","1.723,48","1.745,68","1.722,78","","0,97%"
"05.06.2017","1.724,34","1.726,28","1.731,48","1.721,20","","-0,08%"
"02.06.2017","1.725,66","1.709,75","1.728,84","1.700,60","","0,89%"
"01.06.2017","1.710,52","1.711,79","1.716,46","1.701,49","","-0,13%"
"31.05.2017","1.712,73","1.699,23","1.722,07","1.694,03","","0,74%"
"30.05.2017","1.700,13","1.703,70","1.712,59","1.696,16","","-0,26%"
"29.05.2017","1.704,59","1.703,02","1.707,64","1.699,99","","0,04%"
"26.05.2017","1.703,87","1.692,48","1.708,34","1.688,29","","0,63%"
"25.05.2017","1.693,26","1.686,43","1.694,88","1.681,90","","0,35%"
"24.05.2017","1.687,33","1.690,03","1.696,53","1.679,33","","-0,21%"
"23.05.2017","1.690,88","1.701,08","1.705,47","1.689,24","","-0,65%"
"22.05.2017","1.702,00","1.696,58","1.705,81","1.692,07","","0,31%"
"19.05.2017","1.696,74","1.695,58","1.706,59","1.692,54","","0,02%"
"18.05.2017","1.696,38","1.714,08","1.727,26","1.695,06","","-1,09%"
"17.05.2017","1.714,99","1.681,87","1.718,78","1.681,44","","1,91%"
"16.05.2017","1.682,79","1.676,63","1.686,92","1.675,98","","0,32%"
"15.05.2017","1.677,42","1.682,08","1.688,21","1.674,25","","-0,43%"
"12.05.2017","1.684,72","1.676,88","1.690,08","1.675,80","","0,42%"
"11.05.2017","1.677,68","1.664,41","1.685,33","1.663,46","","0,78%"
"10.05.2017","1.664,74","1.674,95","1.679,88","1.662,66","","-0,66%"
"09.05.2017","1.675,74","1.677,88","1.683,59","1.665,47","","-0,18%"
"08.05.2017","1.678,81","1.677,26","1.692,51","1.672,74","","0,16%"
"05.05.2017","1.676,11","1.687,27","1.702,88","1.674,31","","-0,70%"
"04.05.2017","1.687,93","1.699,27","1.704,21","1.681,85","","-0,70%"
"03.05.2017","1.699,91","1.722,56","1.725,29","1.696,04","","-1,35%"
"02.05.2017","1.723,09","1.719,11","1.727,15","1.712,19","","0,22%"
"01.05.2017","1.719,39","1.730,72","1.735,53","1.713,19","","-0,69%"
"28.04.2017","1.731,28","1.722,68","1.736,73","1.720,84","","0,42%"
"27.04.2017","1.724,03","1.727,01","1.732,15","1.710,32","","-0,22%"
"26.04.2017","1.727,81","1.714,51","1.730,22","1.710,48","","0,74%"
"25.04.2017","1.715,16","1.721,49","1.732,88","1.712,37","","-0,38%"
"24.04.2017","1.721,78","1.727,62","1.732,27","1.700,89","","-0,71%"
"21.04.2017","1.734,01","1.725,86","1.741,58","1.720,77","","0,43%"
"20.04.2017","1.726,66","1.724,48","1.732,60","1.720,02","","0,06%"
"19.04.2017","1.725,62","1.724,77","1.731,40","1.714,07","","0,03%"
"18.04.2017","1.725,09","1.710,05","1.731,56","1.706,81","","0,83%"
"17.04.2017","1.710,97","1.712,00","1.725,19","1.705,80","","-0,14%"
"14.04.2017","1.713,38","1.715,66","1.717,62","1.709,70","","-0,18%"
"13.04.2017","1.716,43","1.704,60","1.718,08","1.697,61","","0,66%"
"12.04.2017","1.705,13","1.697,43","1.706,56","1.688,99","","0,41%"
"11.04.2017","1.698,20","1.671,27","1.700,99","1.668,75","","1,56%"
"10.04.2017","1.672,17","1.679,76","1.685,01","1.667,02","","-0,58%"
"07.04.2017","1.681,85","1.678,24","1.702,39","1.677,11","","0,16%"
"06.04.2017","1.679,16","1.685,87","1.692,13","1.675,65","","-0,46%"
"05.04.2017","1.686,89","1.681,83","1.688,19","1.665,47","","0,19%"
"04.04.2017","1.683,65","1.676,34","1.696,73","1.675,69","","0,40%"
"03.04.2017","1.677,01","1.660,93","1.680,51","1.658,19","","0,83%"
"31.03.2017","1.663,27","1.658,15","1.665,17","1.647,86","","0,26%"
"30.03.2017","1.658,93","1.668,10","1.672,10","1.654,01","","-0,60%"
"29.03.2017","1.669,02","1.674,53","1.678,87","1.667,73","","-0,36%"
"28.03.2017","1.675,06","1.676,94","1.684,96","1.668,09","","-0,17%"
"27.03.2017","1.677,87","1.663,58","1.690,51","1.660,35","","0,80%"
"24.03.2017","1.664,52","1.661,68","1.675,44","1.656,74","","0,12%"
"23.03.2017","1.662,60","1.664,02","1.672,56","1.655,83","","-0,14%"
"22.03.2017","1.664,89","1.661,41","1.676,54","1.660,27","","0,15%"
"21.03.2017","1.662,33","1.645,89","1.665,66","1.636,19","","0,93%"
"20.03.2017","1.646,95","1.639,05","1.650,16","1.638,19","","0,36%"
"17.03.2017","1.641,05","1.633,20","1.646,92","1.630,48","","0,44%"
"16.03.2017","1.633,94","1.622,05","1.642,28","1.618,61","","0,68%"
"15.03.2017","1.622,93","1.615,11","1.627,13","1.610,49","","0,41%"
"14.03.2017","1.616,36","1.618,16","1.629,35","1.613,25","","-0,19%"
"13.03.2017","1.619,41","1.620,61","1.630,04","1.615,94","","-0,20%"
"10.03.2017","1.622,64","1.621,52","1.624,19","1.608,99","","0,01%"
"09.03.2017","1.622,42","1.628,96","1.636,69","1.619,40","","-0,47%"
"08.03.2017","1.630,08","1.630,59","1.634,67","1.623,46","","-0,06%"
"07.03.2017","1.630,98","1.642,83","1.645,50","1.628,07","","-0,77%"
"06.03.2017","1.643,61","1.650,52","1.656,53","1.641,76","","-0,45%"
"03.03.2017","1.651,12","1.652,34","1.655,99","1.640,32","","-0,12%"
"02.03.2017","1.653,12","1.664,43","1.667,00","1.648,04","","-0,71%"
"01.03.2017","1.664,96","1.659,68","1.668,01","1.646,75","","0,27%"
"28.02.2017","1.660,40","1.650,48","1.670,83","1.647,03","","0,54%"
"27.02.2017","1.651,49","1.646,34","1.656,09","1.641,69","","0,37%"
"24.02.2017","1.645,47","1.636,56","1.651,34","1.634,09","","0,51%"
"23.02.2017","1.637,20","1.628,28","1.641,20","1.623,08","","0,50%"
"22.02.2017","1.629,04","1.623,18","1.638,94","1.618,65","","0,30%"
"21.02.2017","1.624,20","1.622,15","1.630,48","1.612,60","","0,08%"
"20.02.2017","1.622,95","1.618,51","1.626,00","1.612,67","","0,30%"
"17.02.2017","1.618,11","1.619,18","1.628,10","1.615,42","","-0,11%"
"16.02.2017","1.619,95","1.611,74","1.623,18","1.608,66","","0,45%"
"15.02.2017","1.612,64","1.605,99","1.614,44","1.593,78","","0,36%"
"14.02.2017","1.606,82","1.601,24","1.610,83","1.598,90","","0,28%"
"13.02.2017","1.602,26","1.615,07","1.617,08","1.595,33","","-0,75%"
"10.02.2017","1.614,41","1.615,24","1.617,73","1.601,08","","-0,08%"
"09.02.2017","1.615,69","1.632,32","1.634,28","1.614,14","","-1,07%"
"08.02.2017","1.633,10","1.624,53","1.637,31","1.621,25","","0,45%"
"07.02.2017","1.625,83","1.616,14","1.629,02","1.611,23","","0,58%"
"06.02.2017","1.616,47","1.588,42","1.617,63","1.586,66","","1,75%"
"03.02.2017","1.588,65","1.583,12","1.590,26","1.573,94","","0,30%"
"02.02.2017","1.583,89","1.577,90","1.592,18","1.575,91","","0,33%"
"01.02.2017","1.578,67","1.576,69","1.585,38","1.566,39","","0,09%"
"31.01.2017","1.577,21","1.567,39","1.584,47","1.564,61","","0,60%"
"30.01.2017","1.567,79","1.565,96","1.574,36","1.561,68","","0,04%"
"27.01.2017","1.567,24","1.554,77","1.567,66","1.548,00","","0,74%"
"26.01.2017","1.555,71","1.567,86","1.571,80","1.552,17","","-0,83%"
"25.01.2017","1.568,78","1.590,38","1.592,07","1.561,55","","-1,41%"
"24.01.2017","1.591,15","1.611,81","1.614,78","1.585,92","","-1,33%"
"23.01.2017","1.612,66","1.611,04","1.621,52","1.607,28","","0,08%"
"20.01.2017","1.611,34","1.603,97","1.617,71","1.599,45","","0,42%"
"19.01.2017","1.604,62","1.596,92","1.607,46","1.588,47","","0,40%"
"18.01.2017","1.598,30","1.586,25","1.606,68","1.581,59","","0,70%"
"17.01.2017","1.587,14","1.584,33","1.590,71","1.580,29","","0,12%"
"16.01.2017","1.585,18","1.569,49","1.586,74","1.569,01","","0,94%"
"13.01.2017","1.570,49","1.570,94","1.577,41","1.561,60","","-0,09%"
"12.01.2017","1.571,83","1.569,97","1.583,86","1.567,19","","0,07%"
"11.01.2017","1.570,68","1.570,68","1.576,12","1.560,46","","-0,05%"
"10.01.2017","1.571,42","1.560,18","1.573,12","1.559,39","","0,69%"
"09.01.2017","1.560,69","1.552,09","1.568,13","1.551,74","","0,53%"
"06.01.2017","1.552,39","1.559,65","1.565,19","1.547,20","","-0,52%"
"05.01.2017","1.560,55","1.546,52","1.567,83","1.545,83","","0,88%"
"04.01.2017","1.546,89","1.555,83","1.564,23","1.544,82","","-0,62%"
"03.01.2017","1.556,48","1.547,82","1.562,87","1.538,42","","0,53%"
"02.01.2017","1.548,26","1.547,10","1.549,99","1.541,60","","0,07%"
"30.12.2016","1.547,21","1.562,72","1.567,62","1.543,57","","-1,04%"
"29.12.2016","1.563,52","1.546,60","1.565,82","1.545,59","","0,99%"
"28.12.2016","1.548,14","1.544,66","1.554,59","1.540,89","","0,13%"
"27.12.2016","1.546,09","1.530,99","1.554,62","1.530,49","","0,92%"
"26.12.2016","1.532,02","1.532,87","1.535,83","1.527,36","","-0,15%"
"23.12.2016","1.534,30","1.520,60","1.536,33","1.519,92","","0,81%"
"22.12.2016","1.521,93","1.515,11","1.531,87","1.514,77","","0,39%"
"21.12.2016","1.515,95","1.512,54","1.521,88","1.509,54","","0,17%"
"20.12.2016","1.513,38","1.526,27","1.528,76","1.506,37","","-0,88%"
"19.12.2016","1.526,78","1.512,45","1.530,21","1.511,09","","0,96%"
"16.12.2016","1.512,29","1.504,25","1.522,38","1.501,90","","0,48%"
"15.12.2016","1.505,01","1.517,81","1.521,99","1.501,60","","-0,88%"
"14.12.2016","1.518,33","1.520,35","1.533,88","1.513,55","","-0,16%"
"13.12.2016","1.520,70","1.525,52","1.528,89","1.513,80","","-0,37%"
"12.12.2016","1.526,41","1.522,43","1.531,93","1.510,76","","0,03%"
"09.12.2016","1.525,94","1.543,21","1.545,72","1.522,66","","-1,19%"
"08.12.2016","1.544,39","1.552,59","1.558,06","1.542,26","","-0,59%"
"07.12.2016","1.553,49","1.552,68","1.568,87","1.547,80","","-0,01%"
"06.12.2016","1.553,64","1.552,79","1.563,18","1.548,83","","0,02%"
"05.12.2016","1.553,34","1.564,43","1.586,85","1.535,24","","-0,73%"
"02.12.2016","1.564,73","1.559,82","1.566,40","1.551,46","","0,30%"
"01.12.2016","1.560,07","1.576,48","1.577,37","1.550,23","","-1,04%"
"30.11.2016","1.576,43","1.595,52","1.604,88","1.570,58","","-1,24%"
"29.11.2016","1.596,19","1.598,90","1.602,96","1.587,85","","-0,27%"
"28.11.2016","1.600,46","1.599,02","1.614,88","1.588,75","","-0,06%"
"25.11.2016","1.601,45","1.595,43","1.608,57","1.582,07","","0,26%"
"24.11.2016","1.597,34","1.601,64","1.607,48","1.594,47","","-0,29%"
"23.11.2016","1.601,94","1.628,91","1.633,28","1.592,79","","-1,68%"
"22.11.2016","1.629,39","1.628,13","1.637,07","1.619,11","","0,03%"
"21.11.2016","1.628,92","1.631,38","1.639,22","1.623,42","","-0,18%"
"18.11.2016","1.631,90","1.643,90","1.646,84","1.626,99","","-0,79%"
"17.11.2016","1.644,94","1.644,96","1.653,10","1.633,76","","-0,06%"
"16.11.2016","1.645,99","1.651,64","1.656,96","1.640,12","","-0,40%"
"15.11.2016","1.652,55","1.654,56","1.666,86","1.644,83","","-0,18%"
"14.11.2016","1.655,45","1.655,09","1.667,65","1.642,99","","-0,29%"
"11.11.2016","1.660,23","1.695,69","1.707,63","1.648,14","","-2,13%"
"10.11.2016","1.696,34","1.714,94","1.734,04","1.688,11","","-1,11%"
"09.11.2016","1.715,34","1.694,37","1.808,96","1.683,60","","1,20%"
"08.11.2016","1.694,95","1.711,81","1.724,61","1.693,00","","-1,02%"
"07.11.2016","1.712,35","1.747,42","1.748,47","1.709,38","","-2,04%"
"04.11.2016","1.748,02","1.744,18","1.757,38","1.734,68","","0,17%"
"03.11.2016","1.745,09","1.735,96","1.748,99","1.719,47","","0,50%"
"02.11.2016","1.736,35","1.723,94","1.752,26","1.722,65","","0,66%"
"01.11.2016","1.724,98","1.712,19","1.730,94","1.709,79","","0,70%"
"31.10.2016","1.712,97","1.708,83","1.717,28","1.700,57","","0,17%"
"28.10.2016","1.710,05","1.697,35","1.724,14","1.690,37","","0,70%"
"27.10.2016","1.698,14","1.694,72","1.703,53","1.691,73","","0,16%"
"26.10.2016","1.695,37","1.700,46","1.705,67","1.687,50","","-0,34%"
"25.10.2016","1.701,12","1.679,30","1.703,52","1.677,79","","1,26%"
"24.10.2016","1.680,01","1.688,04","1.697,63","1.678,80","","-0,56%"
"21.10.2016","1.689,46","1.674,14","1.693,17","1.668,79","","0,88%"
"20.10.2016","1.674,65","1.663,91","1.681,13","1.663,15","","0,59%"
"19.10.2016","1.664,80","1.653,91","1.668,61","1.649,59","","0,56%"
"18.10.2016","1.655,46","1.647,72","1.658,52","1.641,52","","0,42%"
"17.10.2016","1.648,50","1.642,19","1.653,66","1.638,44","","0,33%"
"14.10.2016","1.643,09","1.658,50","1.661,75","1.641,42","","-1,00%"
"13.10.2016","1.659,71","1.665,15","1.677,23","1.657,48","","-0,41%"
"12.10.2016","1.666,58","1.661,62","1.671,16","1.654,86","","0,28%"
"11.10.2016","1.661,99","1.658,95","1.668,48","1.652,85","","0,14%"
"10.10.2016","1.659,71","1.664,84","1.678,37","1.652,18","","-0,71%"
"07.10.2016","1.671,52","1.657,45","1.673,44","1.648,44","","0,81%"
"06.10.2016","1.658,14","1.668,17","1.675,25","1.650,58","","-0,65%"
"05.10.2016","1.669,07","1.672,24","1.687,58","1.660,25","","-0,25%"
"04.10.2016","1.673,20","1.719,97","1.725,94","1.670,80","","-2,79%"
"03.10.2016","1.721,29","1.726,59","1.731,59","1.716,85","","-0,37%"
"30.09.2016","1.727,72","1.734,68","1.749,04","1.722,33","","-0,44%"
"29.09.2016","1.735,40","1.728,04","1.745,85","1.720,93","","0,40%"
"28.09.2016","1.728,40","1.750,90","1.755,57","1.727,15","","-1,31%"
"27.09.2016","1.751,35","1.768,79","1.777,49","1.750,29","","-1,02%"
"26.09.2016","1.769,33","1.760,97","1.771,33","1.753,54","","0,45%"
"23.09.2016","1.761,35","1.743,69","1.763,66","1.740,83","","0,99%"
"22.09.2016","1.744,10","1.750,48","1.753,15","1.732,89","","-0,42%"
"21.09.2016","1.751,41","1.732,98","1.761,39","1.726,69","","1,00%"
"20.09.2016","1.734,09","1.733,58","1.741,71","1.731,84","","-0,01%"
"19.09.2016","1.734,20","1.730,33","1.736,39","1.726,66","","0,19%"
"16.09.2016","1.730,94","1.729,97","1.738,88","1.724,58","","0,02%"
"15.09.2016","1.730,56","1.744,91","1.751,53","1.725,57","","-0,87%"
"14.09.2016","1.745,66","1.736,87","1.749,88","1.731,46","","0,44%"
"13.09.2016","1.737,99","1.730,34","1.746,48","1.729,90","","0,41%"
"12.09.2016","1.730,83","1.731,57","1.742,80","1.725,62","","-0,13%"
"09.09.2016","1.733,16","1.730,91","1.740,26","1.725,50","","0,12%"
"08.09.2016","1.731,03","1.732,07","1.739,51","1.724,27","","-0,13%"
"07.09.2016","1.733,20","1.733,11","1.738,93","1.728,10","","-0,03%"
"06.09.2016","1.733,74","1.714,28","1.735,67","1.710,34","","1,05%"
"05.09.2016","1.715,65","1.720,85","1.723,15","1.711,17","","-0,39%"
"02.09.2016","1.722,37","1.720,65","1.731,93","1.712,72","","0,05%"
"01.09.2016","1.721,48","1.714,57","1.723,16","1.709,80","","0,36%"
"31.08.2016","1.715,25","1.716,61","1.723,12","1.712,59","","-0,12%"
"30.08.2016","1.717,37","1.720,71","1.726,91","1.713,02","","-0,23%"
"29.08.2016","1.721,31","1.716,18","1.726,20","1.709,90","","0,20%"
"26.08.2016","1.717,88","1.707,56","1.723,87","1.703,97","","0,56%"
"25.08.2016","1.708,23","1.710,92","1.716,16","1.702,70","","-0,21%"
"24.08.2016","1.711,76","1.726,36","1.733,06","1.709,24","","-0,89%"
"23.08.2016","1.727,15","1.732,66","1.736,27","1.721,49","","-0,36%"
"22.08.2016","1.733,43","1.725,88","1.736,89","1.718,70","","0,36%"
"19.08.2016","1.727,18","1.727,77","1.736,36","1.716,82","","-0,09%"
"18.08.2016","1.728,66","1.731,33","1.740,99","1.721,25","","-0,21%"
"17.08.2016","1.732,36","1.730,70","1.735,68","1.723,57","","0,07%"
"16.08.2016","1.731,12","1.730,01","1.742,64","1.723,62","","0,03%"
"15.08.2016","1.730,58","1.730,01","1.738,20","1.725,71","","0,04%"
"12.08.2016","1.729,93","1.738,43","1.756,11","1.727,37","","-0,54%"
"11.08.2016","1.739,33","1.757,56","1.763,03","1.732,35","","-1,09%"
"10.08.2016","1.758,48","1.757,55","1.772,39","1.750,77","","-0,01%"
"09.08.2016","1.758,66","1.755,92","1.764,78","1.749,85","","0,11%"
"08.08.2016","1.756,67","1.758,98","1.763,23","1.749,16","","-0,15%"
"05.08.2016","1.759,24","1.771,08","1.783,01","1.755,49","","-0,72%"
"04.08.2016","1.771,93","1.774,19","1.783,96","1.762,46","","-0,16%"
"03.08.2016","1.774,82","1.787,02","1.794,90","1.771,06","","-0,73%"
"02.08.2016","1.787,86","1.775,35","1.791,65","1.768,73","","0,68%"
"01.08.2016","1.775,82","1.759,28","1.778,18","1.755,67","","0,85%"
"29.07.2016","1.760,90","1.756,68","1.769,44","1.751,91","","0,20%"
"28.07.2016","1.757,44","1.766,29","1.770,93","1.753,76","","-0,55%"
"27.07.2016","1.767,19","1.740,34","1.770,73","1.732,51","","1,48%"
"26.07.2016","1.741,41","1.737,84","1.751,36","1.734,80","","0,16%"
"25.07.2016","1.738,58","1.735,80","1.749,24","1.725,54","","0,16%"
"22.07.2016","1.735,77","1.741,09","1.747,23","1.725,74","","-0,36%"
"21.07.2016","1.742,11","1.717,53","1.746,63","1.711,04","","1,37%"
"20.07.2016","1.718,53","1.733,78","1.741,18","1.711,70","","-0,92%"
"19.07.2016","1.734,44","1.719,34","1.739,55","1.717,81","","0,83%"
"18.07.2016","1.720,12","1.730,79","1.737,87","1.713,26","","-0,87%"
"15.07.2016","1.735,26","1.720,70","1.735,92","1.704,89","","0,83%"
"14.07.2016","1.721,02","1.741,83","1.748,09","1.705,56","","-1,25%"
"13.07.2016","1.742,75","1.735,95","1.759,77","1.732,62","","0,34%"
"12.07.2016","1.736,81","1.777,02","1.780,99","1.726,15","","-2,27%"
"11.07.2016","1.777,13","1.782,33","1.793,40","1.763,87","","-0,32%"
"08.07.2016","1.782,86","1.768,26","1.783,10","1.750,56","","0,78%"
"07.07.2016","1.769,12","1.766,70","1.777,26","1.742,81","","0,07%"
"06.07.2016","1.767,82","1.759,41","1.790,48","1.759,14","","0,43%"
"05.07.2016","1.760,28","1.734,32","1.765,19","1.723,09","","1,45%"
"04.07.2016","1.735,07","1.732,81","1.750,83","1.728,11","","0,07%"
"01.07.2016","1.733,85","1.708,14","1.735,88","1.706,42","","1,47%"
"30.06.2016","1.708,79","1.704,70","1.719,36","1.698,43","","0,17%"
"29.06.2016","1.705,86","1.708,76","1.725,42","1.704,17","","-0,20%"
"28.06.2016","1.709,28","1.730,98","1.734,40","1.697,26","","-1,30%"
"27.06.2016","1.731,84","1.706,97","1.741,63","1.703,81","","1,18%"
"24.06.2016","1.711,57","1.602,08","1.777,96","1.595,92","","6,85%"
"23.06.2016","1.601,89","1.625,81","1.628,03","1.595,22","","-1,51%"
"22.06.2016","1.626,38","1.624,64","1.629,35","1.610,34","","0,04%"
"21.06.2016","1.625,77","1.651,27","1.656,67","1.617,54","","-1,59%"
"20.06.2016","1.652,04","1.673,00","1.674,16","1.633,41","","-1,34%"
"17.06.2016","1.674,54","1.657,69","1.675,70","1.646,83","","0,95%"
"16.06.2016","1.658,80","1.666,95","1.721,32","1.656,49","","-0,53%"
"15.06.2016","1.667,70","1.654,52","1.674,03","1.641,99","","0,76%"
"14.06.2016","1.655,14","1.647,82","1.657,76","1.637,31","","0,43%"
"13.06.2016","1.648,08","1.627,53","1.649,42","1.626,71","","1,17%"
"10.06.2016","1.629,07","1.613,72","1.630,72","1.606,68","","0,88%"
"09.06.2016","1.614,93","1.601,30","1.619,33","1.596,54","","0,79%"
"08.06.2016","1.602,29","1.583,21","1.604,14","1.582,71","","1,15%"
"07.06.2016","1.584,10","1.595,54","1.598,21","1.577,86","","-0,75%"
"06.06.2016","1.596,03","1.609,35","1.618,51","1.592,69","","-0,84%"
"03.06.2016","1.609,63","1.585,22","1.611,53","1.577,91","","1,49%"
"02.06.2016","1.585,98","1.585,46","1.596,91","1.582,41","","-0,04%"
"01.06.2016","1.586,69","1.590,27","1.596,35","1.577,78","","-0,28%"
"31.05.2016","1.591,18","1.572,79","1.600,38","1.571,58","","1,16%"
"30.05.2016","1.572,97","1.578,83","1.582,25","1.568,96","","-0,35%"
"27.05.2016","1.578,42","1.582,99","1.595,03","1.572,04","","-0,33%"
"26.05.2016","1.583,63","1.592,63","1.606,81","1.579,33","","-0,65%"
"25.05.2016","1.594,01","1.609,05","1.613,63","1.591,77","","-1,02%"
"24.05.2016","1.610,38","1.640,89","1.644,59","1.608,68","","-1,92%"
"23.05.2016","1.641,88","1.641,38","1.648,09","1.635,49","","-0,02%"
"20.05.2016","1.642,13","1.641,87","1.650,34","1.637,80","","-0,03%"
"19.05.2016","1.642,64","1.639,30","1.645,82","1.633,27","","0,16%"
"18.05.2016","1.640,07","1.651,13","1.655,18","1.633,30","","-0,72%"
"17.05.2016","1.651,90","1.641,87","1.657,09","1.635,19","","0,56%"
"16.05.2016","1.642,64","1.645,36","1.664,99","1.638,21","","-0,34%"
"13.05.2016","1.648,23","1.622,34","1.651,32","1.620,95","","1,54%"
"12.05.2016","1.623,21","1.641,09","1.644,91","1.620,04","","-1,16%"
"11.05.2016","1.642,29","1.633,77","1.649,30","1.629,79","","0,46%"
"10.05.2016","1.634,80","1.637,57","1.643,04","1.627,57","","-0,18%"
"09.05.2016","1.637,82","1.662,81","1.670,00","1.633,24","","-1,55%"
"06.05.2016","1.663,59","1.641,92","1.675,34","1.639,14","","1,27%"
"05.05.2016","1.642,80","1.645,83","1.650,97","1.632,22","","-0,23%"
"04.05.2016","1.646,58","1.635,15","1.651,84","1.625,17","","0,65%"
"03.05.2016","1.635,92","1.617,50","1.638,74","1.610,48","","1,09%"
"02.05.2016","1.618,24","1.622,91","1.634,22","1.613,25","","-0,36%"
"29.04.2016","1.624,04","1.589,31","1.625,86","1.586,58","","2,16%"
"28.04.2016","1.589,68","1.569,08","1.594,11","1.558,08","","1,26%"
"27.04.2016","1.569,96","1.565,91","1.585,62","1.565,04","","0,17%"
"26.04.2016","1.567,23","1.568,78","1.574,37","1.556,04","","-0,15%"
"25.04.2016","1.569,60","1.561,20","1.575,18","1.557,85","","0,53%"
"22.04.2016","1.561,32","1.589,54","1.592,46","1.557,11","","-1,84%"
"21.04.2016","1.590,53","1.573,91","1.609,96","1.572,17","","1,01%"
"20.04.2016","1.574,66","1.583,38","1.597,15","1.569,52","","-0,63%"
"19.04.2016","1.584,58","1.573,78","1.597,07","1.566,91","","0,64%"
"18.04.2016","1.574,47","1.596,11","1.608,92","1.573,16","","-0,50%"
"15.04.2016","1.582,36","1.575,85","1.589,92","1.569,31","","0,37%"
"14.04.2016","1.576,53","1.592,60","1.600,71","1.569,72","","-1,02%"
"13.04.2016","1.592,84","1.601,72","1.605,67","1.586,82","","-0,62%"
"12.04.2016","1.602,71","1.621,29","1.626,50","1.599,23","","-1,22%"
"11.04.2016","1.622,43","1.609,90","1.632,10","1.608,91","","0,71%"
"08.04.2016","1.611,03","1.630,36","1.632,47","1.601,08","","-1,22%"
"07.04.2016","1.630,89","1.599,04","1.635,92","1.596,67","","1,94%"
"06.04.2016","1.599,93","1.616,51","1.618,90","1.596,39","","-1,09%"
"05.04.2016","1.617,48","1.589,37","1.633,64","1.586,73","","1,71%"
"04.04.2016","1.590,36","1.589,97","1.595,90","1.583,58","","-0,01%"
"01.04.2016","1.590,59","1.601,78","1.613,49","1.580,01","","-0,79%"
"31.03.2016","1.603,19","1.587,38","1.606,41","1.585,42","","0,95%"
"30.03.2016","1.588,14","1.623,27","1.624,79","1.583,86","","-2,22%"
"29.03.2016","1.624,25","1.609,06","1.626,23","1.601,21","","0,88%"
"28.03.2016","1.610,08","1.613,64","1.616,83","1.602,92","","-0,30%"
"25.03.2016","1.614,87","1.610,84","1.616,21","1.607,93","","0,17%"
"24.03.2016","1.612,15","1.610,38","1.625,41","1.606,04","","0,06%"
"23.03.2016","1.611,18","1.628,27","1.631,13","1.600,39","","-1,07%"
"22.03.2016","1.628,63","1.628,46","1.651,29","1.623,16","","-0,05%"
"21.03.2016","1.629,49","1.631,09","1.640,18","1.619,30","","-0,16%"
"18.03.2016","1.632,07","1.631,75","1.644,42","1.614,93","","0,00%"
"17.03.2016","1.632,12","1.653,25","1.656,80","1.629,34","","-1,35%"
"16.03.2016","1.654,38","1.645,09","1.658,91","1.627,42","","0,52%"
"15.03.2016","1.645,84","1.637,23","1.656,22","1.628,96","","0,47%"
"14.03.2016","1.638,16","1.650,41","1.669,61","1.630,14","","-0,90%"
"11.03.2016","1.653,05","1.695,04","1.709,19","1.651,34","","-2,53%"
"10.03.2016","1.695,93","1.656,99","1.705,17","1.641,10","","2,31%"
"09.03.2016","1.657,69","1.691,77","1.697,81","1.654,32","","-2,05%"
"08.03.2016","1.692,35","1.682,43","1.704,84","1.678,29","","0,55%"
"07.03.2016","1.683,11","1.675,72","1.703,30","1.670,64","","0,40%"
"04.03.2016","1.676,48","1.695,56","1.714,80","1.674,96","","-1,14%"
"03.03.2016","1.695,88","1.662,87","1.698,41","1.658,63","","1,94%"
"02.03.2016","1.663,57","1.651,43","1.675,53","1.642,99","","0,69%"
"01.03.2016","1.652,19","1.676,66","1.691,24","1.645,81","","-1,49%"
"29.02.2016","1.677,20","1.651,08","1.679,73","1.647,70","","1,52%"
"26.02.2016","1.652,04","1.668,06","1.679,53","1.640,22","","-1,00%"
"25.02.2016","1.668,79","1.683,58","1.704,60","1.666,20","","-0,95%"
"24.02.2016","1.684,72","1.691,98","1.733,55","1.678,93","","-0,48%"
"23.02.2016","1.692,84","1.656,36","1.695,12","1.652,23","","2,16%"
"22.02.2016","1.656,97","1.691,06","1.695,11","1.651,43","","-2,00%"
"19.02.2016","1.690,80","1.688,52","1.706,28","1.679,35","","0,10%"
"18.02.2016","1.689,13","1.651,49","1.704,37","1.640,64","","2,25%"
"17.02.2016","1.651,90","1.662,44","1.684,40","1.645,43","","-0,68%"
"16.02.2016","1.663,23","1.672,70","1.690,55","1.638,11","","-0,64%"
"15.02.2016","1.673,96","1.714,16","1.716,66","1.662,60","","-2,35%"
"12.02.2016","1.714,32","1.737,50","1.738,53","1.705,73","","-1,36%"
"11.02.2016","1.737,93","1.666,97","1.762,86","1.664,88","","4,21%"
"10.02.2016","1.667,77","1.648,08","1.671,09","1.634,07","","1,14%"
"09.02.2016","1.648,91","1.655,21","1.668,55","1.636,92","","-0,42%"
"08.02.2016","1.655,94","1.631,81","1.673,51","1.612,86","","1,39%"
"05.02.2016","1.633,19","1.588,53","1.634,52","1.578,59","","2,74%"
"04.02.2016","1.589,69","1.573,48","1.591,38","1.562,62","","0,98%"
"03.02.2016","1.574,26","1.586,15","1.592,21","1.558,41","","-0,78%"
"02.02.2016","1.586,58","1.573,19","1.592,01","1.570,61","","0,81%"
"01.02.2016","1.573,87","1.561,45","1.585,47","1.558,95","","0,75%"
"29.01.2016","1.562,23","1.563,26","1.577,08","1.552,26","","-0,14%"
"28.01.2016","1.564,38","1.584,74","1.587,42","1.550,66","","-1,35%"
"27.01.2016","1.585,76","1.580,65","1.594,93","1.565,52","","0,29%"
"26.01.2016","1.581,19","1.584,16","1.600,10","1.568,11","","-0,23%"
"25.01.2016","1.584,90","1.549,81","1.585,23","1.549,81","","2,22%"
"22.01.2016","1.550,46","1.570,23","1.574,01","1.546,96","","-1,28%"
"21.01.2016","1.570,59","1.596,06","1.606,48","1.556,31","","-1,66%"
"20.01.2016","1.597,14","1.583,65","1.619,07","1.581,96","","0,81%"
"19.01.2016","1.584,28","1.584,78","1.589,96","1.562,88","","-0,10%"
"18.01.2016","1.585,88","1.581,99","1.592,18","1.575,21","","0,19%"
"15.01.2016","1.582,91","1.548,08","1.590,33","1.543,68","","2,20%"
"14.01.2016","1.548,87","1.567,16","1.574,69","1.538,17","","-1,22%"
"13.01.2016","1.567,98","1.549,45","1.575,72","1.532,06","","1,14%"
"12.01.2016","1.550,34","1.554,70","1.568,28","1.537,85","","-0,35%"
"11.01.2016","1.555,80","1.563,68","1.572,62","1.546,31","","-0,56%"
"08.01.2016","1.564,58","1.564,85","1.569,71","1.539,51","","-0,05%"
"07.01.2016","1.565,39","1.538,66","1.565,92","1.534,33","","1,71%"
"06.01.2016","1.539,09","1.506,88","1.543,53","1.504,11","","2,07%"
"05.01.2016","1.507,91","1.497,84","1.514,93","1.493,93","","0,61%"
"04.01.2016","1.498,83","1.466,95","1.506,55","1.464,40","","2,03%"
"01.01.2016","1.469,07","1.467,35","1.471,38","1.467,35","","0,05%"
"31.12.2015","1.468,27","1.472,14","1.477,66","1.463,41","","-0,36%"
"30.12.2015","1.473,61","1.479,40","1.487,62","1.469,95","","-0,42%"
"29.12.2015","1.479,85","1.485,86","1.496,98","1.474,88","","-0,47%"
"28.12.2015","1.486,77","1.485,70","1.491,20","1.480,75","","-0,02%"
"25.12.2015","1.487,13","1.485,40","1.488,77","1.483,44","","0,03%"
"24.12.2015","1.486,65","1.480,45","1.493,79","1.480,02","","0,37%"
"23.12.2015","1.481,16","1.492,01","1.497,81","1.478,43","","-0,77%"
"22.12.2015","1.492,71","1.504,72","1.507,62","1.491,38","","-0,84%"
"21.12.2015","1.505,42","1.485,42","1.513,61","1.483,25","","1,18%"
"18.12.2015","1.487,88","1.465,28","1.492,33","1.463,55","","1,49%"
"17.12.2015","1.465,97","1.476,42","1.480,06","1.457,98","","-0,78%"
"16.12.2015","1.477,43","1.456,00","1.489,60","1.455,58","","1,42%"
"15.12.2015","1.456,69","1.455,63","1.465,02","1.449,47","","0,02%"
"14.12.2015","1.456,39","1.476,19","1.480,82","1.454,69","","-1,46%"
"11.12.2015","1.477,95","1.459,53","1.484,21","1.450,55","","1,22%"
"10.12.2015","1.460,12","1.455,92","1.462,61","1.449,75","","0,22%"
"09.12.2015","1.456,85","1.459,60","1.472,68","1.447,91","","-0,23%"
"08.12.2015","1.460,27","1.445,39","1.466,42","1.441,75","","1,01%"
"07.12.2015","1.445,72","1.452,25","1.458,72","1.444,04","","-0,47%"
"04.12.2015","1.452,49","1.417,76","1.456,62","1.412,90","","2,38%"
"03.12.2015","1.418,76","1.405,23","1.422,25","1.395,58","","0,92%"
"02.12.2015","1.405,80","1.427,81","1.431,14","1.403,00","","-1,60%"
"01.12.2015","1.428,72","1.422,20","1.433,53","1.418,12","","0,42%"
"30.11.2015","1.422,78","1.412,99","1.426,68","1.408,41","","0,57%"
"27.11.2015","1.414,68","1.424,24","1.428,14","1.405,35","","-0,75%"
"26.11.2015","1.425,34","1.423,09","1.429,52","1.421,87","","0,14%"
"25.11.2015","1.423,38","1.430,38","1.436,35","1.421,23","","-0,54%"
"24.11.2015","1.431,12","1.427,92","1.444,03","1.426,51","","0,15%"
"23.11.2015","1.428,93","1.436,91","1.438,68","1.424,84","","-0,65%"
"20.11.2015","1.438,31","1.436,50","1.447,67","1.431,92","","0,06%"
"19.11.2015","1.437,44","1.423,75","1.441,07","1.420,74","","0,94%"
"18.11.2015","1.424,05","1.424,72","1.432,47","1.418,94","","-0,10%"
"17.11.2015","1.425,46","1.442,35","1.446,48","1.419,14","","-1,24%"
"16.11.2015","1.443,37","1.442,27","1.461,44","1.440,32","","-0,03%"
"13.11.2015","1.443,79","1.441,91","1.445,59","1.434,71","","0,08%"
"12.11.2015","1.442,59","1.439,28","1.450,30","1.432,20","","0,18%"
"11.11.2015","1.440,03","1.445,88","1.450,61","1.436,71","","-0,44%"
"10.11.2015","1.446,41","1.450,58","1.453,04","1.439,76","","-0,34%"
"09.11.2015","1.451,33","1.448,64","1.455,41","1.443,24","","0,09%"
"06.11.2015","1.450,07","1.453,38","1.470,69","1.440,75","","-0,24%"
"05.11.2015","1.453,57","1.455,92","1.463,79","1.451,13","","-0,23%"
"04.11.2015","1.456,94","1.459,15","1.468,97","1.455,02","","-0,20%"
"03.11.2015","1.459,84","1.483,52","1.490,03","1.453,09","","-1,65%"
"02.11.2015","1.484,33","1.493,74","1.494,93","1.481,38","","-0,65%"
"30.10.2015","1.494,00","1.508,36","1.513,45","1.488,82","","-1,02%"
"29.10.2015","1.509,44","1.524,19","1.537,04","1.505,60","","-1,02%"
"28.10.2015","1.525,06","1.546,91","1.561,66","1.521,45","","-1,46%"
"27.10.2015","1.547,67","1.529,84","1.549,22","1.528,94","","1,13%"
"26.10.2015","1.530,45","1.531,76","1.537,52","1.527,55","","-0,16%"
"23.10.2015","1.532,95","1.525,42","1.549,41","1.523,66","","0,46%"
"22.10.2015","1.526,00","1.532,69","1.537,05","1.523,92","","-0,49%"
"21.10.2015","1.533,45","1.525,59","1.534,38","1.518,37","","0,45%"
"20.10.2015","1.526,64","1.523,64","1.531,58","1.519,59","","0,17%"
"19.10.2015","1.524,05","1.519,61","1.527,68","1.511,26","","0,28%"
"16.10.2015","1.519,83","1.521,19","1.529,86","1.511,50","","-0,15%"
"15.10.2015","1.522,07","1.532,31","1.536,52","1.517,22","","-0,73%"
"14.10.2015","1.533,22","1.522,63","1.539,81","1.509,09","","0,62%"
"13.10.2015","1.523,81","1.512,33","1.524,12","1.502,49","","0,73%"
"12.10.2015","1.512,79","1.498,48","1.514,53","1.493,10","","1,06%"
"09.10.2015","1.496,91","1.482,02","1.501,50","1.480,26","","0,95%"
"08.10.2015","1.482,83","1.494,88","1.497,97","1.481,12","","-0,86%"
"07.10.2015","1.495,68","1.495,02","1.501,82","1.481,63","","0,01%"
"06.10.2015","1.495,51","1.485,09","1.505,72","1.482,95","","0,65%"
"05.10.2015","1.485,88","1.496,47","1.500,67","1.478,88","","-0,74%"
"02.10.2015","1.496,94","1.476,61","1.510,78","1.462,62","","1,32%"
"01.10.2015","1.477,40","1.483,48","1.487,28","1.473,60","","-0,48%"
"30.09.2015","1.484,57","1.512,41","1.515,11","1.482,10","","-1,88%"
"29.09.2015","1.513,01","1.515,96","1.523,09","1.507,41","","-0,26%"
"28.09.2015","1.516,89","1.527,55","1.531,21","1.505,91","","-0,77%"
"25.09.2015","1.528,69","1.534,42","1.540,77","1.520,05","","-0,41%"
"24.09.2015","1.534,94","1.504,98","1.545,70","1.504,53","","1,95%"
"23.09.2015","1.505,63","1.491,54","1.512,10","1.488,82","","0,89%"
"22.09.2015","1.492,42","1.501,47","1.505,97","1.486,98","","-0,65%"
"21.09.2015","1.502,24","1.503,82","1.507,67","1.489,43","","-0,29%"
"18.09.2015","1.506,63","1.490,86","1.507,53","1.474,63","","1,00%"
"17.09.2015","1.491,72","1.473,58","1.493,96","1.467,57","","1,17%"
"16.09.2015","1.474,50","1.463,72","1.481,83","1.459,55","","0,70%"
"15.09.2015","1.464,19","1.470,51","1.471,31","1.459,51","","-0,46%"
"14.09.2015","1.470,93","1.468,21","1.474,12","1.460,57","","0,13%"
"11.09.2015","1.469,03","1.470,98","1.474,87","1.456,35","","-0,21%"
"10.09.2015","1.472,07","1.467,92","1.477,44","1.459,85","","0,24%"
"09.09.2015","1.468,56","1.480,98","1.485,43","1.456,18","","-0,88%"
"08.09.2015","1.481,56","1.489,07","1.493,17","1.479,25","","-0,55%"
"07.09.2015","1.489,68","1.490,03","1.492,58","1.483,08","","-0,04%"
"04.09.2015","1.490,26","1.482,43","1.493,09","1.476,78","","0,50%"
"03.09.2015","1.482,82","1.503,56","1.505,19","1.478,53","","-1,46%"
"02.09.2015","1.504,83","1.511,17","1.514,07","1.500,31","","-0,48%"
"01.09.2015","1.512,10","1.490,36","1.512,21","1.488,73","","1,38%"
"31.08.2015","1.491,45","1.496,19","1.506,84","1.487,40","","-0,36%"
"28.08.2015","1.496,86","1.483,64","1.514,35","1.481,79","","0,84%"
"27.08.2015","1.484,45","1.494,99","1.500,30","1.479,78","","-0,75%"
"26.08.2015","1.495,69","1.521,26","1.530,61","1.486,54","","-1,71%"
"25.08.2015","1.521,75","1.533,78","1.535,19","1.503,10","","-0,85%"
"24.08.2015","1.534,83","1.527,38","1.551,13","1.517,77","","0,25%"
"21.08.2015","1.530,96","1.507,34","1.531,31","1.503,19","","1,52%"
"20.08.2015","1.508,11","1.488,08","1.513,03","1.483,88","","1,27%"
"19.08.2015","1.489,22","1.459,10","1.489,33","1.456,05","","2,03%"
"18.08.2015","1.459,62","1.461,01","1.470,70","1.451,32","","-0,13%"
"17.08.2015","1.461,59","1.457,28","1.472,61","1.457,28","","0,17%"
"14.08.2015","1.459,18","1.455,51","1.464,41","1.452,07","","0,22%"
"13.08.2015","1.455,98","1.458,25","1.463,31","1.448,78","","-0,23%"
"12.08.2015","1.459,27","1.453,72","1.469,87","1.445,61","","0,35%"
"11.08.2015","1.454,18","1.435,49","1.459,15","1.429,21","","1,25%"
"10.08.2015","1.436,29","1.434,34","1.448,22","1.432,02","","-0,02%"
"07.08.2015","1.436,58","1.427,75","1.443,75","1.423,07","","0,39%"
"06.08.2015","1.430,99","1.429,14","1.440,84","1.425,60","","0,07%"
"05.08.2015","1.430,04","1.434,08","1.438,31","1.424,72","","-0,33%"
"04.08.2015","1.434,72","1.427,76","1.438,01","1.422,93","","0,39%"
"03.08.2015","1.429,08","1.434,32","1.441,97","1.426,29","","-0,35%"
"31.07.2015","1.434,04","1.413,08","1.434,73","1.407,10","","1,33%"
"30.07.2015","1.415,26","1.418,95","1.429,40","1.404,02","","-0,31%"
"29.07.2015","1.419,72","1.414,11","1.423,84","1.406,78","","0,32%"
"28.07.2015","1.415,18","1.425,65","1.430,68","1.413,51","","-0,79%"
"27.07.2015","1.426,41","1.431,59","1.440,01","1.417,60","","-0,54%"
"24.07.2015","1.434,16","1.420,96","1.439,61","1.403,01","","0,89%"
"23.07.2015","1.421,47","1.424,84","1.437,48","1.416,31","","-0,33%"
"22.07.2015","1.426,20","1.425,04","1.429,45","1.411,63","","0,03%"
"21.07.2015","1.425,72","1.423,46","1.441,45","1.421,95","","0,04%"
"20.07.2015","1.425,10","1.470,28","1.472,94","1.413,59","","-3,17%"
"17.07.2015","1.471,74","1.482,78","1.487,00","1.467,42","","-0,80%"
"16.07.2015","1.483,60","1.483,32","1.486,14","1.475,96","","-0,06%"
"15.07.2015","1.484,53","1.469,80","1.488,59","1.465,94","","0,94%"
"14.07.2015","1.470,64","1.474,64","1.479,54","1.468,92","","-0,32%"
"13.07.2015","1.475,43","1.474,35","1.479,57","1.465,61","","0,17%"
"10.07.2015","1.472,96","1.471,90","1.481,42","1.469,18","","0,03%"
"09.07.2015","1.472,52","1.475,02","1.483,63","1.470,16","","-0,22%"
"08.07.2015","1.475,71","1.468,98","1.484,92","1.461,18","","0,43%"
"07.07.2015","1.469,40","1.480,18","1.487,49","1.464,50","","-0,77%"
"06.07.2015","1.480,81","1.467,36","1.485,63","1.462,36","","0,79%"
"03.07.2015","1.469,24","1.461,26","1.473,84","1.460,00","","0,50%"
"02.07.2015","1.461,99","1.470,84","1.472,44","1.456,03","","-0,64%"
"01.07.2015","1.471,41","1.463,30","1.474,21","1.460,47","","0,54%"
"30.06.2015","1.463,51","1.462,57","1.470,63","1.446,00","","0,03%"
"29.06.2015","1.463,07","1.449,55","1.466,79","1.447,20","","1,04%"
"26.06.2015","1.447,95","1.444,93","1.456,52","1.443,96","","0,18%"
"25.06.2015","1.445,29","1.455,19","1.459,16","1.442,97","","-0,69%"
"24.06.2015","1.455,33","1.452,01","1.458,12","1.442,88","","0,17%"
"23.06.2015","1.452,81","1.459,05","1.465,80","1.449,62","","-0,47%"
"22.06.2015","1.459,61","1.471,51","1.473,88","1.451,44","","-0,85%"
"19.06.2015","1.472,12","1.468,49","1.480,45","1.463,54","","0,21%"
"18.06.2015","1.469,01","1.448,23","1.473,10","1.446,83","","1,39%"
"17.06.2015","1.448,85","1.452,07","1.457,60","1.445,14","","-0,31%"
"16.06.2015","1.453,35","1.461,75","1.464,05","1.448,19","","-0,62%"
"15.06.2015","1.462,42","1.453,54","1.468,06","1.447,36","","0,44%"
"12.06.2015","1.455,99","1.451,72","1.459,86","1.447,59","","0,22%"
"11.06.2015","1.452,74","1.452,66","1.458,19","1.448,33","","-0,05%"
"10.06.2015","1.453,47","1.451,05","1.460,04","1.447,29","","0,09%"
"09.06.2015","1.452,15","1.456,47","1.466,44","1.447,74","","-0,33%"
"08.06.2015","1.456,99","1.456,92","1.467,92","1.451,99","","-0,04%"
"05.06.2015","1.457,60","1.469,67","1.474,43","1.454,17","","-0,90%"
"04.06.2015","1.470,79","1.474,81","1.478,78","1.462,48","","-0,33%"
"03.06.2015","1.475,62","1.478,42","1.489,54","1.468,27","","-0,26%"
"02.06.2015","1.479,53","1.488,38","1.494,58","1.474,42","","-0,64%"
"01.06.2015","1.489,12","1.479,93","1.508,29","1.477,61","","0,49%"
"29.05.2015","1.481,81","1.477,34","1.492,34","1.473,79","","0,27%"
"28.05.2015","1.477,89","1.478,31","1.488,01","1.475,64","","-0,10%"
"27.05.2015","1.479,36","1.474,81","1.484,13","1.472,79","","0,22%"
"26.05.2015","1.476,10","1.486,17","1.487,96","1.469,77","","-0,68%"
"25.05.2015","1.486,15","1.481,06","1.488,23","1.477,36","","0,34%"
"22.05.2015","1.481,05","1.469,93","1.485,12","1.467,75","","0,65%"
"21.05.2015","1.471,51","1.476,21","1.479,12","1.467,05","","-0,38%"
"20.05.2015","1.477,17","1.476,59","1.483,78","1.472,26","","-0,02%"
"19.05.2015","1.477,51","1.489,39","1.491,63","1.472,71","","-0,84%"
"18.05.2015","1.490,06","1.468,10","1.494,28","1.466,51","","1,32%"
"15.05.2015","1.470,71","1.462,39","1.475,85","1.454,29","","0,52%"
"14.05.2015","1.463,06","1.452,91","1.471,14","1.446,15","","0,64%"
"13.05.2015","1.453,74","1.433,83","1.455,97","1.426,77","","1,33%"
"12.05.2015","1.434,67","1.431,77","1.441,31","1.426,09","","0,12%"
"11.05.2015","1.432,88","1.434,09","1.444,61","1.424,88","","-0,13%"
"08.05.2015","1.434,70","1.435,49","1.442,51","1.427,48","","-0,11%"
"07.05.2015","1.436,30","1.435,18","1.442,96","1.423,24","","0,01%"
"06.05.2015","1.436,12","1.438,85","1.445,12","1.420,71","","-0,24%"
"05.05.2015","1.439,63","1.436,95","1.449,83","1.433,99","","0,16%"
"04.05.2015","1.437,37","1.431,98","1.446,03","1.429,06","","0,30%"
"01.05.2015","1.433,00","1.431,97","1.433,00","1.431,97","","0,19%"
"30.04.2015","1.430,28","1.447,57","1.452,44","1.418,60","","-1,23%"
"29.04.2015","1.448,05","1.458,04","1.459,97","1.443,07","","-0,72%"
"28.04.2015","1.458,58","1.452,17","1.462,56","1.447,44","","0,39%"
"27.04.2015","1.452,91","1.435,98","1.461,19","1.433,05","","1,13%"
"24.04.2015","1.436,67","1.448,97","1.452,16","1.429,21","","-0,93%"
"23.04.2015","1.450,12","1.452,14","1.458,47","1.443,73","","-0,17%"
"22.04.2015","1.452,65","1.475,63","1.477,81","1.449,32","","-1,62%"
"21.04.2015","1.476,61","1.461,02","1.482,01","1.459,93","","1,00%"
"20.04.2015","1.461,93","1.471,47","1.474,92","1.451,85","","-0,90%"
"17.04.2015","1.475,27","1.459,71","1.478,02","1.453,83","","0,99%"
"16.04.2015","1.460,80","1.476,59","1.489,91","1.456,98","","-1,15%"
"15.04.2015","1.477,76","1.488,44","1.504,30","1.475,27","","-0,77%"
"14.04.2015","1.489,25","1.509,51","1.512,39","1.486,48","","-1,38%"
"13.04.2015","1.510,02","1.518,50","1.523,14","1.506,41","","-0,50%"
"10.04.2015","1.517,55","1.501,52","1.525,35","1.500,81","","0,96%"
"09.04.2015","1.503,06","1.507,11","1.511,16","1.498,04","","-0,35%"
"08.04.2015","1.508,30","1.510,87","1.513,90","1.494,41","","-0,26%"
"07.04.2015","1.512,23","1.514,67","1.519,43","1.505,83","","-0,26%"
"06.04.2015","1.516,13","1.506,70","1.525,12","1.506,70","","0,29%"
"03.04.2015","1.511,75","1.508,86","1.512,84","1.492,11","","0,11%"
"02.04.2015","1.510,03","1.518,57","1.525,37","1.502,03","","-0,62%"
"01.04.2015","1.519,44","1.500,74","1.522,38","1.497,07","","1,18%"
"31.03.2015","1.501,69","1.502,95","1.517,85","1.495,05","","-0,13%"
"30.03.2015","1.503,64","1.510,13","1.512,63","1.494,88","","-0,52%"
"27.03.2015","1.511,51","1.503,34","1.513,32","1.491,11","","0,49%"
"26.03.2015","1.504,08","1.495,80","1.517,79","1.493,72","","0,52%"
"25.03.2015","1.496,35","1.490,36","1.501,86","1.482,63","","0,36%"
"24.03.2015","1.490,97","1.489,04","1.493,70","1.482,40","","0,08%"
"23.03.2015","1.489,74","1.484,11","1.493,79","1.479,74","","0,36%"
"20.03.2015","1.484,38","1.488,85","1.493,87","1.480,43","","-0,35%"
"19.03.2015","1.489,65","1.466,49","1.494,78","1.464,08","","1,52%"
"18.03.2015","1.467,33","1.470,10","1.486,98","1.462,76","","-0,22%"
"17.03.2015","1.470,52","1.473,89","1.479,76","1.459,95","","-0,30%"
"16.03.2015","1.474,96","1.482,02","1.489,25","1.468,45","","-0,32%"
"13.03.2015","1.479,74","1.462,95","1.482,33","1.462,29","","1,10%"
"12.03.2015","1.463,71","1.472,69","1.483,63","1.458,12","","-0,64%"
"11.03.2015","1.473,18","1.473,37","1.479,40","1.462,06","","-0,08%"
"10.03.2015","1.474,43","1.470,46","1.479,62","1.460,94","","0,23%"
"09.03.2015","1.471,03","1.472,79","1.480,37","1.467,84","","-0,18%"
"06.03.2015","1.473,63","1.495,50","1.499,41","1.467,37","","-1,52%"
"05.03.2015","1.496,36","1.490,89","1.509,34","1.485,85","","0,31%"
"04.03.2015","1.491,80","1.503,19","1.512,59","1.487,09","","-0,81%"
"03.03.2015","1.504,02","1.512,25","1.517,22","1.495,72","","-0,60%"
"02.03.2015","1.513,10","1.512,90","1.530,49","1.509,59","","-0,29%"
"27.02.2015","1.517,47","1.512,95","1.524,23","1.501,85","","0,25%"
"26.02.2015","1.513,69","1.497,58","1.520,06","1.495,73","","1,04%"
"25.02.2015","1.498,11","1.497,57","1.511,91","1.493,23","","-0,02%"
"24.02.2015","1.498,46","1.510,34","1.518,68","1.496,53","","-0,80%"
"23.02.2015","1.510,61","1.504,81","1.523,17","1.498,08","","0,31%"
"20.02.2015","1.505,87","1.507,30","1.521,75","1.494,62","","-0,16%"
"19.02.2015","1.508,22","1.509,66","1.531,89","1.505,53","","-0,14%"
"18.02.2015","1.510,35","1.497,98","1.510,66","1.487,16","","0,76%"
"17.02.2015","1.498,98","1.534,57","1.538,99","1.492,25","","-2,36%"
"16.02.2015","1.535,22","1.527,66","1.539,44","1.527,05","","0,29%"
"13.02.2015","1.530,77","1.526,85","1.541,40","1.526,13","","0,19%"
"12.02.2015","1.527,83","1.539,14","1.552,06","1.521,16","","-0,80%"
"11.02.2015","1.540,09","1.552,35","1.564,22","1.535,28","","-0,82%"
"10.02.2015","1.552,86","1.543,73","1.557,60","1.537,44","","0,52%"
"09.02.2015","1.544,79","1.546,44","1.556,80","1.537,16","","-0,06%"
"06.02.2015","1.545,75","1.571,83","1.580,31","1.536,51","","-1,72%"
"05.02.2015","1.572,84","1.595,48","1.602,57","1.560,82","","-1,47%"
"04.02.2015","1.596,27","1.564,04","1.600,42","1.559,00","","2,00%"
"03.02.2015","1.565,04","1.600,85","1.621,52","1.555,63","","-2,25%"
"02.02.2015","1.601,03","1.633,58","1.634,27","1.594,01","","-2,05%"
"30.01.2015","1.634,62","1.585,20","1.634,88","1.585,08","","3,03%"
"29.01.2015","1.586,59","1.609,50","1.611,11","1.582,18","","-1,49%"
"28.01.2015","1.610,57","1.601,95","1.613,32","1.596,06","","0,52%"
"27.01.2015","1.602,20","1.597,60","1.608,06","1.587,59","","0,24%"
"26.01.2015","1.598,42","1.609,65","1.618,04","1.585,45","","-0,59%"
"23.01.2015","1.607,95","1.611,32","1.617,95","1.593,80","","-0,27%"
"22.01.2015","1.612,32","1.595,22","1.619,69","1.577,71","","1,04%"
"21.01.2015","1.595,75","1.567,53","1.602,84","1.556,31","","1,72%"
"20.01.2015","1.568,83","1.524,51","1.569,51","1.522,79","","2,89%"
"19.01.2015","1.524,70","1.533,01","1.534,62","1.520,43","","-0,61%"
"16.01.2015","1.534,13","1.509,09","1.537,30","1.500,84","","1,60%"
"15.01.2015","1.509,95","1.468,28","1.511,40","1.465,64","","2,83%"
"14.01.2015","1.468,36","1.470,47","1.486,62","1.465,58","","-0,22%"
"13.01.2015","1.471,55","1.475,73","1.490,19","1.467,63","","-0,36%"
"12.01.2015","1.476,88","1.449,30","1.478,82","1.446,84","","1,72%"
"09.01.2015","1.451,87","1.429,65","1.454,05","1.427,15","","1,51%"
"08.01.2015","1.430,31","1.430,43","1.438,34","1.420,70","","-0,07%"
"07.01.2015","1.431,33","1.441,61","1.445,68","1.429,32","","-0,78%"
"06.01.2015","1.442,52","1.416,26","1.444,07","1.411,15","","1,78%"
"05.01.2015","1.417,33","1.400,14","1.419,62","1.394,05","","1,20%"
"02.01.2015","1.400,59","1.371,96","1.402,17","1.364,63","","2,00%"