"Fecha","Último","Apertura","Máximo","Mínimo","Vol.","% var."
"31.12.2024","19.151,99","19.025,61","19.181,62","18.993,96","","0,67%"
"30.12.2024","19.025,11","19.124,13","19.185,95","18.948,38","","-0,50%"
"27.12.2024","19.120,76","19.216,16","19.260,69","19.059,88","","-0,48%"
"26.12.2024","19.212,61","19.089,44","19.262,75","19.078,28","","0,75%"
"25.12.2024","19.069,83","19.071,87","19.079,85","19.071,87","","0,04%"
"24.12.2024","19.062,25","19.072,87","19.136,63","19.041,40","","0,00%"
"23.12.2024","19.063,03","19.133,27","19.222,66","19.033,97","","-0,31%"
"20.12.2024","19.121,55","18.928,89","19.203,94","18.896,03","","1,04%"
"19.12.2024","18.925,08","18.840,89","19.167,35","18.825,15","","0,48%"
"18.12.2024","18.835,49","19.276,45","19.318,23","18.828,78","","-2,29%"
"17.12.2024","19.276,00","19.326,23","19.374,63","19.183,24","","-0,21%"
"16.12.2024","19.317,31","19.275,55","19.410,90","19.233,63","","0,24%"
"13.12.2024","19.270,59","19.491,30","19.587,68","19.252,23","","-1,08%"
"12.12.2024","19.481,18","19.727,96","19.797,81","19.447,54","","-1,22%"
"11.12.2024","19.721,26","19.530,59","19.761,73","19.387,77","","1,04%"
"10.12.2024","19.518,67","19.316,98","19.547,21","19.291,70","","1,10%"
"09.12.2024","19.306,97","19.163,82","19.438,80","19.105,26","","0,87%"
"06.12.2024","19.141,26","19.108,92","19.215,38","18.975,08","","0,23%"
"05.12.2024","19.098,08","19.252,13","19.290,55","19.047,53","","-0,76%"
"04.12.2024","19.244,65","19.260,52","19.299,38","19.140,35","","-0,07%"
"03.12.2024","19.257,17","19.191,31","19.347,24","19.172,98","","0,40%"
"02.12.2024","19.180,32","19.221,22","19.277,57","18.996,91","","-0,19%"
"29.11.2024","19.217,78","19.134,13","19.303,26","19.082,85","","0,45%"
"28.11.2024","19.131,11","19.103,15","19.220,26","18.984,42","","0,10%"
"27.11.2024","19.112,83","19.096,04","19.263,96","19.051,61","","0,09%"
"26.11.2024","19.095,17","19.000,09","19.151,08","18.861,81","","0,58%"
"25.11.2024","18.985,30","19.672,94","19.718,77","18.937,14","","-3,40%"
"22.11.2024","19.654,07","19.322,06","19.657,07","19.307,91","","1,84%"
"21.11.2024","19.298,70","19.198,22","19.362,76","19.187,18","","0,49%"
"20.11.2024","19.204,75","19.056,11","19.241,91","18.963,41","","0,81%"
"19.11.2024","19.051,01","18.898,84","19.110,27","18.889,07","","0,82%"
"18.11.2024","18.895,47","18.526,32","18.926,73","18.526,32","","2,03%"
"15.11.2024","18.519,85","18.545,59","18.635,35","18.482,01","","-0,05%"
"14.11.2024","18.529,76","18.588,73","18.653,59","18.378,10","","-0,30%"
"13.11.2024","18.585,03","18.793,49","18.887,36","18.588,44","","-1,08%"
"12.11.2024","18.788,74","18.894,91","18.973,01","18.740,02","","-0,50%"
"11.11.2024","18.883,61","19.274,12","19.286,34","18.835,50","","-1,98%"
"08.11.2024","19.265,44","19.326,64","19.400,55","19.180,93","","-0,28%"
"07.11.2024","19.320,29","19.089,65","19.354,99","18.975,84","","1,24%"
"06.11.2024","19.083,89","19.496,25","19.636,16","19.042,63","","-2,10%"
"05.11.2024","19.493,59","19.428,88","19.531,79","19.359,89","","0,38%"
"04.11.2024","19.419,79","19.473,38","19.525,63","19.395,90","","-0,33%"
"01.11.2024","19.484,08","19.526,72","19.651,82","19.466,93","","-0,24%"
"31.10.2024","19.530,03","19.833,81","19.863,10","19.441,70","","-1,52%"
"30.10.2024","19.831,07","19.788,70","19.896,03","19.742,13","","0,25%"
"29.10.2024","19.782,18","19.541,98","19.790,22","19.523,13","","1,25%"
"28.10.2024","19.538,13","19.473,60","19.572,85","19.401,54","","-0,13%"
"25.10.2024","19.563,30","19.480,45","19.567,04","19.354,98","","0,47%"
"24.10.2024","19.471,16","19.350,49","19.526,66","19.346,99","","0,68%"
"23.10.2024","19.339,85","19.580,35","19.662,42","19.302,43","","-1,22%"
"22.10.2024","19.578,14","19.371,96","19.582,46","19.357,30","","1,15%"
"21.10.2024","19.356,02","19.330,27","19.492,59","19.315,85","","0,16%"
"18.10.2024","19.324,45","19.183,29","19.338,51","19.173,56","","0,75%"
"17.10.2024","19.181,25","19.029,28","19.207,65","19.023,53","","0,85%"
"16.10.2024","19.019,65","18.958,04","19.107,63","18.928,82","","0,38%"
"15.10.2024","18.947,59","18.775,02","19.002,48","18.759,48","","0,95%"
"14.10.2024","18.769,99","18.777,94","18.875,23","18.681,70","","0,01%"
"11.10.2024","18.768,76","18.617,23","18.808,74","18.603,07","","0,88%"
"10.10.2024","18.605,74","18.465,70","18.631,29","18.434,91","","0,77%"
"09.10.2024","18.462,66","18.511,06","18.539,07","18.431,17","","-0,24%"
"08.10.2024","18.506,51","18.547,88","18.711,48","18.378,13","","-0,19%"
"07.10.2024","18.541,48","18.607,45","18.668,54","18.512,70","","-0,42%"
"04.10.2024","18.619,38","18.642,57","18.740,47","18.472,65","","-0,08%"
"03.10.2024","18.634,82","18.662,09","18.693,07","18.526,95","","-0,08%"
"02.10.2024","18.650,46","18.693,88","18.698,90","18.537,12","","-0,17%"
"01.10.2024","18.682,48","18.491,96","18.761,81","18.472,52","","1,06%"
"30.09.2024","18.486,88","18.637,47","18.692,22","18.422,02","","-0,79%"
"27.09.2024","18.635,01","18.737,11","18.753,85","18.531,22","","-0,53%"
"26.09.2024","18.733,44","18.685,99","18.834,09","18.612,88","","0,28%"
"25.09.2024","18.682,01","18.686,69","18.747,20","18.608,86","","0,00%"
"24.09.2024","18.681,17","18.535,46","18.736,16","18.449,56","","0,84%"
"23.09.2024","18.524,64","18.487,04","18.593,38","18.443,26","","0,21%"
"20.09.2024","18.486,11","18.282,13","18.515,13","18.249,81","","1,13%"
"19.09.2024","18.278,96","18.124,47","18.324,89","18.080,18","","0,88%"
"18.09.2024","18.118,67","18.227,52","18.414,29","18.037,29","","-0,57%"
"17.09.2024","18.223,41","18.322,56","18.351,47","18.165,87","","-0,46%"
"16.09.2024","18.308,45","18.287,98","18.371,12","18.269,08","","0,14%"
"13.09.2024","18.283,46","18.213,07","18.345,61","18.189,17","","0,41%"
"12.09.2024","18.209,43","17.882,04","18.222,53","17.875,13","","1,84%"
"11.09.2024","17.880,94","17.920,76","17.992,72","17.803,85","","-0,17%"
"10.09.2024","17.911,45","17.828,73","17.935,37","17.800,53","","0,52%"
"09.09.2024","17.818,69","17.703,00","17.836,88","17.668,63","","0,68%"
"06.09.2024","17.697,92","17.851,66","17.913,42","17.616,70","","-0,84%"
"05.09.2024","17.847,49","17.748,49","17.894,71","17.707,32","","0,58%"
"04.09.2024","17.744,40","17.753,06","17.787,62","17.590,03","","0,00%"
"03.09.2024","17.743,82","17.797,27","17.838,54","17.618,81","","-0,25%"
"02.09.2024","17.787,45","17.746,27","17.827,66","17.701,24","","0,23%"
"30.08.2024","17.746,50","17.895,29","17.922,02","17.686,91","","-0,82%"
"29.08.2024","17.893,46","17.832,35","17.948,20","17.776,76","","0,29%"
"28.08.2024","17.842,17","17.987,11","18.019,56","17.778,38","","-0,75%"
"27.08.2024","17.977,30","17.940,19","17.999,08","17.840,87","","0,26%"
"26.08.2024","17.930,33","17.893,81","18.004,64","17.870,04","","0,18%"
"23.08.2024","17.897,48","17.752,03","17.973,15","17.727,55","","0,87%"
"22.08.2024","17.742,36","17.923,97","17.942,47","17.649,95","","-0,96%"
"21.08.2024","17.914,09","17.931,84","17.976,64","17.798,26","","-0,04%"
"20.08.2024","17.921,06","17.870,76","18.069,40","17.834,99","","0,24%"
"19.08.2024","17.878,24","17.972,56","17.987,21","17.751,94","","-0,49%"
"16.08.2024","17.965,45","17.629,35","17.983,23","17.582,96","","1,94%"
"15.08.2024","17.623,68","17.473,38","17.680,95","17.408,24","","0,88%"
"14.08.2024","17.470,03","17.639,11","17.716,71","17.404,97","","-0,94%"
"13.08.2024","17.635,82","17.743,63","17.772,60","17.607,53","","-0,47%"
"12.08.2024","17.719,19","17.425,21","17.747,21","17.388,88","","1,72%"
"09.08.2024","17.420,01","17.418,20","17.467,75","17.322,80","","0,03%"
"08.08.2024","17.414,77","17.101,28","17.422,23","17.086,01","","1,84%"
"07.08.2024","17.099,55","17.117,86","17.283,82","17.026,73","","-0,04%"
"06.08.2024","17.106,42","17.169,79","17.290,53","17.045,79","","-0,48%"
"05.08.2024","17.189,29","17.494,58","17.539,61","16.828,94","","-1,74%"
"02.08.2024","17.494,26","17.718,45","17.844,91","17.261,30","","-1,22%"
"01.08.2024","17.710,23","17.669,87","17.838,08","17.603,23","","0,27%"
"31.07.2024","17.662,42","17.480,32","17.695,62","17.395,68","","1,14%"
"30.07.2024","17.462,68","17.308,12","17.497,03","17.255,40","","0,90%"
"29.07.2024","17.306,47","17.309,67","17.425,90","17.204,53","","0,01%"
"26.07.2024","17.304,85","17.095,71","17.334,11","17.036,70","","1,23%"
"25.07.2024","17.095,10","17.414,97","17.440,46","17.017,21","","-1,78%"
"24.07.2024","17.405,68","17.529,66","17.666,17","17.405,38","","-0,66%"
"23.07.2024","17.520,50","17.432,82","17.546,82","17.373,31","","0,52%"
"22.07.2024","17.430,31","17.450,14","17.546,29","17.340,58","","-0,13%"
"19.07.2024","17.452,54","17.754,43","17.761,20","17.402,78","","-1,69%"
"18.07.2024","17.752,30","17.854,03","17.954,82","17.718,44","","-0,51%"
"17.07.2024","17.844,08","17.945,90","18.041,73","17.801,93","","-0,56%"
"16.07.2024","17.943,89","17.586,52","17.951,82","17.568,95","","2,05%"
"15.07.2024","17.582,65","17.484,27","17.712,14","17.436,91","","0,58%"
"12.07.2024","17.480,92","17.529,94","17.541,47","17.348,46","","-0,26%"
"11.07.2024","17.526,89","17.252,94","17.598,26","17.246,10","","1,60%"
"10.07.2024","17.251,23","17.193,07","17.366,31","17.183,04","","0,35%"
"09.07.2024","17.191,10","17.157,69","17.246,05","17.087,43","","0,28%"
"08.07.2024","17.143,74","17.384,22","17.384,78","17.089,76","","-1,37%"
"05.07.2024","17.381,20","17.138,49","17.393,45","17.109,60","","1,52%"
"04.07.2024","17.121,45","17.130,27","17.176,95","17.093,94","","-0,03%"
"03.07.2024","17.126,29","16.939,50","17.191,29","16.924,43","","1,12%"
"02.07.2024","16.936,81","16.948,96","16.992,38","16.863,85","","-0,05%"
"01.07.2024","16.945,90","16.906,97","16.998,25","16.850,88","","0,22%"
"28.06.2024","16.907,99","16.921,92","16.995,69","16.851,55","","-0,07%"
"27.06.2024","16.919,15","16.698,94","16.943,14","16.689,49","","1,39%"
"26.06.2024","16.687,47","16.848,30","16.878,73","16.667,47","","-0,93%"
"25.06.2024","16.843,68","16.946,73","16.974,51","16.817,79","","-0,53%"
"24.06.2024","16.933,44","16.857,05","16.949,79","16.826,31","","0,45%"
"21.06.2024","16.857,41","17.135,35","17.199,98","16.821,87","","-1,62%"
"20.06.2024","17.134,40","16.889,10","17.174,78","16.889,10","","1,50%"
"19.06.2024","16.881,80","16.898,59","16.945,71","16.864,49","","-0,08%"
"18.06.2024","16.895,19","16.827,71","16.926,41","16.737,20","","0,46%"
"17.06.2024","16.817,54","16.921,86","16.931,15","16.761,89","","-0,63%"
"14.06.2024","16.924,07","16.706,49","16.954,69","16.690,57","","1,31%"
"13.06.2024","16.705,15","16.825,85","16.870,05","16.648,62","","-0,64%"
"12.06.2024","16.812,86","16.810,88","16.960,70","16.761,20","","0,03%"
"11.06.2024","16.806,99","16.749,80","16.831,06","16.665,69","","0,39%"
"10.06.2024","16.741,07","16.640,87","16.770,32","16.577,86","","0,75%"
"07.06.2024","16.616,78","17.215,20","17.301,19","16.573,95","","-3,46%"
"06.06.2024","17.212,47","17.065,41","17.233,96","17.053,01","","0,90%"
"05.06.2024","17.058,85","16.846,31","17.090,38","16.832,31","","1,31%"
"04.06.2024","16.837,48","17.025,39","17.040,98","16.768,03","","-1,05%"
"03.06.2024","17.015,91","16.843,44","17.054,82","16.771,74","","0,98%"
"31.05.2024","16.850,25","16.947,76","17.082,11","16.804,78","","-0,63%"
"30.05.2024","16.957,27","16.945,51","17.022,35","16.838,44","","0,08%"
"29.05.2024","16.944,30","17.090,84","17.118,84","16.925,62","","-0,96%"
"28.05.2024","17.107,87","17.041,16","17.127,93","16.959,33","","0,46%"
"27.05.2024","17.028,76","16.908,79","17.084,79","16.893,26","","0,75%"
"24.05.2024","16.901,39","16.866,29","17.003,82","16.846,96","","0,22%"
"23.05.2024","16.864,29","17.225,02","17.262,14","16.851,75","","-2,07%"
"22.05.2024","17.220,53","17.530,23","17.567,05","17.197,80","","-1,72%"
"21.05.2024","17.521,80","17.554,09","17.607,77","17.410,72","","-0,17%"
"20.05.2024","17.550,94","17.446,83","17.713,31","17.413,13","","0,61%"
"17.05.2024","17.443,72","17.156,42","17.503,53","17.151,43","","1,71%"
"16.05.2024","17.150,35","17.225,98","17.308,31","17.116,56","","-0,42%"
"15.05.2024","17.222,58","17.056,98","17.257,21","16.987,90","","1,02%"
"14.05.2024","17.048,57","16.897,59","17.069,87","16.885,48","","0,91%"
"13.05.2024","16.895,14","17.074,72","17.090,95","16.869,38","","-0,94%"
"10.05.2024","17.054,62","16.945,05","17.183,81","16.936,03","","0,68%"
"09.05.2024","16.939,60","16.678,54","16.952,92","16.669,23","","1,61%"
"08.05.2024","16.671,78","16.704,79","16.772,26","16.647,43","","-0,19%"
"07.05.2024","16.703,55","16.753,08","16.797,03","16.673,66","","-0,27%"
"06.05.2024","16.748,19","16.672,63","16.806,42","16.595,11","","0,47%"
"03.05.2024","16.670,54","16.681,87","16.811,23","16.491,35","","-0,01%"
"02.05.2024","16.671,78","16.794,43","16.846,93","16.550,11","","-0,71%"
"01.05.2024","16.790,81","16.554,37","16.860,14","16.521,73","","1,46%"
"30.04.2024","16.548,91","16.893,32","16.914,05","16.546,42","","-2,01%"
"29.04.2024","16.888,49","16.948,76","16.982,52","16.811,22","","-0,29%"
"26.04.2024","16.937,66","16.884,53","17.048,96","16.842,19","","0,35%"
"25.04.2024","16.879,08","16.781,90","16.988,65","16.705,82","","0,60%"
"24.04.2024","16.778,74","16.824,52","16.935,03","16.752,14","","-0,25%"
"23.04.2024","16.820,90","16.856,99","16.909,82","16.605,52","","-0,18%"
"22.04.2024","16.851,49","17.291,37","17.295,15","16.843,16","","-2,67%"
"19.04.2024","17.314,38","17.221,41","17.509,19","17.182,30","","0,56%"
"18.04.2024","17.218,39","17.070,85","17.320,25","17.070,85","","0,83%"
"17.04.2024","17.076,76","17.246,45","17.341,66","17.046,37","","-0,95%"
"16.04.2024","17.241,36","17.248,94","17.360,42","17.106,70","","0,01%"
"15.04.2024","17.240,37","16.963,34","17.281,77","16.827,05","","1,67%"
"12.04.2024","16.957,90","17.165,91","17.598,22","16.891,21","","-1,22%"
"11.04.2024","17.166,80","16.880,10","17.209,07","16.832,03","","1,71%"
"10.04.2024","16.878,10","17.017,18","17.068,64","16.780,05","","-0,79%"
"09.04.2024","17.012,99","16.912,93","17.110,79","16.898,06","","0,61%"
"08.04.2024","16.910,46","16.796,73","17.026,58","16.658,29","","0,37%"
"05.04.2024","16.848,62","16.569,09","16.857,10","16.405,07","","1,72%"
"04.04.2024","16.564,08","16.634,40","16.676,03","16.493,99","","-0,39%"
"03.04.2024","16.628,39","16.492,23","16.646,46","16.392,59","","0,85%"
"02.04.2024","16.488,89","16.280,87","16.499,58","16.245,95","","1,28%"
"01.04.2024","16.280,12","16.175,21","16.379,19","16.114,38","","1,00%"
"29.03.2024","16.118,42","16.140,75","16.143,70","16.120,11","","-0,14%"
"28.03.2024","16.140,37","15.862,05","16.158,81","15.808,39","","1,78%"
"27.03.2024","15.857,83","15.727,92","15.880,29","15.703,90","","0,86%"
"26.03.2024","15.723,08","15.662,70","15.881,42","15.637,86","","0,42%"
"25.03.2024","15.657,17","15.657,50","15.728,91","15.594,04","","0,04%"
"22.03.2024","15.651,36","15.703,96","15.763,57","15.594,97","","-0,31%"
"21.03.2024","15.700,71","15.739,38","16.003,40","15.597,68","","-0,22%"
"20.03.2024","15.735,94","15.532,89","15.758,63","15.473,36","","1,33%"
"19.03.2024","15.529,30","15.549,54","15.569,39","15.456,61","","-0,12%"
"18.03.2024","15.547,46","15.514,54","15.573,88","15.446,08","","0,24%"
"15.03.2024","15.509,99","15.557,60","15.639,32","15.508,78","","-0,26%"
"14.03.2024","15.550,58","15.627,05","15.647,28","15.487,33","","-0,43%"
"13.03.2024","15.617,16","15.499,21","15.669,22","15.478,86","","0,79%"
"12.03.2024","15.495,37","15.678,86","15.693,82","15.443,32","","-1,14%"
"11.03.2024","15.674,14","15.648,99","15.730,41","15.619,41","","0,18%"
"08.03.2024","15.646,50","15.537,02","15.774,73","15.496,58","","0,74%"
"07.03.2024","15.531,63","15.463,54","15.578,45","15.433,84","","0,47%"
"06.03.2024","15.458,85","15.317,17","15.491,14","15.288,26","","0,97%"
"05.03.2024","15.309,76","15.221,42","15.421,51","15.191,46","","0,61%"
"04.03.2024","15.216,54","14.985,75","15.261,17","14.966,64","","1,50%"
"01.03.2024","14.992,07","14.694,63","15.029,66","14.675,21","","2,06%"
"29.02.2024","14.690,00","14.644,01","14.743,25","14.589,76","","0,34%"
"28.02.2024","14.640,49","14.614,17","14.671,24","14.575,72","","0,20%"
"27.02.2024","14.611,63","14.617,29","14.683,47","14.602,92","","-0,03%"
"26.02.2024","14.615,80","14.640,03","14.667,42","14.575,79","","-0,22%"
"23.02.2024","14.647,40","14.565,33","14.689,95","14.509,24","","0,59%"
"22.02.2024","14.561,59","14.567,08","14.629,62","14.531,04","","-0,01%"
"21.02.2024","14.563,47","14.558,14","14.609,71","14.524,80","","0,07%"
"20.02.2024","14.553,68","14.525,83","14.611,21","14.504,42","","0,28%"
"19.02.2024","14.512,59","14.481,83","14.563,13","14.470,43","","0,22%"
"16.02.2024","14.480,03","14.422,34","14.496,93","14.354,72","","0,48%"
"15.02.2024","14.411,29","14.327,53","14.448,31","14.317,07","","0,58%"
"14.02.2024","14.327,48","14.351,55","14.359,47","14.274,22","","-0,05%"
"13.02.2024","14.334,54","14.531,79","14.603,33","14.316,62","","-1,33%"
"12.02.2024","14.527,67","14.563,63","14.589,30","14.472,88","","-0,22%"
"09.02.2024","14.559,56","14.640,79","14.656,56","14.533,24","","-0,53%"
"08.02.2024","14.637,50","14.642,62","14.672,14","14.535,24","","-0,01%"
"07.02.2024","14.639,03","14.642,21","14.709,86","14.607,63","","0,00%"
"06.02.2024","14.638,53","14.577,00","14.663,21","14.542,55","","0,44%"
"05.02.2024","14.574,84","14.672,02","14.689,42","14.500,55","","-0,59%"
"02.02.2024","14.661,54","14.760,77","14.773,07","14.575,44","","-0,60%"
"01.02.2024","14.750,31","14.624,42","14.830,13","14.577,85","","0,90%"
"31.01.2024","14.619,46","14.617,66","14.738,38","14.557,71","","0,04%"
"30.01.2024","14.613,41","14.596,12","14.702,73","14.561,97","","0,15%"
"29.01.2024","14.592,06","14.494,00","14.626,50","14.479,57","","0,74%"
"26.01.2024","14.484,21","14.489,17","14.541,38","14.468,33","","0,04%"
"25.01.2024","14.478,60","14.406,88","14.516,76","14.402,93","","0,54%"
"24.01.2024","14.400,71","14.552,01","14.574,17","14.386,19","","-1,03%"
"23.01.2024","14.551,12","14.541,79","14.606,06","14.489,57","","0,10%"
"22.01.2024","14.536,40","14.601,95","14.619,13","14.509,78","","-0,42%"
"19.01.2024","14.597,09","14.559,05","14.665,80","14.538,86","","0,28%"
"18.01.2024","14.555,92","14.444,38","14.564,20","14.431,54","","0,84%"
"17.01.2024","14.434,01","14.586,46","14.621,96","14.406,25","","-1,01%"
"16.01.2024","14.580,99","14.736,89","14.742,17","14.556,87","","-1,03%"
"15.01.2024","14.732,95","14.680,24","14.769,42","14.663,75","","0,35%"
"12.01.2024","14.682,15","14.550,16","14.776,20","14.539,67","","0,95%"
"11.01.2024","14.544,51","14.517,08","14.601,16","14.432,38","","0,21%"
"10.01.2024","14.513,52","14.553,83","14.632,34","14.489,76","","-0,25%"
"09.01.2024","14.550,37","14.513,12","14.632,02","14.505,70","","0,31%"
"08.01.2024","14.505,38","14.597,12","14.628,17","14.437,99","","-0,67%"
"05.01.2024","14.603,82","14.627,87","14.737,46","14.569,48","","-0,14%"
"04.01.2024","14.624,13","14.597,00","14.665,48","14.578,04","","0,22%"
"03.01.2024","14.592,47","14.709,38","14.768,97","14.520,24","","-0,75%"
"02.01.2024","14.702,26","14.646,32","14.835,99","14.642,87","","0,33%"
"01.01.2024","14.653,91","14.646,56","14.731,48","14.646,56","","0,10%"
"29.12.2023","14.639,85","14.683,67","14.722,25","14.617,32","","-0,27%"
"28.12.2023","14.679,37","14.842,68","14.885,66","14.677,04","","-1,04%"
"27.12.2023","14.834,01","14.772,48","14.885,94","14.732,44","","0,48%"
"26.12.2023","14.763,53","14.670,58","14.780,27","14.655,37","","0,77%"
"25.12.2023","14.650,24","14.648,21","14.657,96","14.641,02","","0,06%"
"22.12.2023","14.640,79","14.606,13","14.770,75","14.605,50","","0,27%"
"21.12.2023","14.601,39","14.504,33","14.607,47","14.495,37","","0,79%"
"20.12.2023","14.486,42","14.546,78","14.586,21","14.468,84","","-0,38%"
"19.12.2023","14.542,02","14.457,94","14.595,02","14.440,66","","0,65%"
"18.12.2023","14.447,98","14.379,75","14.508,48","14.350,55","","0,58%"
"15.12.2023","14.365,27","14.468,76","14.539,76","14.348,34","","-0,75%"
"14.12.2023","14.473,47","14.544,80","14.627,97","14.427,74","","-0,47%"
"13.12.2023","14.541,22","14.206,33","14.545,07","14.175,58","","2,39%"
"12.12.2023","14.202,18","14.222,08","14.311,63","14.189,46","","-0,11%"
"11.12.2023","14.218,45","14.358,00","14.394,69","14.181,00","","-0,94%"
"08.12.2023","14.353,29","14.510,43","14.557,03","14.294,54","","-1,03%"
"07.12.2023","14.503,07","14.501,46","14.593,56","14.450,42","","0,04%"
"06.12.2023","14.497,66","14.432,06","14.574,07","14.417,70","","0,48%"
"05.12.2023","14.428,26","14.496,54","14.581,09","14.359,85","","-0,43%"
"04.12.2023","14.490,43","14.788,52","15.078,72","14.424,05","","-1,98%"
"01.12.2023","14.783,33","14.533,17","14.817,75","14.527,08","","1,74%"
"30.11.2023","14.531,06","14.577,49","14.599,55","14.493,66","","-0,28%"
"29.11.2023","14.572,22","14.586,95","14.666,94","14.503,39","","-0,06%"
"28.11.2023","14.581,25","14.408,51","14.601,92","14.389,83","","1,17%"
"27.11.2023","14.412,67","14.319,14","14.428,99","14.304,08","","0,71%"
"24.11.2023","14.311,68","14.251,58","14.332,83","14.228,75","","0,56%"
"23.11.2023","14.232,34","14.237,63","14.275,76","14.218,94","","-0,04%"
"22.11.2023","14.237,54","14.264,20","14.339,67","14.218,88","","-0,12%"
"21.11.2023","14.254,63","14.179,87","14.317,28","14.154,58","","0,56%"
"20.11.2023","14.174,88","14.282,38","14.302,20","14.096,38","","-0,72%"
"17.11.2023","14.278,03","14.353,89","14.426,79","14.270,62","","-0,48%"
"16.11.2023","14.346,36","14.200,03","14.398,14","14.187,59","","1,05%"
"15.11.2023","14.197,07","14.253,58","14.309,39","14.169,55","","-0,28%"
"14.11.2023","14.236,33","14.189,08","14.322,72","14.169,30","","0,38%"
"13.11.2023","14.181,88","14.119,83","14.210,08","14.084,59","","0,46%"
"10.11.2023","14.117,46","14.270,38","14.296,79","14.091,59","","-1,02%"
"09.11.2023","14.262,53","14.197,99","14.317,63","14.165,11","","0,48%"
"08.11.2023","14.194,32","14.335,92","14.342,74","14.178,42","","-0,95%"
"07.11.2023","14.330,43","14.379,17","14.386,13","14.247,99","","-0,31%"
"06.11.2023","14.374,64","14.546,25","14.553,54","14.375,75","","-1,17%"
"03.11.2023","14.544,68","14.534,18","14.661,57","14.510,24","","0,13%"
"02.11.2023","14.525,11","14.510,78","14.573,17","14.478,29","","0,15%"
"01.11.2023","14.503,21","14.515,70","14.577,95","14.415,07","","-0,04%"
"31.10.2023","14.509,36","14.597,67","14.691,44","14.478,49","","-0,58%"
"30.10.2023","14.594,59","14.669,79","14.688,63","14.566,48","","-0,57%"
"27.10.2023","14.677,83","14.520,01","14.704,08","14.462,33","","1,13%"
"26.10.2023","14.514,35","14.486,82","14.594,51","14.423,74","","0,22%"
"25.10.2023","14.482,21","14.407,89","14.540,01","14.366,09","","0,55%"
"24.10.2023","14.403,63","14.423,92","14.476,92","14.284,78","","-0,18%"
"23.10.2023","14.430,32","14.496,76","14.510,92","14.371,93","","-0,41%"
"20.10.2023","14.489,01","14.440,35","14.612,74","14.421,67","","0,38%"
"19.10.2023","14.433,54","14.249,58","14.465,09","14.230,86","","1,41%"
"18.10.2023","14.233,44","14.062,48","14.358,41","14.059,87","","1,27%"
"17.10.2023","14.054,85","14.034,81","14.128,97","13.979,16","","0,16%"
"16.10.2023","14.031,70","14.125,80","14.137,36","13.944,45","","-0,60%"
"13.10.2023","14.115,92","13.636,34","14.127,98","13.633,62","","3,46%"
"12.10.2023","13.644,47","13.679,42","13.760,20","13.640,83","","-0,25%"
"11.10.2023","13.678,94","13.572,75","13.703,89","13.557,62","","0,81%"
"10.10.2023","13.568,36","13.573,71","13.603,11","13.521,17","","0,01%"
"09.10.2023","13.567,21","13.381,75","13.593,91","13.380,96","","1,42%"
"06.10.2023","13.377,63","13.290,99","13.398,04","13.216,45","","0,68%"
"05.10.2023","13.287,33","13.298,92","13.356,63","13.235,43","","-0,06%"
"04.10.2023","13.295,88","13.310,89","13.369,38","13.260,62","","-0,08%"
"03.10.2023","13.307,04","13.346,28","13.386,30","13.250,03","","-0,27%"
"02.10.2023","13.343,55","13.494,12","13.500,95","13.336,92","","-1,12%"
"29.09.2023","13.494,54","13.616,09","13.728,61","13.481,02","","-0,86%"
"28.09.2023","13.611,99","13.708,42","13.732,83","13.564,43","","-0,68%"
"27.09.2023","13.704,78","13.896,42","13.913,45","13.689,67","","-1,34%"
"26.09.2023","13.890,39","14.008,83","14.016,12","13.885,33","","-0,77%"
"25.09.2023","13.997,69","14.051,37","14.086,68","14.002,29","","-0,36%"
"22.09.2023","14.048,56","14.031,23","14.085,96","14.027,26","","0,21%"
"21.09.2023","14.019,14","14.068,01","14.097,97","13.985,12","","-0,30%"
"20.09.2023","14.061,80","14.091,68","14.195,34","14.059,46","","-0,19%"
"19.09.2023","14.088,17","14.102,21","14.128,97","14.079,49","","-0,07%"
"18.09.2023","14.097,95","13.998,33","14.106,67","13.986,89","","0,75%"
"15.09.2023","13.992,93","13.908,66","14.048,54","13.882,72","","0,65%"
"14.09.2023","13.901,91","13.875,41","13.916,38","13.835,15","","0,34%"
"13.09.2023","13.854,28","13.953,72","13.958,21","13.858,84","","-0,68%"
"12.09.2023","13.949,48","14.000,99","14.030,98","13.908,75","","-0,40%"
"11.09.2023","14.005,30","14.094,31","14.109,33","13.999,85","","-0,60%"
"08.09.2023","14.089,30","14.079,18","14.176,32","14.065,28","","0,19%"
"07.09.2023","14.063,04","14.024,54","14.097,46","14.019,12","","0,32%"
"06.09.2023","14.018,85","14.069,48","14.100,43","13.998,72","","-0,33%"
"05.09.2023","14.065,38","14.099,69","14.141,29","14.062,29","","-0,21%"
"04.09.2023","14.095,11","14.091,10","14.146,12","14.073,20","","0,11%"
"01.09.2023","14.079,68","14.079,84","14.172,44","14.036,46","","0,01%"
"31.08.2023","14.078,33","14.150,57","14.196,70","14.075,57","","-0,47%"
"30.08.2023","14.144,91","14.106,41","14.192,88","14.094,52","","0,30%"
"29.08.2023","14.101,97","13.999,29","14.112,27","13.961,49","","0,80%"
"28.08.2023","13.990,28","13.968,33","14.044,39","13.924,56","","0,25%"
"25.08.2023","13.955,58","13.952,87","14.016,38","13.871,98","","0,05%"
"24.08.2023","13.948,25","13.938,67","14.000,55","13.919,41","","0,17%"
"23.08.2023","13.925,15","13.839,99","13.981,70","13.833,47","","0,65%"
"22.08.2023","13.834,58","13.811,51","13.896,07","13.778,84","","0,25%"
"21.08.2023","13.800,09","13.757,95","13.841,29","13.726,25","","0,36%"
"18.08.2023","13.750,39","13.770,78","13.831,24","13.734,65","","-0,08%"
"17.08.2023","13.761,16","13.807,31","13.875,68","13.740,83","","-0,30%"
"16.08.2023","13.802,88","13.852,37","13.920,95","13.803,75","","-0,31%"
"15.08.2023","13.846,21","13.845,67","13.925,52","13.818,76","","0,04%"
"14.08.2023","13.840,13","13.851,71","13.907,22","13.817,29","","-0,04%"
"11.08.2023","13.846,11","13.802,76","13.896,12","13.793,20","","0,34%"
"10.08.2023","13.798,60","13.802,92","13.913,38","13.799,38","","0,02%"
"09.08.2023","13.796,17","13.885,21","13.925,30","13.800,19","","-0,68%"
"08.08.2023","13.890,73","13.930,12","13.960,92","13.876,89","","-0,21%"
"07.08.2023","13.919,69","13.929,96","13.969,51","13.886,41","","-0,07%"
"04.08.2023","13.928,81","13.860,09","13.969,47","13.851,50","","0,58%"
"03.08.2023","13.848,84","13.910,72","13.938,29","13.838,89","","-0,42%"
"02.08.2023","13.907,52","13.956,96","14.033,09","13.902,75","","-0,31%"
"01.08.2023","13.951,06","14.036,12","14.067,20","13.933,49","","-0,58%"
"31.07.2023","14.032,28","14.009,21","14.095,88","13.947,01","","0,19%"
"28.07.2023","14.005,94","13.960,93","14.041,97","13.940,29","","0,41%"
"27.07.2023","13.948,54","14.103,86","14.148,43","13.932,46","","-1,06%"
"26.07.2023","14.098,40","14.024,50","14.146,83","14.004,35","","0,59%"
"25.07.2023","14.015,02","14.047,46","14.089,17","13.956,41","","-0,15%"
"24.07.2023","14.036,42","14.103,14","14.158,90","14.038,25","","-0,40%"
"21.07.2023","14.092,52","14.137,57","14.164,97","14.061,42","","-0,30%"
"20.07.2023","14.134,32","14.285,24","14.341,04","14.106,75","","-1,02%"
"19.07.2023","14.279,63","14.207,18","14.302,56","14.190,67","","0,56%"
"18.07.2023","14.199,80","14.021,04","14.241,99","14.013,99","","1,24%"
"17.07.2023","14.025,19","13.960,49","14.051,38","13.935,75","","0,48%"
"14.07.2023","13.958,75","14.018,88","14.030,91","13.924,87","","-0,40%"
"13.07.2023","14.015,00","14.029,58","14.073,08","13.977,99","","-0,04%"
"12.07.2023","14.020,49","13.930,42","14.044,67","13.901,71","","0,68%"
"11.07.2023","13.925,79","13.929,89","13.961,88","13.882,54","","0,04%"
"10.07.2023","13.920,30","13.902,22","13.939,92","13.845,31","","0,13%"
"07.07.2023","13.901,80","13.856,07","13.971,29","13.833,83","","0,36%"
"06.07.2023","13.851,78","13.879,92","13.940,88","13.781,64","","-0,17%"
"05.07.2023","13.875,65","13.894,31","14.011,57","13.877,36","","-0,09%"
"04.07.2023","13.887,98","13.914,44","13.942,89","13.880,29","","-0,16%"
"03.07.2023","13.910,40","13.920,03","13.985,08","13.850,46","","-0,07%"
"30.06.2023","13.919,52","13.842,06","13.945,43","13.808,74","","0,62%"
"29.06.2023","13.833,61","13.817,42","13.875,11","13.700,67","","0,15%"
"28.06.2023","13.813,03","13.817,12","13.872,22","13.798,10","","0,02%"
"27.06.2023","13.810,52","13.920,44","13.939,88","13.798,25","","-0,68%"
"26.06.2023","13.904,67","13.815,38","13.986,99","13.803,65","","0,87%"
"23.06.2023","13.784,37","13.743,95","13.907,32","13.714,51","","0,44%"
"22.06.2023","13.724,07","13.874,72","13.892,25","13.729,58","","-1,06%"
"21.06.2023","13.870,50","13.909,33","13.950,08","13.789,72","","-0,23%"
"20.06.2023","13.902,54","13.971,24","14.035,64","13.857,09","","-0,44%"
"19.06.2023","13.964,61","13.953,75","14.021,92","13.940,92","","0,15%"
"16.06.2023","13.943,75","13.942,64","14.016,08","13.917,72","","0,06%"
"15.06.2023","13.935,64","13.916,80","13.981,53","13.789,06","","0,20%"
"14.06.2023","13.908,43","13.932,75","14.031,89","13.869,34","","-0,13%"
"13.06.2023","13.926,07","13.990,27","14.090,83","13.897,78","","-0,40%"
"12.06.2023","13.982,49","13.973,74","14.052,01","13.924,38","","0,06%"
"09.06.2023","13.973,74","13.997,53","14.065,21","13.955,20","","-0,13%"
"08.06.2023","13.992,56","13.830,72","14.018,17","13.829,33","","1,20%"
"07.06.2023","13.826,04","13.979,22","14.010,08","13.829,38","","-1,06%"
"06.06.2023","13.974,53","13.937,66","14.002,63","13.915,08","","0,33%"
"05.06.2023","13.928,18","13.798,33","13.950,46","13.784,58","","0,97%"
"02.06.2023","13.794,20","14.030,46","14.042,24","13.798,83","","-1,65%"
"01.06.2023","14.025,85","13.954,66","14.073,54","13.907,69","","0,56%"
"31.05.2023","13.948,07","13.874,47","14.041,74","13.858,64","","0,57%"
"30.05.2023","13.868,39","13.751,29","13.902,52","13.709,60","","0,94%"
"29.05.2023","13.739,76","13.734,45","13.796,63","13.707,61","","-0,05%"
"26.05.2023","13.746,46","13.734,18","13.803,65","13.693,85","","0,06%"
"25.05.2023","13.738,72","13.819,24","13.892,10","13.709,97","","-0,54%"
"24.05.2023","13.813,01","13.934,86","13.990,51","13.818,15","","-0,85%"
"23.05.2023","13.931,92","13.874,34","13.956,41","13.785,43","","0,45%"
"22.05.2023","13.869,98","13.860,19","13.932,10","13.843,37","","0,12%"
"19.05.2023","13.853,59","13.768,61","13.906,22","13.728,25","","0,63%"
"18.05.2023","13.766,55","13.870,14","13.914,05","13.742,33","","-0,72%"
"17.05.2023","13.865,77","13.881,26","13.936,44","13.815,70","","-0,09%"
"16.05.2023","13.878,71","14.019,12","14.050,67","13.852,07","","-0,98%"
"15.05.2023","14.016,34","13.998,05","14.058,87","13.967,13","","0,20%"
"12.05.2023","13.988,47","14.011,67","14.059,25","13.911,46","","-0,08%"
"11.05.2023","13.999,87","14.074,29","14.160,68","13.969,76","","-0,51%"
"10.05.2023","14.072,06","14.079,84","14.171,46","14.013,03","","-0,04%"
"09.05.2023","14.077,43","13.983,30","14.101,83","13.959,69","","0,69%"
"08.05.2023","13.981,04","13.931,22","14.030,50","13.918,47","","0,27%"
"05.05.2023","13.943,97","14.163,57","14.183,31","13.825,46","","-1,52%"
"04.05.2023","14.159,30","14.088,70","14.330,83","14.037,38","","0,59%"
"03.05.2023","14.076,74","13.933,11","14.105,42","13.879,25","","1,04%"
"02.05.2023","13.931,61","13.708,00","13.959,23","13.674,79","","1,65%"
"01.05.2023","13.705,20","13.764,38","13.865,99","13.665,57","","-0,32%"
"28.04.2023","13.748,74","13.755,79","13.797,29","13.670,85","","-0,07%"
"27.04.2023","13.757,96","13.771,95","13.868,07","13.678,29","","-0,20%"
"26.04.2023","13.785,50","13.841,54","13.909,83","13.738,79","","-0,34%"
"25.04.2023","13.832,99","13.721,83","13.892,34","13.678,38","","0,82%"
"24.04.2023","13.720,09","13.658,37","13.730,53","13.610,03","","0,39%"
"21.04.2023","13.666,14","13.772,71","13.797,08","13.590,35","","-0,69%"
"20.04.2023","13.761,43","13.730,48","13.843,93","13.715,55","","0,24%"
"19.04.2023","13.728,83","13.796,04","13.809,29","13.582,69","","-0,43%"
"18.04.2023","13.787,85","13.721,71","13.834,38","13.694,96","","0,58%"
"17.04.2023","13.707,95","13.755,42","13.839,41","13.633,49","","-0,40%"
"14.04.2023","13.763,35","14.010,79","14.049,72","13.690,53","","-1,77%"
"13.04.2023","14.010,66","13.856,33","14.073,51","13.835,09","","1,18%"
"12.04.2023","13.847,51","13.793,34","13.962,28","13.758,13","","0,27%"
"11.04.2023","13.810,04","13.698,29","13.822,39","13.686,99","","0,71%"
"10.04.2023","13.712,55","13.797,59","13.817,37","13.636,54","","-0,57%"
"07.04.2023","13.791,26","13.806,18","13.821,91","13.795,52","","-0,09%"
"06.04.2023","13.803,83","13.911,88","13.911,88","13.760,04","","-0,74%"
"05.04.2023","13.906,83","13.900,67","13.981,17","13.828,37","","0,09%"
"04.04.2023","13.894,14","13.656,36","13.932,90","13.607,38","","1,80%"
"03.04.2023","13.647,83","13.537,74","13.694,07","13.440,38","","0,94%"
"31.03.2023","13.520,18","13.609,76","13.665,94","13.510,57","","-0,63%"
"30.03.2023","13.606,30","13.522,77","13.636,21","13.479,71","","0,62%"
"29.03.2023","13.522,78","13.561,83","13.586,20","13.494,99","","-0,30%"
"28.03.2023","13.564,01","13.485,17","13.581,22","13.415,44","","0,65%"
"27.03.2023","13.476,94","13.582,57","13.604,64","13.383,74","","-0,78%"
"24.03.2023","13.582,47","13.596,74","13.772,87","13.565,50","","-0,01%"
"23.03.2023","13.583,80","13.560,00","13.663,22","13.427,71","","0,29%"
"22.03.2023","13.545,19","13.356,41","13.616,29","13.329,84","","1,44%"
"21.03.2023","13.353,02","13.611,21","13.660,14","13.324,33","","-1,81%"
"20.03.2023","13.599,85","13.687,88","13.852,68","13.518,60","","-0,63%"
"17.03.2023","13.686,50","13.245,54","13.702,86","13.229,04","","3,37%"
"16.03.2023","13.239,83","13.250,91","13.340,71","13.160,04","","0,01%"
"15.03.2023","13.238,94","13.073,72","13.373,58","13.011,24","","1,25%"
"14.03.2023","13.076,13","13.100,44","13.154,79","13.034,10","","-0,18%"
"13.03.2023","13.100,10","12.907,86","13.117,54","12.897,27","","1,60%"
"10.03.2023","12.894,01","12.762,68","12.916,62","12.729,97","","1,14%"
"09.03.2023","12.748,90","12.609,46","12.781,71","12.599,34","","1,14%"
"08.03.2023","12.604,91","12.627,00","12.682,61","12.596,20","","-0,11%"
"07.03.2023","12.619,11","12.797,42","12.838,38","12.621,55","","-1,41%"
"06.03.2023","12.799,06","12.815,68","12.859,30","12.783,47","","-0,07%"
"03.03.2023","12.808,33","12.692,38","12.823,38","12.674,39","","0,98%"
"02.03.2023","12.684,16","12.619,86","12.718,97","12.600,24","","0,67%"
"01.03.2023","12.600,30","12.674,43","12.680,78","12.577,88","","-0,50%"
"28.02.2023","12.664,12","12.611,78","12.696,89","12.529,14","","0,47%"
"27.02.2023","12.605,02","12.604,76","12.642,83","12.576,26","","0,08%"
"24.02.2023","12.594,39","12.595,16","12.678,37","12.583,47","","0,14%"
"23.02.2023","12.576,81","12.593,24","12.632,61","12.540,09","","-0,10%"
"22.02.2023","12.589,49","12.614,17","12.726,05","12.564,88","","-0,12%"
"21.02.2023","12.605,14","12.625,24","12.685,18","12.582,12","","-0,11%"
"20.02.2023","12.619,36","12.655,08","12.671,51","12.612,97","","-0,18%"
"17.02.2023","12.641,52","12.598,37","12.662,15","12.516,29","","0,45%"
"16.02.2023","12.585,11","12.581,43","12.660,93","12.538,93","","0,13%"
"15.02.2023","12.568,62","12.661,25","12.703,55","12.532,53","","-0,66%"
"14.02.2023","12.651,56","12.646,08","12.752,29","12.582,57","","0,08%"
"13.02.2023","12.641,67","12.704,45","12.744,33","12.625,50","","-0,39%"
"10.02.2023","12.691,58","12.623,07","12.736,46","12.604,74","","0,62%"
"09.02.2023","12.612,93","12.732,95","12.806,54","12.604,39","","-0,90%"
"08.02.2023","12.727,63","12.725,14","12.794,25","12.688,47","","0,08%"
"07.02.2023","12.716,89","12.697,43","12.800,49","12.663,25","","0,23%"
"06.02.2023","12.688,10","12.636,30","12.757,41","12.603,92","","0,41%"
"03.02.2023","12.635,73","12.875,96","12.937,13","12.610,90","","-1,80%"
"02.02.2023","12.867,81","13.147,14","13.197,04","12.867,64","","-2,07%"
"01.02.2023","13.139,99","13.025,86","13.177,92","12.948,22","","0,95%"
"31.01.2023","13.016,24","12.980,33","13.044,28","12.841,53","","0,33%"
"30.01.2023","12.972,96","13.083,20","13.102,04","12.964,47","","-0,76%"
"27.01.2023","13.072,12","13.089,42","13.128,99","13.003,48","","-0,07%"
"26.01.2023","13.081,61","13.211,82","13.224,83","13.017,72","","-0,87%"
"25.01.2023","13.196,78","13.138,15","13.217,02","13.025,43","","0,49%"
"24.01.2023","13.132,28","13.088,18","13.181,78","13.004,70","","0,31%"
"23.01.2023","13.091,45","13.068,34","13.132,70","12.968,13","","0,18%"
"20.01.2023","13.068,05","13.094,27","13.116,96","13.030,15","","-0,13%"
"19.01.2023","13.085,56","12.853,30","13.116,01","12.830,67","","1,88%"
"18.01.2023","12.843,63","12.928,97","13.000,83","12.830,19","","-0,62%"
"17.01.2023","12.923,11","12.919,36","12.983,80","12.887,00","","0,08%"
"16.01.2023","12.912,61","12.872,34","12.927,10","12.836,27","","0,35%"
"13.01.2023","12.867,33","12.767,21","12.884,78","12.732,88","","0,83%"
"12.01.2023","12.761,02","12.698,92","12.815,29","12.645,60","","0,57%"
"11.01.2023","12.689,12","12.720,10","12.780,06","12.638,83","","-0,07%"
"10.01.2023","12.698,54","12.674,55","12.752,86","12.646,76","","0,21%"
"09.01.2023","12.672,15","12.756,92","12.802,59","12.655,91","","-0,66%"
"06.01.2023","12.755,72","12.610,50","12.790,53","12.577,41","","1,15%"
"05.01.2023","12.611,18","12.781,53","12.802,92","12.556,50","","-1,30%"
"04.01.2023","12.777,00","12.727,88","12.836,54","12.695,38","","0,44%"
"03.01.2023","12.721,57","12.597,78","12.754,50","12.586,05","","1,14%"
"02.01.2023","12.578,35","12.582,04","12.601,84","12.582,04","","-0,04%"
"30.12.2022","12.583,25","12.638,54","12.675,18","12.503,49","","-0,39%"
"29.12.2022","12.632,48","12.601,51","12.677,64","12.558,68","","0,36%"
"28.12.2022","12.586,88","12.623,30","12.649,24","12.537,66","","-0,22%"
"27.12.2022","12.615,21","12.508,78","12.760,59","12.505,54","","0,82%"
"26.12.2022","12.513,20","12.571,86","12.573,29","12.512,98","","-0,40%"
"23.12.2022","12.563,93","12.511,13","12.606,99","12.500,70","","0,56%"
"22.12.2022","12.494,45","12.666,07","12.709,96","12.461,07","","-1,33%"
"21.12.2022","12.663,39","12.652,85","12.736,95","12.630,25","","0,14%"
"20.12.2022","12.645,55","12.478,28","12.681,71","12.453,29","","1,42%"
"19.12.2022","12.468,12","12.504,00","12.548,94","12.448,16","","-0,21%"
"16.12.2022","12.494,04","12.407,64","12.514,88","12.365,49","","0,85%"
"15.12.2022","12.388,18","12.561,32","12.574,84","12.348,63","","-1,34%"
"14.12.2022","12.556,42","12.575,33","12.620,41","12.484,33","","-0,07%"
"13.12.2022","12.565,58","12.428,79","12.707,50","12.418,75","","1,13%"
"12.12.2022","12.425,66","12.506,68","12.527,79","12.400,64","","-0,57%"
"09.12.2022","12.497,11","12.465,00","12.570,00","12.426,26","","0,32%"
"08.12.2022","12.457,54","12.452,16","12.507,70","12.415,89","","0,08%"
"07.12.2022","12.447,80","12.378,72","12.485,84","12.353,38","","0,67%"
"06.12.2022","12.365,52","12.306,16","12.453,88","12.292,96","","0,46%"
"05.12.2022","12.308,58","12.620,46","12.693,54","12.290,20","","-2,46%"
"02.12.2022","12.618,76","12.702,09","12.714,74","12.482,46","","-0,61%"
"01.12.2022","12.695,76","12.547,89","12.749,61","12.514,51","","1,32%"
"30.11.2022","12.530,41","12.526,81","12.561,08","12.372,11","","0,07%"
"29.11.2022","12.521,68","12.553,44","12.603,42","12.509,80","","-0,20%"
"28.11.2022","12.546,43","12.575,19","12.688,54","12.519,84","","-0,28%"
"25.11.2022","12.581,34","12.562,34","12.611,70","12.521,93","","0,27%"
"24.11.2022","12.547,96","12.528,33","12.580,08","12.507,26","","0,22%"
"23.11.2022","12.520,50","12.430,17","12.556,21","12.385,25","","0,82%"
"22.11.2022","12.419,21","12.453,29","12.503,66","12.399,25","","-0,22%"
"21.11.2022","12.446,66","12.465,17","12.530,80","12.410,51","","-0,08%"
"18.11.2022","12.456,75","12.598,36","12.630,17","12.438,19","","-1,10%"
"17.11.2022","12.595,41","12.574,37","12.652,25","12.558,11","","0,24%"
"16.11.2022","12.565,78","12.531,85","12.639,04","12.501,76","","0,28%"
"15.11.2022","12.531,14","12.525,79","12.583,32","12.449,75","","0,19%"
"14.11.2022","12.507,89","12.591,75","12.591,96","12.374,04","","-0,61%"
"11.11.2022","12.585,08","12.617,46","12.620,99","12.463,21","","-0,17%"
"10.11.2022","12.606,39","12.361,25","12.631,83","12.335,31","","2,05%"
"09.11.2022","12.353,57","12.415,10","12.481,01","12.324,16","","-0,48%"
"08.11.2022","12.412,83","12.113,96","12.449,21","12.080,09","","2,53%"
"07.11.2022","12.107,08","12.080,28","12.150,09","12.000,92","","0,28%"
"04.11.2022","12.073,02","11.898,27","12.086,59","11.877,12","","1,61%"
"03.11.2022","11.882,04","11.921,46","11.997,41","11.824,51","","-0,31%"
"02.11.2022","11.919,12","11.992,41","12.171,42","11.914,89","","-0,54%"
"01.11.2022","11.983,36","11.928,16","12.029,64","11.910,48","","0,50%"
"31.10.2022","11.923,56","11.920,82","11.991,16","11.898,49","","0,03%"
"28.10.2022","11.919,92","12.022,94","12.059,59","11.875,99","","-0,73%"
"27.10.2022","12.007,57","11.931,69","12.057,17","11.931,69","","0,61%"
"26.10.2022","11.934,34","12.013,81","12.131,98","11.924,41","","-0,65%"
"25.10.2022","12.012,49","11.978,03","12.142,29","11.970,66","","0,26%"
"24.10.2022","11.981,24","12.011,55","12.101,01","11.937,76","","-0,11%"
"21.10.2022","11.994,27","11.749,79","12.017,96","11.718,52","","2,19%"
"20.10.2022","11.737,48","11.772,85","11.882,07","11.722,89","","-0,29%"
"19.10.2022","11.772,00","11.899,72","11.918,88","11.762,99","","-1,01%"
"18.10.2022","11.891,61","11.876,70","11.949,32","11.851,85","","0,19%"
"17.10.2022","11.869,28","11.822,68","12.006,11","11.819,81","","0,45%"
"14.10.2022","11.816,47","11.948,75","11.991,91","11.792,49","","-1,08%"
"13.10.2022","11.946,06","12.004,74","12.086,52","11.831,18","","-0,40%"
"12.10.2022","11.994,62","11.938,26","12.045,74","11.905,21","","0,56%"
"11.10.2022","11.927,82","11.937,26","12.069,80","11.916,98","","-0,04%"
"10.10.2022","11.932,68","12.074,39","12.099,58","11.913,14","","-0,96%"
"07.10.2022","12.048,78","12.173,28","12.206,75","12.028,53","","-0,96%"
"06.10.2022","12.165,43","12.213,93","12.282,89","12.143,63","","-0,30%"
"05.10.2022","12.201,72","12.283,06","12.297,16","12.098,26","","-0,59%"
"04.10.2022","12.274,54","12.094,88","12.308,79","12.059,74","","1,56%"
"03.10.2022","12.085,77","11.821,78","12.109,97","11.806,16","","2,36%"
"30.09.2022","11.806,92","11.832,74","11.925,03","11.806,54","","-0,11%"
"29.09.2022","11.819,85","11.952,08","11.955,27","11.737,13","","-1,05%"
"28.09.2022","11.945,17","11.694,04","11.975,66","11.658,42","","2,24%"
"27.09.2022","11.683,17","11.574,52","11.784,43","11.567,59","","1,07%"
"26.09.2022","11.559,44","11.728,96","11.798,79","11.562,38","","-1,31%"
"23.09.2022","11.712,50","11.828,79","11.883,41","11.684,11","","-0,92%"
"22.09.2022","11.820,98","11.798,78","11.902,71","11.676,81","","0,23%"
"21.09.2022","11.793,89","11.683,14","11.899,77","11.660,07","","0,97%"
"20.09.2022","11.680,80","11.741,14","11.766,58","11.645,83","","-0,48%"
"19.09.2022","11.737,69","11.694,52","11.743,49","11.643,56","","0,41%"
"16.09.2022","11.690,30","11.645,77","11.779,99","11.612,49","","0,43%"
"15.09.2022","11.640,44","11.819,30","11.830,17","11.611,04","","-1,46%"
"14.09.2022","11.813,09","11.786,99","11.887,31","11.757,91","","0,26%"
"13.09.2022","11.782,57","11.944,69","11.997,36","11.750,50","","-1,28%"
"12.09.2022","11.934,83","11.893,11","12.020,04","11.858,00","","0,43%"
"09.09.2022","11.884,28","11.877,55","11.980,74","11.848,50","","0,02%"
"08.09.2022","11.881,82","11.969,46","12.021,61","11.851,08","","-0,68%"
"07.09.2022","11.963,59","11.835,30","11.980,52","11.770,84","","1,12%"
"06.09.2022","11.830,50","11.862,36","11.976,80","11.817,79","","-0,12%"
"05.09.2022","11.844,24","11.819,67","11.899,25","11.781,58","","0,30%"
"02.09.2022","11.808,99","11.726,25","11.856,86","11.704,88","","0,74%"
"01.09.2022","11.722,50","11.788,99","11.795,32","11.654,78","","-0,48%"
"31.08.2022","11.779,43","11.916,32","11.921,71","11.776,73","","-1,07%"
"30.08.2022","11.907,24","11.999,94","12.026,39","11.913,25","","-0,73%"
"29.08.2022","11.994,80","11.930,70","12.053,33","11.861,22","","0,51%"
"26.08.2022","11.933,67","12.045,66","12.069,92","11.913,70","","-0,87%"
"25.08.2022","12.038,19","12.014,06","12.099,54","12.002,22","","0,26%"
"24.08.2022","12.007,30","11.947,86","12.045,46","11.924,93","","0,61%"
"23.08.2022","11.934,15","11.885,91","11.993,91","11.846,16","","0,40%"
"22.08.2022","11.887,16","11.909,08","11.933,87","11.822,42","","-0,06%"
"19.08.2022","11.894,55","11.932,81","11.983,53","11.896,47","","-0,30%"
"18.08.2022","11.930,20","11.959,78","12.033,97","11.912,11","","-0,14%"
"17.08.2022","11.947,47","12.053,47","12.070,77","11.931,66","","-0,85%"
"16.08.2022","12.049,78","12.054,09","12.102,12","12.023,34","","0,00%"
"15.08.2022","12.049,82","12.150,74","12.154,03","12.002,09","","-0,81%"
"12.08.2022","12.148,41","12.070,37","12.156,27","12.028,95","","0,68%"
"11.08.2022","12.066,59","12.053,63","12.125,08","12.017,76","","0,16%"
"10.08.2022","12.046,93","12.116,38","12.196,67","12.020,96","","-0,53%"
"09.08.2022","12.111,22","12.079,54","12.155,92","12.047,07","","0,31%"
"08.08.2022","12.073,88","11.992,74","12.090,07","11.975,19","","0,64%"
"05.08.2022","11.997,09","12.089,88","12.116,92","11.931,12","","-0,71%"
"04.08.2022","12.083,12","11.929,98","12.116,92","11.913,13","","1,34%"
"03.08.2022","11.923,13","11.888,29","11.970,04","11.847,83","","0,37%"
"02.08.2022","11.879,76","11.996,07","12.092,49","11.884,24","","-0,92%"
"01.08.2022","11.990,41","11.903,82","12.015,79","11.874,08","","0,71%"
"29.07.2022","11.905,88","11.847,39","11.921,17","11.821,59","","0,53%"
"28.07.2022","11.842,74","11.722,11","11.857,79","11.696,65","","1,08%"
"27.07.2022","11.716,11","11.615,85","11.763,85","11.563,59","","0,94%"
"26.07.2022","11.607,57","11.610,59","11.672,83","11.584,23","","0,02%"
"25.07.2022","11.604,72","11.667,49","11.712,10","11.575,95","","-0,41%"
"22.07.2022","11.652,46","11.629,51","11.744,42","11.589,59","","0,28%"
"21.07.2022","11.619,48","11.462,62","11.643,51","11.375,28","","1,42%"
"20.07.2022","11.456,74","11.544,57","11.579,59","11.434,50","","-0,68%"
"19.07.2022","11.535,25","11.524,57","11.585,05","11.496,97","","0,16%"
"18.07.2022","11.516,62","11.541,36","11.612,88","11.505,97","","-0,17%"
"15.07.2022","11.536,28","11.552,50","11.584,34","11.478,08","","-0,07%"
"14.07.2022","11.544,89","11.660,33","11.669,96","11.483,80","","-0,94%"
"13.07.2022","11.654,80","11.604,49","11.725,59","11.499,84","","0,45%"
"12.07.2022","11.602,50","11.649,61","11.713,24","11.575,08","","-0,36%"
"11.07.2022","11.644,99","11.668,88","11.708,75","11.629,13","","-0,16%"
"08.07.2022","11.663,08","11.662,25","11.732,42","11.615,39","","0,09%"
"07.07.2022","11.653,08","11.666,25","11.722,82","11.649,00","","-0,02%"
"06.07.2022","11.655,59","11.859,53","11.914,70","11.616,58","","-1,64%"
"05.07.2022","11.849,65","12.118,62","12.134,26","11.850,36","","-2,23%"
"04.07.2022","12.120,18","12.144,90","12.151,59","12.062,48","","-0,08%"
"01.07.2022","12.130,36","12.105,41","12.143,75","11.960,59","","0,25%"
"30.06.2022","12.099,66","12.179,36","12.224,79","12.077,99","","-0,62%"
"29.06.2022","12.175,17","12.206,95","12.268,37","12.138,08","","-0,18%"
"28.06.2022","12.196,98","12.197,18","12.257,25","12.180,84","","0,07%"
"27.06.2022","12.188,67","12.296,82","12.314,70","12.181,66","","-0,21%"
"24.06.2022","12.214,71","12.210,00","12.266,88","12.168,21","","0,08%"
"23.06.2022","12.205,23","12.317,53","12.377,08","12.206,25","","-0,82%"
"22.06.2022","12.306,35","12.261,88","12.392,90","12.217,00","","0,42%"
"21.06.2022","12.254,36","12.303,32","12.339,98","12.230,32","","-0,36%"
"20.06.2022","12.298,14","12.361,33","12.373,45","12.277,57","","-0,44%"
"17.06.2022","12.352,20","12.448,91","12.456,97","12.316,49","","-0,77%"
"16.06.2022","12.448,07","12.312,29","12.454,07","12.195,11","","1,17%"
"15.06.2022","12.303,82","12.190,05","12.365,66","12.176,49","","1,01%"
"14.06.2022","12.180,90","12.287,74","12.335,07","12.165,14","","-0,82%"
"13.06.2022","12.281,55","12.584,43","12.603,08","12.286,11","","-2,15%"
"10.06.2022","12.551,73","12.366,64","12.588,99","12.232,62","","1,53%"
"09.06.2022","12.363,16","12.386,09","12.412,28","12.307,04","","-0,15%"
"08.06.2022","12.382,16","12.355,80","12.430,61","12.316,78","","0,29%"
"07.06.2022","12.346,21","12.251,29","12.379,05","12.221,51","","0,81%"
"06.06.2022","12.247,56","12.327,52","12.362,05","12.247,00","","-0,63%"
"03.06.2022","12.325,36","12.445,40","12.483,40","12.301,71","","-0,91%"
"02.06.2022","12.438,73","12.346,78","12.470,01","12.337,08","","0,78%"
"01.06.2022","12.342,59","12.256,54","12.372,48","12.222,46","","0,72%"
"31.05.2022","12.254,81","12.364,71","12.376,03","12.242,42","","-0,87%"
"30.05.2022","12.361,82","12.407,02","12.421,13","12.345,51","","-0,41%"
"27.05.2022","12.412,78","12.469,96","12.517,04","12.399,08","","-0,44%"
"26.05.2022","12.467,14","12.405,28","12.494,46","12.387,00","","0,56%"
"25.05.2022","12.398,13","12.428,51","12.436,76","12.334,46","","-0,13%"
"24.05.2022","12.414,25","12.328,07","12.442,84","12.302,56","","0,76%"
"23.05.2022","12.320,38","12.358,74","12.415,96","12.281,94","","-0,28%"
"20.05.2022","12.354,55","12.364,72","12.396,41","12.262,62","","0,00%"
"19.05.2022","12.354,31","12.270,68","12.418,74","12.246,41","","0,73%"
"18.05.2022","12.265,31","12.229,40","12.327,09","12.187,43","","0,41%"
"17.05.2022","12.215,40","12.378,22","12.414,11","12.213,26","","-1,23%"
"16.05.2022","12.367,95","12.295,22","12.399,99","12.155,37","","0,63%"
"13.05.2022","12.290,96","12.364,87","12.429,12","12.236,84","","-0,56%"
"12.05.2022","12.360,27","12.450,81","12.585,02","12.358,66","","-0,66%"
"11.05.2022","12.442,69","12.380,95","12.479,79","12.333,47","","0,53%"
"10.05.2022","12.376,74","12.479,15","12.540,86","12.361,18","","-0,77%"
"09.05.2022","12.472,48","12.558,42","12.599,59","12.461,04","","-0,61%"
"06.05.2022","12.549,65","12.492,79","12.619,24","12.430,12","","0,53%"
"05.05.2022","12.483,23","12.433,13","12.642,11","12.430,61","","0,44%"
"04.05.2022","12.428,26","12.345,92","12.488,38","12.299,54","","0,72%"
"03.05.2022","12.339,05","12.312,26","12.411,99","12.227,91","","0,25%"
"02.05.2022","12.307,70","12.530,34","12.556,84","12.257,08","","-1,79%"
"29.04.2022","12.531,65","12.552,00","12.661,13","12.517,66","","-0,12%"
"28.04.2022","12.546,38","12.372,93","12.571,55","12.344,17","","1,43%"
"27.04.2022","12.368,99","12.492,72","12.505,09","12.342,32","","-0,95%"
"26.04.2022","12.487,59","12.449,62","12.520,42","12.416,93","","0,36%"
"25.04.2022","12.442,72","12.554,63","12.606,49","12.406,04","","-0,88%"
"22.04.2022","12.553,40","12.587,89","12.658,61","12.519,84","","-0,24%"
"21.04.2022","12.583,26","12.567,67","12.606,18","12.490,91","","0,17%"
"20.04.2022","12.562,17","12.468,76","12.572,46","12.415,38","","0,78%"
"19.04.2022","12.465,38","12.594,18","12.664,75","12.427,66","","-0,99%"
"18.04.2022","12.589,58","12.569,39","12.720,29","12.557,92","","0,09%"
"15.04.2022","12.578,78","12.589,88","12.597,92","12.569,10","","-0,03%"
"14.04.2022","12.582,11","12.596,08","12.620,59","12.504,68","","-0,08%"
"13.04.2022","12.592,71","12.520,66","12.620,66","12.493,95","","0,63%"
"12.04.2022","12.514,36","12.445,39","12.599,87","12.414,39","","0,67%"
"11.04.2022","12.431,21","12.393,58","12.539,14","12.355,96","","0,38%"
"08.04.2022","12.383,81","12.285,59","12.405,07","12.259,15","","0,88%"
"07.04.2022","12.275,92","12.245,70","12.326,54","12.214,89","","0,28%"
"06.04.2022","12.241,14","12.240,67","12.301,24","12.182,13","","0,06%"
"05.04.2022","12.234,39","12.297,61","12.374,51","12.202,78","","-0,48%"
"04.04.2022","12.294,00","12.248,62","12.325,64","12.188,80","","0,41%"
"01.04.2022","12.243,79","12.281,47","12.325,09","12.201,59","","-0,24%"
"31.03.2022","12.273,46","12.268,23","12.362,46","12.183,89","","0,08%"
"30.03.2022","12.263,61","12.216,26","12.305,76","12.172,13","","0,48%"
"29.03.2022","12.204,52","12.252,36","12.285,97","12.024,09","","-0,33%"
"28.03.2022","12.245,13","12.469,79","12.473,67","12.214,33","","-1,75%"
"25.03.2022","12.462,90","12.467,26","12.501,80","12.369,99","","0,00%"
"24.03.2022","12.462,70","12.389,09","12.525,00","12.342,42","","0,63%"
"23.03.2022","12.384,64","12.234,38","12.416,91","12.193,82","","1,26%"
"22.03.2022","12.230,30","12.305,50","12.341,08","12.162,84","","-0,57%"
"21.03.2022","12.300,43","12.227,79","12.335,06","12.191,31","","0,68%"
"18.03.2022","12.217,95","12.331,29","12.348,37","12.200,33","","-0,87%"
"17.03.2022","12.325,58","12.236,82","12.387,04","12.217,89","","0,77%"
"16.03.2022","12.231,96","12.218,68","12.262,64","12.038,93","","0,16%"
"15.03.2022","12.212,37","12.417,15","12.444,66","12.146,89","","-1,52%"
"14.03.2022","12.401,39","12.587,64","12.618,29","12.405,66","","-1,46%"
"11.03.2022","12.584,55","12.622,84","12.642,37","12.414,25","","-0,26%"
"10.03.2022","12.617,05","12.587,89","12.704,93","12.449,95","","0,31%"
"09.03.2022","12.577,88","12.953,43","13.012,04","12.486,83","","-2,87%"
"08.03.2022","12.949,26","12.628,55","13.081,58","12.521,50","","2,59%"
"07.03.2022","12.622,31","12.495,14","12.662,83","12.389,46","","1,48%"
"04.03.2022","12.438,26","12.235,59","12.455,36","12.193,88","","1,69%"
"03.03.2022","12.231,96","12.190,96","12.270,42","12.140,59","","0,37%"
"02.03.2022","12.186,82","12.278,81","12.297,43","12.086,37","","-0,72%"
"01.03.2022","12.274,74","12.042,75","12.311,66","11.999,59","","1,96%"
"28.02.2022","12.038,26","12.135,06","12.188,72","11.928,21","","0,96%"
"25.02.2022","11.923,53","12.049,85","12.161,74","11.896,51","","-0,99%"
"24.02.2022","12.043,32","12.053,09","12.490,12","11.892,76","","-0,05%"
"23.02.2022","12.049,10","12.009,34","12.067,96","11.927,94","","0,36%"
"22.02.2022","12.006,05","12.077,24","12.136,82","11.970,67","","-0,56%"
"21.02.2022","12.073,73","12.021,13","12.080,19","11.948,08","","0,58%"
"18.02.2022","12.004,20","12.031,21","12.060,94","11.932,50","","-0,21%"
"17.02.2022","12.029,44","11.848,29","12.052,91","11.822,52","","1,62%"
"16.02.2022","11.837,95","11.751,26","11.870,56","11.725,11","","0,78%"
"15.02.2022","11.746,44","11.898,12","11.947,82","11.698,22","","-1,23%"
"14.02.2022","11.893,32","11.823,01","11.916,71","11.765,63","","0,64%"
"11.02.2022","11.818,18","11.607,69","11.855,21","11.582,53","","1,88%"
"10.02.2022","11.600,45","11.663,75","11.706,51","11.581,50","","-0,51%"
"09.02.2022","11.659,39","11.624,33","11.684,14","11.608,86","","0,33%"
"08.02.2022","11.621,07","11.582,86","11.645,00","11.556,35","","0,42%"
"07.02.2022","11.572,68","11.443,04","11.605,19","11.442,75","","0,66%"
"04.02.2022","11.496,57","11.480,30","11.547,99","11.399,33","","0,18%"
"03.02.2022","11.476,19","11.493,33","11.508,48","11.375,95","","-0,12%"
"02.02.2022","11.489,54","11.457,08","11.523,14","11.412,37","","0,32%"
"01.02.2022","11.453,31","11.436,22","11.508,07","11.418,83","","0,22%"
"31.01.2022","11.428,35","11.393,79","11.451,26","11.354,58","","0,32%"
"28.01.2022","11.391,87","11.446,40","11.459,12","11.319,51","","-0,38%"
"27.01.2022","11.435,31","11.499,21","11.565,09","11.405,50","","-0,54%"
"26.01.2022","11.497,40","11.691,24","11.706,08","11.471,77","","-1,62%"
"25.01.2022","11.687,30","11.668,08","11.730,54","11.613,00","","0,19%"
"24.01.2022","11.665,09","11.628,87","11.675,76","11.579,54","","0,39%"
"21.01.2022","11.619,98","11.663,79","11.688,43","11.587,95","","-0,35%"
"20.01.2022","11.660,30","11.677,50","11.719,80","11.645,84","","-0,10%"
"19.01.2022","11.671,65","11.523,08","11.698,42","11.498,82","","1,33%"
"18.01.2022","11.518,92","11.553,26","11.567,58","11.468,80","","-0,25%"
"17.01.2022","11.547,31","11.548,63","11.577,87","11.516,55","","0,03%"
"14.01.2022","11.543,70","11.592,70","11.625,41","11.524,71","","-0,38%"
"13.01.2022","11.588,04","11.612,32","11.633,05","11.522,97","","-0,18%"
"12.01.2022","11.609,11","11.610,90","11.625,29","11.545,07","","0,02%"
"11.01.2022","11.607,35","11.487,01","11.622,25","11.477,76","","1,08%"
"10.01.2022","11.483,48","11.450,74","11.490,01","11.410,22","","0,29%"
"07.01.2022","11.450,57","11.432,45","11.474,93","11.375,05","","0,22%"
"06.01.2022","11.425,41","11.521,20","11.537,75","11.395,96","","-0,79%"
"05.01.2022","11.516,23","11.563,66","11.648,18","11.506,58","","-0,36%"
"04.01.2022","11.557,65","11.448,89","11.577,84","11.446,77","","1,06%"
"03.01.2022","11.436,89","11.632,52","11.644,75","11.427,83","","-1,53%"
"31.12.2021","11.614,12","11.566,83","11.635,35","11.531,32","","0,49%"
"30.12.2021","11.557,41","11.491,11","11.582,76","11.438,50","","0,61%"
"29.12.2021","11.487,17","11.503,25","11.521,48","11.393,05","","-0,12%"
"28.12.2021","11.500,76","11.545,85","11.595,28","11.491,53","","-0,35%"
"27.12.2021","11.540,73","11.513,96","11.559,10","11.488,02","","0,24%"
"24.12.2021","11.512,63","11.520,57","11.641,71","11.472,83","","-0,05%"
"23.12.2021","11.518,08","11.488,59","11.536,84","11.461,21","","0,30%"
"22.12.2021","11.483,51","11.399,15","11.498,50","11.374,79","","0,80%"
"21.12.2021","11.392,36","11.416,62","11.473,93","11.371,43","","-0,18%"
"20.12.2021","11.412,90","11.472,58","11.508,86","11.399,61","","-0,41%"
"17.12.2021","11.459,86","11.459,15","11.569,50","11.443,64","","0,04%"
"16.12.2021","11.454,89","11.315,42","11.462,49","11.305,14","","1,30%"
"15.12.2021","11.307,69","11.274,45","11.340,84","11.167,67","","0,34%"
"14.12.2021","11.269,07","11.375,89","11.396,84","11.247,87","","-0,86%"
"13.12.2021","11.366,43","11.357,36","11.403,54","11.339,17","","0,13%"
"10.12.2021","11.351,91","11.321,23","11.393,13","11.263,69","","0,31%"
"09.12.2021","11.316,28","11.311,83","11.370,13","11.302,82","","0,07%"
"08.12.2021","11.307,86","11.359,89","11.389,82","11.292,64","","-0,42%"
"07.12.2021","11.355,30","11.338,97","11.384,06","11.283,32","","0,16%"
"06.12.2021","11.337,17","11.380,50","11.387,75","11.324,68","","-0,31%"
"03.12.2021","11.372,74","11.276,97","11.391,05","11.248,64","","0,86%"
"02.12.2021","11.275,59","11.347,28","11.359,70","11.234,38","","-0,60%"
"01.12.2021","11.343,09","11.296,03","11.425,84","11.277,32","","0,49%"
"30.11.2021","11.288,31","11.400,59","11.519,66","11.261,18","","-0,94%"
"29.11.2021","11.395,67","11.443,76","11.488,21","11.378,76","","-0,51%"
"26.11.2021","11.453,97","11.422,97","11.599,75","11.384,56","","0,29%"
"25.11.2021","11.421,01","11.434,22","11.474,01","11.415,13","","-0,08%"
"24.11.2021","11.430,21","11.435,63","11.480,32","11.368,50","","-0,01%"
"23.11.2021","11.430,88","11.524,02","11.570,03","11.387,91","","-0,76%"
"22.11.2021","11.518,31","11.795,44","11.808,65","11.506,21","","-2,25%"
"19.11.2021","11.783,11","11.871,73","11.921,54","11.771,39","","-0,70%"
"18.11.2021","11.866,64","11.910,15","11.935,00","11.846,20","","-0,34%"
"17.11.2021","11.906,73","11.830,45","11.916,49","11.822,79","","0,69%"
"16.11.2021","11.825,59","11.890,72","11.994,33","11.821,40","","-0,50%"
"15.11.2021","11.885,24","11.918,12","11.937,79","11.841,23","","-0,04%"
"12.11.2021","11.890,18","11.900,45","11.921,55","11.771,86","","-0,05%"
"11.11.2021","11.895,83","11.814,42","11.940,53","11.803,32","","0,73%"
"10.11.2021","11.809,80","11.710,62","11.931,00","11.642,38","","0,90%"
"09.11.2021","11.704,87","11.660,58","11.718,54","11.625,83","","0,45%"
"08.11.2021","11.652,47","11.636,05","11.680,29","11.589,58","","0,20%"
"05.11.2021","11.629,58","11.460,90","11.637,10","11.432,25","","1,52%"
"04.11.2021","11.455,04","11.336,98","11.503,80","11.321,35","","1,09%"
"03.11.2021","11.331,69","11.441,96","11.445,91","11.260,71","","-0,93%"
"02.11.2021","11.437,76","11.468,67","11.497,64","11.428,00","","-0,28%"
"01.11.2021","11.470,19","11.423,03","11.492,45","11.395,13","","0,45%"
"29.10.2021","11.418,89","11.497,59","11.514,88","11.339,09","","-0,65%"
"28.10.2021","11.493,49","11.486,93","11.581,87","11.460,25","","0,10%"
"27.10.2021","11.482,07","11.444,69","11.502,87","11.392,42","","0,37%"
"26.10.2021","11.439,60","11.544,21","11.548,74","11.376,58","","-0,87%"
"25.10.2021","11.539,99","11.454,60","11.564,78","11.442,08","","0,85%"
"22.10.2021","11.443,08","11.398,17","11.581,52","11.382,64","","0,44%"
"21.10.2021","11.393,29","11.396,16","11.439,68","11.364,82","","0,02%"
"20.10.2021","11.390,77","11.293,11","11.432,04","11.274,95","","0,90%"
"19.10.2021","11.289,22","11.346,72","11.415,64","11.276,39","","-0,47%"
"18.10.2021","11.341,98","11.376,58","11.405,87","11.315,12","","-0,25%"
"15.10.2021","11.370,52","11.564,51","11.571,17","11.358,58","","-1,62%"
"14.10.2021","11.557,75","11.525,75","11.593,00","11.497,63","","0,33%"
"13.10.2021","11.520,18","11.350,46","11.547,57","11.327,37","","1,54%"
"12.10.2021","11.345,43","11.314,41","11.413,06","11.291,71","","0,32%"
"11.10.2021","11.309,54","11.323,89","11.355,18","11.279,13","","-0,06%"
"08.10.2021","11.316,01","11.316,13","11.481,34","11.301,14","","0,04%"
"07.10.2021","11.311,02","11.364,76","11.394,13","11.290,54","","-0,42%"
"06.10.2021","11.358,31","11.346,20","11.383,33","11.252,30","","0,16%"
"05.10.2021","11.340,39","11.407,00","11.417,21","11.272,39","","-0,52%"
"04.10.2021","11.399,88","11.359,93","11.417,38","11.263,79","","0,48%"
"01.10.2021","11.345,93","11.329,05","11.374,44","11.277,54","","0,23%"
"30.09.2021","11.319,64","11.177,28","11.372,96","11.128,67","","1,35%"
"29.09.2021","11.168,79","11.201,24","11.292,90","11.137,25","","-0,26%"
"28.09.2021","11.197,41","11.300,47","11.327,20","11.157,82","","-0,88%"
"27.09.2021","11.296,28","11.324,78","11.374,53","11.271,74","","-0,16%"
"24.09.2021","11.314,14","11.256,03","11.368,22","11.248,69","","0,53%"
"23.09.2021","11.254,74","11.426,29","11.472,68","11.224,83","","-1,41%"
"22.09.2021","11.415,63","11.474,00","11.551,39","11.404,96","","-0,46%"
"21.09.2021","11.468,44","11.409,34","11.523,31","11.365,14","","0,56%"
"20.09.2021","11.404,43","11.343,71","11.427,87","11.265,79","","0,58%"
"17.09.2021","11.338,48","11.324,66","11.416,08","11.291,79","","0,21%"
"16.09.2021","11.315,13","11.537,95","11.556,97","11.267,18","","-1,88%"
"15.09.2021","11.531,87","11.617,49","11.631,67","11.515,95","","-0,73%"
"14.09.2021","11.616,19","11.572,88","11.650,96","11.487,67","","0,42%"
"13.09.2021","11.568,05","11.526,01","11.606,87","11.495,01","","0,44%"
"10.09.2021","11.517,53","11.584,51","11.629,43","11.517,47","","-0,49%"
"09.09.2021","11.573,75","11.561,14","11.629,92","11.515,91","","0,16%"
"08.09.2021","11.555,15","11.602,60","11.645,18","11.510,19","","-0,39%"
"07.09.2021","11.600,10","11.775,04","11.803,36","11.589,75","","-1,41%"
"06.09.2021","11.766,00","11.800,16","11.812,68","11.758,04","","-0,21%"
"03.09.2021","11.790,21","11.683,29","11.836,79","11.676,80","","0,97%"
"02.09.2021","11.677,19","11.718,68","11.744,88","11.649,91","","-0,31%"
"01.09.2021","11.713,90","11.720,33","11.766,05","11.680,90","","0,03%"
"31.08.2021","11.710,25","11.706,55","11.756,13","11.634,11","","0,09%"
"30.08.2021","11.699,80","11.762,79","11.800,55","11.686,92","","-0,48%"
"27.08.2021","11.756,63","11.611,46","11.774,68","11.586,29","","1,23%"
"26.08.2021","11.613,51","11.596,21","11.661,88","11.538,86","","0,19%"
"25.08.2021","11.591,26","11.666,28","11.671,65","11.545,95","","-0,63%"
"24.08.2021","11.664,56","11.700,70","11.725,53","11.657,58","","-0,28%"
"23.08.2021","11.697,24","11.576,21","11.715,41","11.533,21","","1,04%"
"20.08.2021","11.576,62","11.561,62","11.630,82","11.550,50","","0,17%"
"19.08.2021","11.557,05","11.591,82","11.635,83","11.520,92","","-0,28%"
"18.08.2021","11.589,70","11.584,05","11.628,12","11.522,98","","0,10%"
"17.08.2021","11.578,32","11.562,81","11.642,76","11.544,99","","0,08%"
"16.08.2021","11.568,62","11.519,70","11.592,01","11.465,38","","0,41%"
"13.08.2021","11.520,87","11.356,12","11.533,17","11.346,54","","1,50%"
"12.08.2021","11.350,39","11.349,46","11.391,37","11.285,04","","0,05%"
"11.08.2021","11.345,19","11.214,91","11.368,51","11.178,88","","1,20%"
"10.08.2021","11.210,25","11.219,29","11.266,18","11.137,10","","-0,04%"
"09.08.2021","11.214,36","11.432,64","11.441,10","10.923,21","","-1,89%"
"06.08.2021","11.430,77","11.658,92","11.662,72","11.400,58","","-1,90%"
"05.08.2021","11.652,63","11.720,37","11.731,55","11.616,09","","-0,51%"
"04.08.2021","11.712,19","11.713,66","11.831,80","11.679,76","","0,01%"
"03.08.2021","11.710,94","11.719,28","11.736,63","11.680,06","","-0,05%"
"02.08.2021","11.716,85","11.723,30","11.760,61","11.664,68","","0,00%"
"30.07.2021","11.717,42","11.803,75","11.835,75","11.691,87","","-0,69%"
"29.07.2021","11.799,29","11.730,17","11.834,88","11.723,80","","0,62%"
"28.07.2021","11.726,32","11.711,58","11.760,99","11.635,50","","0,14%"
"27.07.2021","11.709,79","11.652,71","11.742,67","11.617,67","","0,53%"
"26.07.2021","11.647,69","11.683,58","11.744,96","11.640,91","","-0,22%"
"23.07.2021","11.673,15","11.692,43","11.729,89","11.599,01","","-0,11%"
"22.07.2021","11.686,52","11.670,83","11.701,17","11.586,17","","0,26%"
"21.07.2021","11.655,94","11.739,44","11.748,65","11.613,88","","-0,67%"
"20.07.2021","11.734,93","11.770,17","11.834,78","11.704,30","","-0,22%"
"19.07.2021","11.760,49","11.737,92","11.780,56","11.643,67","","0,23%"
"16.07.2021","11.733,79","11.820,17","11.837,64","11.718,51","","-0,63%"
"15.07.2021","11.807,67","11.821,50","11.848,49","11.757,07","","-0,09%"
"14.07.2021","11.817,79","11.693,63","11.828,40","11.670,99","","1,09%"
"13.07.2021","11.690,91","11.696,66","11.759,49","11.640,76","","0,00%"
"12.07.2021","11.690,73","11.713,58","11.733,61","11.599,25","","-0,17%"
"09.07.2021","11.711,01","11.701,33","11.744,46","11.650,33","","0,13%"
"08.07.2021","11.696,31","11.675,41","11.802,01","11.630,15","","0,23%"
"07.07.2021","11.669,24","11.643,25","11.706,53","11.621,32","","0,32%"
"06.07.2021","11.632,44","11.583,16","11.740,72","11.577,00","","0,46%"
"05.07.2021","11.579,21","11.571,84","11.598,73","11.533,56","","0,14%"
"02.07.2021","11.562,99","11.493,25","11.619,61","11.480,37","","0,66%"
"01.07.2021","11.486,93","11.430,60","11.530,46","11.400,03","","0,53%"
"30.06.2021","11.426,18","11.383,73","11.459,72","11.320,50","","0,40%"
"29.06.2021","11.380,22","11.481,53","11.494,05","11.319,97","","-0,84%"
"28.06.2021","11.477,17","11.500,17","11.542,34","11.440,49","","-0,14%"
"25.06.2021","11.493,46","11.490,92","11.556,92","11.465,55","","0,08%"
"24.06.2021","11.483,72","11.517,17","11.567,17","11.475,92","","-0,23%"
"23.06.2021","11.509,88","11.527,84","11.620,02","11.478,95","","-0,14%"
"22.06.2021","11.525,77","11.532,07","11.577,96","11.474,79","","-0,01%"
"21.06.2021","11.526,86","11.386,14","11.560,51","11.386,14","","1,31%"
"18.06.2021","11.378,27","11.434,83","11.567,61","11.364,13","","-0,43%"
"17.06.2021","11.427,52","11.597,10","11.724,88","11.393,43","","-1,37%"
"16.06.2021","11.586,45","11.907,63","11.921,59","11.541,79","","-2,66%"
"15.06.2021","11.903,60","11.941,51","11.967,36","11.859,46","","-0,27%"
"14.06.2021","11.935,62","11.994,94","12.018,12","11.802,88","","-0,60%"
"11.06.2021","12.007,18","12.136,85","12.162,01","11.991,64","","-1,04%"
"10.06.2021","12.133,92","12.065,32","12.147,76","11.954,38","","0,62%"
"09.06.2021","12.058,70","12.115,63","12.137,62","12.053,21","","-0,44%"
"08.06.2021","12.112,53","12.152,05","12.180,55","12.051,18","","-0,26%"
"07.06.2021","12.144,04","12.077,37","12.157,55","12.032,21","","0,43%"
"04.06.2021","12.092,19","11.978,47","12.127,25","11.885,04","","0,98%"
"03.06.2021","11.975,12","12.177,15","12.187,91","11.940,05","","-1,63%"
"02.06.2021","12.173,74","12.127,30","12.190,78","12.091,39","","0,44%"
"01.06.2021","12.120,54","12.150,84","12.214,76","12.073,14","","-0,25%"
"31.05.2021","12.151,09","12.123,50","12.159,28","12.111,89","","0,27%"
"28.05.2021","12.118,31","12.107,71","12.137,50","11.993,66","","0,13%"
"27.05.2021","12.102,88","12.123,33","12.151,74","12.052,38","","-0,13%"
"26.05.2021","12.119,20","12.175,42","12.226,50","12.082,39","","-0,41%"
"25.05.2021","12.169,32","12.069,86","12.184,92","12.005,27","","0,91%"
"24.05.2021","12.059,44","12.111,38","12.150,27","12.055,30","","-0,35%"
"21.05.2021","12.101,27","12.080,92","12.161,18","12.030,23","","0,20%"
"20.05.2021","12.077,01","12.030,88","12.124,12","11.991,82","","0,43%"
"19.05.2021","12.024,81","12.012,46","12.162,80","11.922,60","","0,13%"
"18.05.2021","12.009,55","12.021,03","12.057,59","11.970,91","","-0,06%"
"17.05.2021","12.016,68","11.869,01","12.033,48","11.852,28","","1,30%"
"14.05.2021","11.861,94","11.787,07","11.879,96","11.731,35","","0,71%"
"13.05.2021","11.778,08","11.721,64","11.799,39","11.679,17","","0,50%"
"12.05.2021","11.719,39","11.813,12","11.873,97","11.706,63","","-0,76%"
"11.05.2021","11.809,09","11.780,43","11.837,00","11.688,43","","0,29%"
"10.05.2021","11.775,13","11.792,35","11.839,96","11.762,79","","0,02%"
"07.05.2021","11.772,33","11.733,57","11.872,96","11.715,30","","0,43%"
"06.05.2021","11.721,89","11.567,21","11.752,58","11.533,61","","1,37%"
"05.05.2021","11.563,11","11.515,59","11.576,88","11.457,80","","0,44%"
"04.05.2021","11.512,17","11.606,88","11.648,25","11.463,57","","-0,78%"
"03.05.2021","11.603,24","11.448,35","11.640,81","11.431,62","","1,36%"
"30.04.2021","11.448,08","11.469,16","11.481,55","11.404,11","","-0,13%"
"29.04.2021","11.462,56","11.543,11","11.589,04","11.370,30","","-0,65%"
"28.04.2021","11.537,49","11.517,20","11.550,82","11.428,95","","0,21%"
"27.04.2021","11.513,09","11.553,02","11.580,18","11.507,22","","-0,31%"
"26.04.2021","11.548,78","11.538,07","11.575,39","11.471,20","","0,07%"
"23.04.2021","11.540,66","11.582,25","11.657,46","11.495,68","","-0,29%"
"22.04.2021","11.573,65","11.642,13","11.665,17","11.534,11","","-0,55%"
"21.04.2021","11.637,69","11.561,80","11.678,64","11.542,82","","0,71%"
"20.04.2021","11.556,11","11.532,26","11.574,08","11.456,39","","0,25%"
"19.04.2021","11.526,94","11.604,03","11.654,49","11.501,13","","-0,46%"
"16.04.2021","11.579,99","11.503,58","11.635,63","11.487,96","","0,71%"
"15.04.2021","11.498,22","11.338,29","11.544,77","11.328,79","","1,44%"
"14.04.2021","11.335,08","11.421,71","11.449,43","11.313,84","","-0,71%"
"13.04.2021","11.416,50","11.347,33","11.450,16","11.285,54","","0,69%"
"12.04.2021","11.337,74","11.427,09","11.430,96","11.310,09","","-0,73%"
"09.04.2021","11.421,07","11.507,30","11.513,69","11.352,92","","-0,66%"
"08.04.2021","11.497,37","11.368,54","11.523,26","11.338,08","","1,18%"
"07.04.2021","11.363,83","11.402,67","11.409,93","11.321,11","","-0,27%"
"06.04.2021","11.394,58","11.349,23","11.416,77","11.317,98","","0,48%"
"05.04.2021","11.339,62","11.352,84","11.385,71","11.303,42","","-0,08%"
"02.04.2021","11.349,14","11.357,53","11.370,42","11.339,52","","-0,01%"
"01.04.2021","11.349,95","11.188,51","11.365,21","11.175,01","","1,47%"
"31.03.2021","11.185,63","11.074,71","11.239,59","11.013,63","","1,05%"
"30.03.2021","11.069,79","11.248,59","11.265,36","11.033,74","","-1,51%"
"29.03.2021","11.239,41","11.330,83","11.343,79","11.204,45","","-0,79%"
"26.03.2021","11.328,64","11.305,53","11.362,18","11.258,55","","0,23%"
"25.03.2021","11.302,64","11.315,37","11.423,60","11.271,71","","-0,08%"
"24.03.2021","11.312,12","11.253,90","11.343,41","11.233,33","","0,55%"
"23.03.2021","11.250,46","11.316,17","11.350,92","11.236,98","","-0,55%"
"22.03.2021","11.312,16","11.363,05","11.372,38","11.242,84","","-0,35%"
"19.03.2021","11.352,05","11.298,26","11.370,44","11.243,15","","0,51%"
"18.03.2021","11.294,61","11.349,95","11.408,33","11.189,89","","-0,44%"
"17.03.2021","11.345,07","11.265,46","11.393,98","11.210,72","","0,75%"
"16.03.2021","11.260,90","11.256,43","11.323,54","11.220,38","","0,06%"
"15.03.2021","11.253,74","11.244,94","11.288,35","11.195,46","","0,16%"
"12.03.2021","11.235,63","11.186,28","11.239,94","11.055,06","","0,47%"
"11.03.2021","11.182,64","11.234,03","11.301,17","11.161,20","","-0,43%"
"10.03.2021","11.230,49","11.164,41","11.236,34","11.119,39","","0,63%"
"09.03.2021","11.160,18","10.987,23","11.203,20","10.971,13","","1,64%"
"08.03.2021","10.980,03","11.062,63","11.144,45","10.942,26","","-0,62%"
"05.03.2021","11.048,79","10.985,21","11.086,32","10.915,59","","0,67%"
"04.03.2021","10.975,01","11.065,36","11.150,11","10.938,33","","-0,80%"
"03.03.2021","11.063,57","11.247,17","11.265,68","11.007,89","","-1,61%"
"02.03.2021","11.244,04","11.153,04","11.256,27","11.048,96","","0,86%"
"01.03.2021","11.148,59","11.224,00","11.372,42","11.118,42","","-0,64%"
"26.02.2021","11.220,88","11.424,50","11.488,12","11.119,49","","-1,77%"
"25.02.2021","11.422,96","11.654,04","11.657,97","11.395,77","","-1,95%"
"24.02.2021","11.650,08","11.675,88","11.717,67","11.518,13","","-0,15%"
"23.02.2021","11.667,46","11.699,74","11.730,51","11.618,62","","-0,22%"
"22.02.2021","11.693,18","11.509,12","11.719,00","11.501,66","","1,63%"
"19.02.2021","11.505,70","11.521,36","11.566,36","11.390,59","","-0,08%"
"18.02.2021","11.514,83","11.471,93","11.580,47","11.461,61","","0,49%"
"17.02.2021","11.458,72","11.589,86","11.595,38","11.426,27","","-1,04%"
"16.02.2021","11.579,42","11.749,70","11.797,51","11.554,95","","-1,34%"
"15.02.2021","11.737,05","11.788,45","11.802,93","11.726,25","","-0,27%"
"12.02.2021","11.768,98","11.790,45","11.823,64","11.691,48","","-0,09%"
"11.02.2021","11.779,66","11.905,01","11.934,43","11.758,00","","-1,02%"
"10.02.2021","11.901,19","11.830,81","11.961,99","11.801,70","","0,67%"
"09.02.2021","11.822,24","11.804,34","11.899,52","11.788,28","","0,23%"
"08.02.2021","11.794,93","11.739,94","11.859,54","11.665,79","","0,69%"
"05.02.2021","11.714,63","11.611,25","11.743,54","11.597,08","","0,94%"
"04.02.2021","11.605,28","11.848,59","11.855,21","11.549,27","","-1,97%"
"03.02.2021","11.838,56","11.866,74","11.918,53","11.818,82","","-0,17%"
"02.02.2021","11.858,60","12.035,08","12.047,11","11.813,14","","-1,42%"
"01.02.2021","12.029,10","11.975,19","12.096,85","11.885,17","","1,42%"
"29.01.2021","11.861,13","11.886,29","12.057,06","11.837,63","","-0,17%"
"28.01.2021","11.881,76","11.953,97","12.037,54","11.834,70","","-0,58%"
"27.01.2021","11.950,52","11.965,67","12.000,37","11.871,95","","-0,08%"
"26.01.2021","11.960,11","12.025,83","12.052,10","11.955,09","","-0,50%"
"25.01.2021","12.020,37","12.028,79","12.102,66","11.970,10","","0,12%"
"22.01.2021","12.006,38","12.083,00","12.091,50","11.911,88","","-0,56%"
"21.01.2021","12.073,39","12.103,90","12.116,07","12.009,20","","-0,21%"
"20.01.2021","12.098,99","11.923,25","12.106,14","11.855,68","","1,53%"
"19.01.2021","11.916,96","11.933,83","11.974,98","11.877,71","","-0,04%"
"18.01.2021","11.921,78","11.853,08","11.943,80","11.733,35","","0,72%"
"15.01.2021","11.836,30","11.952,63","12.022,00","11.815,95","","-0,94%"
"14.01.2021","11.949,00","11.934,55","12.027,09","11.866,21","","0,15%"
"13.01.2021","11.931,17","11.989,43","12.043,78","11.922,33","","-0,41%"
"12.01.2021","11.980,57","11.942,92","12.040,95","11.876,29","","0,34%"
"11.01.2021","11.939,87","11.975,43","12.025,30","11.766,88","","-0,23%"
"08.01.2021","11.967,81","12.395,29","12.421,85","11.842,04","","-3,39%"
"07.01.2021","12.387,40","12.401,43","12.447,48","12.339,18","","-0,03%"
"06.01.2021","12.391,54","12.590,00","12.649,54","12.286,62","","-1,53%"
"05.01.2021","12.583,70","12.554,21","12.620,12","12.473,13","","0,29%"
"04.01.2021","12.547,07","12.440,18","12.566,49","12.405,38","","1,31%"
"01.01.2021","12.385,10","12.387,25","12.394,99","12.386,68","","0,00%"
"31.12.2020","12.385,04","12.358,82","12.413,91","12.308,12","","0,29%"
"30.12.2020","12.349,68","12.270,83","12.361,75","12.238,68","","0,71%"
"29.12.2020","12.263,04","12.246,90","12.322,91","12.224,18","","0,26%"
"28.12.2020","12.231,14","12.279,49","12.410,13","12.228,00","","-0,31%"
"25.12.2020","12.269,40","12.257,39","12.284,42","12.238,06","","0,17%"
"24.12.2020","12.249,14","12.250,80","12.293,12","12.207,93","","0,03%"
"23.12.2020","12.245,65","12.172,78","12.285,63","12.149,88","","0,64%"
"22.12.2020","12.167,21","12.294,08","12.339,92","12.161,95","","-0,94%"
"21.12.2020","12.282,20","12.318,50","12.492,46","12.167,48","","-0,06%"
"18.12.2020","12.289,74","12.318,45","12.360,16","12.271,34","","-0,19%"
"17.12.2020","12.313,60","12.184,63","12.388,04","12.165,01","","1,11%"
"16.12.2020","12.178,10","12.120,91","12.190,24","12.051,29","","0,50%"
"15.12.2020","12.116,98","11.969,26","12.146,10","11.956,93","","1,30%"
"14.12.2020","11.961,70","12.303,03","12.304,25","11.907,53","","-0,61%"
"11.12.2020","12.035,51","12.022,35","12.100,05","11.942,08","","0,17%"
"10.12.2020","12.015,11","12.042,11","12.109,58","11.967,78","","-0,12%"
"09.12.2020","12.030,14","12.219,68","12.224,50","11.946,53","","-1,46%"
"08.12.2020","12.208,49","12.161,24","12.250,01","12.144,56","","0,41%"
"07.12.2020","12.158,52","12.004,96","12.202,50","11.920,66","","1,32%"
"04.12.2020","11.999,78","12.045,78","12.077,75","11.948,13","","-0,33%"
"03.12.2020","12.039,46","12.013,91","12.091,78","11.931,67","","0,25%"
"02.12.2020","12.009,42","11.929,85","12.026,21","11.847,82","","0,72%"
"01.12.2020","11.923,42","11.691,70","11.945,39","11.680,93","","2,06%"
"30.11.2020","11.682,86","11.766,32","11.772,48","11.602,36","","-0,61%"
"27.11.2020","11.754,80","11.908,95","11.926,96","11.677,84","","-1,24%"
"26.11.2020","11.902,87","11.893,29","11.954,63","11.863,30","","0,17%"
"25.11.2020","11.882,27","11.915,49","11.955,04","11.848,70","","-0,21%"
"24.11.2020","11.906,75","12.105,43","12.113,38","11.869,22","","-1,60%"
"23.11.2020","12.100,06","12.271,79","12.327,55","12.058,01","","-1,40%"
"20.11.2020","12.271,88","12.286,42","12.340,55","12.231,71","","-0,02%"
"19.11.2020","12.274,19","12.283,23","12.299,82","12.199,33","","-0,02%"
"18.11.2020","12.276,83","12.325,80","12.365,94","12.211,63","","-0,35%"
"17.11.2020","12.320,32","12.428,68","12.457,39","12.311,21","","-0,89%"
"16.11.2020","12.431,36","12.478,00","12.526,85","12.275,62","","-0,30%"
"13.11.2020","12.468,43","12.413,50","12.538,30","12.391,08","","0,50%"
"12.11.2020","12.406,23","12.369,75","12.457,97","12.347,01","","0,35%"
"11.11.2020","12.363,08","12.418,50","12.453,53","12.307,01","","-0,38%"
"10.11.2020","12.410,31","12.347,73","12.509,75","12.333,01","","0,55%"
"09.11.2020","12.342,45","12.923,13","12.959,31","12.267,13","","-4,29%"
"06.11.2020","12.895,58","12.873,30","12.955,85","12.807,33","","0,21%"
"05.11.2020","12.867,94","12.676,99","12.902,30","12.654,66","","1,72%"
"04.11.2020","12.650,55","12.752,43","12.799,11","12.594,42","","-0,73%"
"03.11.2020","12.743,56","12.684,14","12.759,25","12.632,67","","0,51%"
"02.11.2020","12.679,26","12.572,88","12.688,17","12.536,87","","0,86%"
"30.10.2020","12.570,67","12.542,67","12.628,34","12.485,51","","0,26%"
"29.10.2020","12.537,66","12.633,96","12.655,27","12.477,92","","-0,69%"
"28.10.2020","12.624,84","12.792,65","12.823,62","12.581,07","","-1,27%"
"27.10.2020","12.787,70","12.767,33","12.816,53","12.740,69","","0,18%"
"26.10.2020","12.764,69","12.720,61","12.804,46","12.644,04","","0,45%"
"23.10.2020","12.707,46","12.727,92","12.780,82","12.658,46","","-0,10%"
"22.10.2020","12.720,65","12.800,69","12.814,71","12.667,83","","-0,59%"
"21.10.2020","12.796,51","12.729,92","12.839,80","12.727,43","","0,56%"
"20.10.2020","12.724,99","12.724,00","12.780,54","12.672,05","","0,06%"
"19.10.2020","12.717,89","12.725,08","12.823,22","12.700,26","","0,02%"
"16.10.2020","12.715,35","12.836,13","12.851,78","12.709,27","","-0,89%"
"15.10.2020","12.830,01","12.764,63","12.840,24","12.704,30","","0,52%"
"14.10.2020","12.763,63","12.759,13","12.853,25","12.700,17","","0,07%"
"13.10.2020","12.754,23","12.969,86","12.990,67","12.729,42","","-1,59%"
"12.10.2020","12.960,64","12.924,12","13.008,17","12.864,74","","0,38%"
"09.10.2020","12.911,31","12.859,71","12.930,05","12.790,83","","0,43%"
"08.10.2020","12.855,67","12.813,93","12.907,45","12.779,37","","0,35%"
"07.10.2020","12.810,25","12.755,42","12.891,01","12.719,47","","0,50%"
"06.10.2020","12.746,83","12.994,17","13.045,84","12.729,86","","-1,86%"
"05.10.2020","12.988,26","12.917,76","13.029,82","12.812,99","","0,76%"
"02.10.2020","12.889,72","12.943,26","13.019,87","12.831,72","","-0,37%"
"01.10.2020","12.937,72","12.806,09","12.984,60","12.797,16","","1,06%"
"30.09.2020","12.802,22","12.936,05","12.948,71","12.792,94","","-0,99%"
"29.09.2020","12.929,96","12.816,50","12.946,20","12.796,98","","0,97%"
"28.09.2020","12.805,46","12.685,45","12.829,34","12.606,42","","0,86%"
"25.09.2020","12.695,98","12.754,13","12.782,24","12.649,52","","-0,41%"
"24.09.2020","12.747,63","12.691,50","12.819,49","12.612,98","","0,50%"
"23.09.2020","12.684,57","12.881,71","12.938,89","12.638,50","","-1,48%"
"22.09.2020","12.875,75","13.016,68","13.065,95","12.860,59","","-1,02%"
"21.09.2020","13.009,07","13.197,06","13.239,08","12.815,73","","-1,41%"
"18.09.2020","13.194,73","13.154,66","13.269,21","13.137,09","","0,36%"
"17.09.2020","13.146,83","13.235,96","13.262,92","13.089,54","","-0,63%"
"16.09.2020","13.229,71","13.262,33","13.339,45","13.192,01","","-0,12%"
"15.09.2020","13.246,14","13.324,30","13.358,88","13.216,29","","-0,52%"
"14.09.2020","13.315,99","13.265,88","13.365,72","13.232,24","","0,47%"
"11.09.2020","13.253,90","13.302,49","13.381,34","13.246,29","","-0,33%"
"10.09.2020","13.298,35","13.301,81","13.426,26","13.268,38","","0,04%"
"09.09.2020","13.292,67","13.224,92","13.331,43","13.147,45","","0,58%"
"08.09.2020","13.216,03","13.183,21","13.287,87","13.056,83","","0,32%"
"07.09.2020","13.173,86","13.214,54","13.266,67","13.149,01","","-0,40%"
"04.09.2020","13.227,38","13.218,40","13.284,49","13.115,26","","0,13%"
"03.09.2020","13.209,95","13.285,59","13.319,05","13.157,71","","-0,54%"
"02.09.2020","13.281,11","13.454,57","13.481,84","13.216,71","","-1,25%"
"01.09.2020","13.449,51","13.476,69","13.588,33","13.405,02","","-0,16%"
"31.08.2020","13.471,43","13.493,22","13.569,24","13.401,79","","-0,11%"
"28.08.2020","13.485,79","13.302,50","13.551,67","13.261,32","","1,41%"
"27.08.2020","13.297,89","13.453,49","13.594,68","13.162,28","","-1,12%"
"26.08.2020","13.448,72","13.329,07","13.462,00","13.118,17","","0,93%"
"25.08.2020","13.324,17","13.346,35","13.393,74","13.233,92","","-0,12%"
"24.08.2020","13.340,08","13.418,51","13.561,09","13.313,37","","-0,57%"
"21.08.2020","13.416,74","13.465,13","13.527,97","13.237,24","","-0,30%"
"20.08.2020","13.456,80","13.350,38","13.536,08","13.321,96","","0,84%"
"19.08.2020","13.344,89","13.858,79","13.889,80","13.321,01","","-3,67%"
"18.08.2020","13.852,90","13.763,99","13.935,78","13.688,00","","0,69%"
"17.08.2020","13.758,23","13.532,61","13.800,98","13.412,36","","1,85%"
"14.08.2020","13.508,71","13.568,92","13.632,05","13.432,62","","-0,37%"
"13.08.2020","13.558,78","13.298,28","13.656,93","13.270,31","","2,01%"
"12.08.2020","13.292,04","13.280,60","13.542,34","12.958,44","","0,18%"
"11.08.2020","13.268,38","14.115,84","14.147,91","13.209,68","","-5,97%"
"10.08.2020","14.110,29","14.174,27","14.268,79","14.058,94","","-0,46%"
"07.08.2020","14.175,16","14.345,74","14.423,88","14.044,38","","-1,15%"
"06.08.2020","14.340,22","14.136,65","14.385,91","14.114,10","","1,48%"
"05.08.2020","14.131,67","14.081,74","14.258,40","13.993,78","","0,40%"
"04.08.2020","14.075,79","13.801,55","14.085,52","13.746,45","","2,02%"
"03.08.2020","13.796,48","13.817,63","13.847,65","13.693,72","","0,16%"
"31.07.2020","13.774,46","13.712,05","13.843,08","13.672,69","","0,49%"
"30.07.2020","13.707,04","13.797,20","13.806,56","13.593,86","","-0,62%"
"29.07.2020","13.792,65","13.714,33","13.869,08","13.617,03","","0,61%"
"28.07.2020","13.708,39","13.588,58","13.861,41","13.370,50","","0,92%"
"27.07.2020","13.583,77","13.332,17","13.622,62","13.330,29","","1,88%"
"24.07.2020","13.333,44","13.220,04","13.376,41","13.178,58","","0,90%"
"23.07.2020","13.214,50","13.104,74","13.296,49","13.057,42","","0,89%"
"22.07.2020","13.098,54","12.856,29","13.106,59","12.842,61","","1,93%"
"21.07.2020","12.850,89","12.695,18","12.871,84","12.676,08","","1,27%"
"20.07.2020","12.689,55","12.653,21","12.719,29","12.625,36","","0,29%"
"17.07.2020","12.652,62","12.562,33","12.670,35","12.546,57","","0,77%"
"16.07.2020","12.555,74","12.652,41","12.676,17","12.545,93","","-0,74%"
"15.07.2020","12.648,80","12.671,31","12.694,49","12.591,37","","-0,20%"
"14.07.2020","12.674,48","12.614,47","12.692,37","12.566,18","","0,52%"
"13.07.2020","12.609,47","12.297,91","12.696,61","12.297,91","","0,18%"
"10.07.2020","12.586,39","12.613,92","12.678,12","12.563,31","","-0,18%"
"09.07.2020","12.608,73","12.671,13","12.702,05","12.560,88","","-0,47%"
"08.07.2020","12.668,22","12.591,43","12.731,92","12.572,15","","0,69%"
"07.07.2020","12.582,02","12.525,00","12.608,33","12.457,28","","0,51%"
"06.07.2020","12.517,71","12.551,99","12.557,38","12.458,83","","-0,18%"
"03.07.2020","12.539,93","12.549,33","12.567,07","12.519,40","","-0,04%"
"02.07.2020","12.544,35","12.519,24","12.577,29","12.425,92","","0,24%"
"01.07.2020","12.514,60","12.585,42","12.643,56","12.440,76","","-0,49%"
"30.06.2020","12.576,51","12.550,58","12.620,50","12.483,71","","0,29%"
"29.06.2020","12.539,75","12.554,92","12.570,32","12.494,85","","0,07%"
"26.06.2020","12.530,82","12.482,37","12.543,41","12.370,33","","0,42%"
"25.06.2020","12.478,07","12.471,62","12.521,63","12.425,72","","0,13%"
"24.06.2020","12.461,44","12.486,38","12.586,64","12.463,29","","-0,09%"
"23.06.2020","12.472,83","12.408,12","12.503,24","12.362,22","","0,58%"
"22.06.2020","12.400,57","12.367,87","12.465,88","12.333,20","","0,63%"
"19.06.2020","12.323,13","12.214,58","12.343,97","12.202,12","","1,00%"
"18.06.2020","12.201,24","12.235,04","12.298,62","12.178,40","","-0,23%"
"17.06.2020","12.229,10","12.238,16","12.262,72","12.143,35","","0,00%"
"16.06.2020","12.229,45","12.232,62","12.275,43","12.152,75","","0,06%"
"15.06.2020","12.221,74","12.270,71","12.295,98","12.093,46","","-0,21%"
"12.06.2020","12.247,61","12.203,83","12.327,63","12.169,96","","0,40%"
"11.06.2020","12.199,27","12.277,62","12.328,95","12.168,91","","-0,59%"
"10.06.2020","12.271,97","12.135,48","12.286,47","12.063,39","","1,20%"
"09.06.2020","12.126,19","12.011,67","12.184,62","11.972,46","","1,03%"
"08.06.2020","12.002,20","11.930,66","12.027,99","11.881,26","","0,58%"
"05.06.2020","11.932,78","12.192,41","12.212,20","11.847,20","","-2,02%"
"04.06.2020","12.179,31","12.086,71","12.241,17","12.075,39","","0,87%"
"03.06.2020","12.074,11","12.269,83","12.313,89","12.039,69","","-1,53%"
"02.06.2020","12.262,00","12.400,55","12.425,71","12.224,38","","-1,05%"
"01.06.2020","12.391,52","12.411,64","12.440,70","12.325,09","","0,42%"
"29.05.2020","12.339,73","12.280,46","12.402,47","12.238,25","","0,53%"
"28.05.2020","12.274,89","12.255,73","12.354,87","12.229,03","","0,21%"
"27.05.2020","12.249,58","12.206,38","12.299,20","12.136,43","","0,39%"
"26.05.2020","12.201,74","12.338,28","12.383,77","12.189,90","","-1,12%"
"25.05.2020","12.339,34","12.368,55","12.378,55","12.284,74","","-0,15%"
"22.05.2020","12.357,76","12.287,51","12.431,20","12.265,00","","0,60%"
"21.05.2020","12.284,04","12.399,83","12.427,76","12.210,61","","-0,86%"
"20.05.2020","12.390,59","12.386,24","12.462,76","12.365,98","","0,12%"
"19.05.2020","12.375,91","12.317,01","12.414,85","12.266,22","","0,53%"
"18.05.2020","12.310,37","12.093,54","12.568,87","12.093,54","","-0,45%"
"15.05.2020","12.366,04","12.278,63","12.443,86","12.261,10","","0,78%"
"14.05.2020","12.270,27","12.173,96","12.328,39","12.138,73","","0,87%"
"13.05.2020","12.164,72","12.060,36","12.191,70","12.046,01","","0,93%"
"12.05.2020","12.052,85","12.047,31","12.122,76","12.020,12","","0,14%"
"11.05.2020","12.035,40","12.044,85","12.123,49","12.001,97","","0,02%"
"08.05.2020","12.032,82","12.158,18","12.200,29","12.033,61","","-0,96%"
"07.05.2020","12.149,49","11.975,26","12.206,76","11.942,75","","1,54%"
"06.05.2020","11.965,76","12.047,23","12.123,00","11.951,93","","-0,61%"
"05.05.2020","12.039,19","12.036,43","12.096,85","11.945,36","","0,24%"
"04.05.2020","12.010,11","11.998,68","12.094,51","11.948,14","","0,12%"
"01.05.2020","11.996,10","11.914,82","12.051,87","11.794,32","","0,79%"
"30.04.2020","11.902,09","12.122,17","12.153,01","11.869,02","","-1,75%"
"29.04.2020","12.114,29","12.092,99","12.156,25","12.013,53","","0,24%"
"28.04.2020","12.085,19","12.149,38","12.164,22","11.975,74","","-0,44%"
"27.04.2020","12.138,97","12.224,39","12.237,06","12.089,12","","-0,78%"
"24.04.2020","12.234,23","12.243,38","12.297,75","12.111,57","","0,07%"
"23.04.2020","12.225,59","12.150,46","12.297,76","12.089,06","","0,71%"
"22.04.2020","12.139,55","11.959,99","12.182,22","11.902,50","","1,56%"
"21.04.2020","11.953,64","11.996,85","12.034,83","11.783,50","","-0,27%"
"20.04.2020","11.986,05","11.969,38","12.049,53","11.822,55","","0,65%"
"17.04.2020","11.909,08","12.159,95","12.174,40","11.878,28","","-1,97%"
"16.04.2020","12.148,80","12.133,57","12.298,77","12.091,46","","0,20%"
"15.04.2020","12.124,17","12.176,97","12.213,91","12.062,25","","-0,32%"
"14.04.2020","12.162,97","12.080,59","12.321,82","12.042,05","","0,73%"
"13.04.2020","12.074,49","11.860,57","12.157,92","11.784,37","","1,67%"
"10.04.2020","11.876,34","11.857,68","11.950,59","11.787,38","","0,18%"
"09.04.2020","11.854,65","11.626,65","11.911,21","11.610,14","","2,06%"
"08.04.2020","11.615,93","11.612,50","11.709,79","11.573,75","","0,16%"
"07.04.2020","11.596,84","11.786,38","11.870,08","11.575,48","","-1,50%"
"06.04.2020","11.773,95","11.330,67","11.844,72","11.330,67","","2,66%"
"03.04.2020","11.468,71","11.431,43","11.533,31","11.361,03","","0,41%"
"02.04.2020","11.421,58","11.298,64","11.484,31","11.214,79","","1,20%"
"01.04.2020","11.286,10","11.172,38","11.386,88","11.092,87","","1,44%"
"31.03.2020","11.126,42","11.520,95","11.602,86","11.132,13","","-3,35%"
"30.03.2020","11.511,85","11.510,13","11.625,88","11.408,28","","-0,16%"
"27.03.2020","11.529,77","11.536,29","11.603,25","11.427,42","","0,10%"
"26.03.2020","11.518,43","11.507,04","11.652,08","11.324,29","","0,30%"
"25.03.2020","11.483,59","11.497,09","11.604,96","11.275,55","","-0,12%"
"24.03.2020","11.497,13","11.020,93","11.574,41","11.017,66","","4,40%"
"23.03.2020","11.013,07","10.701,91","11.074,88","10.541,62","","3,62%"
"20.03.2020","10.628,03","10.456,24","10.714,12","10.380,14","","1,65%"
"19.03.2020","10.455,90","10.474,55","10.613,85","10.360,32","","-0,14%"
"18.03.2020","10.470,28","10.713,29","10.835,79","10.379,83","","-2,22%"
"17.03.2020","10.707,69","10.590,38","10.883,12","10.288,78","","1,16%"
"16.03.2020","10.584,86","10.945,30","11.028,00","10.188,71","","-1,17%"
"13.03.2020","10.710,68","11.087,21","11.167,38","10.561,01","","-3,35%"
"12.03.2020","11.082,15","11.380,42","11.506,46","10.973,03","","-2,58%"
"11.03.2020","11.375,96","11.474,06","11.612,05","11.366,32","","-0,80%"
"10.03.2020","11.468,21","11.671,49","11.675,83","11.423,45","","-1,70%"
"09.03.2020","11.666,40","11.745,75","11.804,67","11.505,75","","0,58%"
"06.03.2020","11.599,45","11.600,52","11.729,84","11.424,95","","0,01%"
"05.03.2020","11.597,96","11.337,06","11.617,84","11.324,92","","2,35%"
"04.03.2020","11.331,33","11.422,17","11.498,79","11.322,93","","-0,72%"
"03.03.2020","11.413,29","11.065,37","11.484,17","11.053,04","","3,19%"
"02.03.2020","11.060,84","11.124,89","11.227,33","11.029,63","","-0,16%"
"28.02.2020","11.078,28","11.521,54","11.553,74","10.948,42","","-3,80%"
"27.02.2020","11.516,37","11.522,78","11.631,38","11.456,79","","-0,02%"
"26.02.2020","11.518,54","11.464,51","11.619,89","11.419,12","","0,48%"
"25.02.2020","11.463,05","11.663,14","11.670,25","11.425,69","","-1,69%"
"24.02.2020","11.660,20","11.658,20","11.876,80","11.615,18","","1,00%"
"21.02.2020","11.545,12","11.375,07","11.593,63","11.369,77","","1,53%"
"20.02.2020","11.371,57","11.277,86","11.403,79","11.238,70","","0,86%"
"19.02.2020","11.274,91","11.205,62","11.288,45","11.192,12","","0,67%"
"18.02.2020","11.200,20","11.054,58","11.233,58","11.052,14","","1,50%"
"17.02.2020","11.034,93","11.072,14","11.072,91","11.018,72","","-0,30%"
"14.02.2020","11.067,90","10.995,41","11.074,59","10.982,39","","0,68%"
"13.02.2020","10.993,53","10.917,69","11.013,89","10.914,96","","0,73%"
"12.02.2020","10.913,97","10.921,68","10.950,07","10.885,39","","-0,04%"
"11.02.2020","10.918,12","10.979,26","10.986,36","10.882,91","","-0,51%"
"10.02.2020","10.974,03","10.994,38","11.038,20","10.953,21","","-0,14%"
"07.02.2020","10.989,81","10.921,04","11.022,37","10.903,74","","0,67%"
"06.02.2020","10.916,94","10.851,58","10.930,10","10.804,49","","0,65%"
"05.02.2020","10.846,48","10.867,72","10.939,38","10.794,71","","-0,17%"
"04.02.2020","10.864,66","11.071,54","11.090,96","10.841,66","","-1,84%"
"03.02.2020","11.068,26","11.030,66","11.106,16","10.978,18","","0,37%"
"31.01.2020","11.027,59","10.920,92","11.030,71","10.896,37","","1,00%"
"30.01.2020","10.918,00","10.939,48","11.002,63","10.908,91","","-0,16%"
"29.01.2020","10.935,22","10.873,58","10.946,29","10.843,47","","0,60%"
"28.01.2020","10.870,45","10.972,71","10.982,57","10.860,33","","-0,92%"
"27.01.2020","10.971,17","10.964,42","11.007,14","10.930,80","","0,72%"
"24.01.2020","10.892,68","10.840,98","10.932,23","10.796,33","","0,50%"
"23.01.2020","10.838,54","10.766,22","10.877,83","10.757,83","","0,73%"
"22.01.2020","10.759,99","10.760,21","10.770,21","10.695,25","","0,02%"
"21.01.2020","10.758,04","10.718,78","10.814,11","10.675,39","","0,18%"
"20.01.2020","10.738,77","10.691,92","10.741,54","10.670,22","","0,61%"
"17.01.2020","10.673,83","10.679,57","10.711,13","10.652,25","","-0,01%"
"16.01.2020","10.674,74","10.724,13","10.737,30","10.648,86","","-0,43%"
"15.01.2020","10.721,03","10.645,38","10.739,04","10.643,89","","0,73%"
"14.01.2020","10.642,96","10.670,97","10.678,08","10.559,91","","-0,23%"
"13.01.2020","10.667,13","10.809,88","10.809,95","10.656,00","","-1,28%"
"10.01.2020","10.805,88","10.760,82","10.816,64","10.709,26","","0,43%"
"09.01.2020","10.759,11","10.811,83","10.839,37","10.663,43","","-0,43%"
"08.01.2020","10.805,19","10.934,60","11.189,84","10.782,13","","-1,16%"
"07.01.2020","10.932,41","10.923,02","10.956,36","10.832,98","","0,11%"
"06.01.2020","10.920,78","10.810,42","11.018,93","10.810,42","","1,07%"
"03.01.2020","10.805,36","10.649,54","10.822,29","10.641,53","","1,48%"
"02.01.2020","10.648,21","10.564,81","10.666,25","10.564,67","","0,87%"
"01.01.2020","10.556,34","10.565,22","10.567,20","10.563,25","","-0,05%"
"31.12.2019","10.561,12","10.585,94","10.637,54","10.557,37","","-0,22%"
"30.12.2019","10.584,64","10.576,14","10.600,66","10.552,12","","0,18%"
"27.12.2019","10.565,97","10.572,93","10.601,87","10.546,44","","0,01%"
"26.12.2019","10.565,04","10.480,01","10.585,04","10.467,72","","0,87%"
"25.12.2019","10.473,72","10.508,17","10.511,17","10.465,92","","-0,26%"
"24.12.2019","10.501,26","10.417,58","10.516,67","10.409,76","","0,83%"
"23.12.2019","10.415,27","10.357,38","10.422,99","10.352,54","","0,58%"
"20.12.2019","10.354,96","10.367,68","10.384,70","10.339,88","","-0,11%"
"19.12.2019","10.366,10","10.336,23","10.389,24","10.323,51","","0,38%"
"18.12.2019","10.327,07","10.329,83","10.360,24","10.294,05","","0,00%"
"17.12.2019","10.327,06","10.322,81","10.362,55","10.311,20","","0,09%"
"16.12.2019","10.317,54","10.313,71","10.360,09","10.295,46","","0,11%"
"13.12.2019","10.306,48","10.265,92","10.332,00","10.215,25","","0,46%"
"12.12.2019","10.259,13","10.381,45","10.464,30","10.231,31","","-1,16%"
"11.12.2019","10.379,56","10.299,68","10.410,56","10.292,79","","0,79%"
"10.12.2019","10.297,81","10.289,28","10.336,55","10.273,20","","0,11%"
"09.12.2019","10.286,65","10.267,47","10.319,05","10.260,21","","0,19%"
"06.12.2019","10.267,33","10.397,86","10.409,63","10.261,27","","-1,25%"
"05.12.2019","10.396,98","10.394,58","10.431,42","10.367,86","","0,05%"
"04.12.2019","10.391,35","10.432,50","10.501,93","10.373,14","","-0,38%"
"03.12.2019","10.431,26","10.294,28","10.466,06","10.277,69","","1,36%"
"02.12.2019","10.290,96","10.316,82","10.316,82","10.239,63","","-0,17%"
"29.11.2019","10.308,42","10.242,77","10.315,24","10.210,04","","0,50%"
"28.11.2019","10.257,24","10.221,22","10.260,50","10.221,04","","0,38%"
"27.11.2019","10.218,01","10.278,62","10.283,76","10.208,11","","-0,54%"
"26.11.2019","10.273,54","10.239,12","10.289,81","10.199,94","","0,37%"
"25.11.2019","10.235,87","10.294,52","10.294,52","10.229,57","","-0,54%"
"22.11.2019","10.291,15","10.294,33","10.373,76","10.281,13","","0,00%"
"21.11.2019","10.291,45","10.354,03","10.397,89","10.281,01","","-0,58%"
"20.11.2019","10.351,14","10.348,84","10.408,24","10.313,79","","0,06%"
"19.11.2019","10.345,28","10.337,61","10.370,11","10.285,49","","0,09%"
"18.11.2019","10.336,00","10.285,73","10.358,50","10.215,69","","0,54%"
"15.11.2019","10.280,84","10.328,78","10.331,04","10.250,49","","-0,44%"
"14.11.2019","10.326,04","10.278,42","10.352,99","10.254,06","","0,52%"
"13.11.2019","10.272,92","10.207,18","10.305,96","10.203,22","","0,68%"
"12.11.2019","10.203,47","10.206,13","10.235,30","10.130,58","","0,00%"
"11.11.2019","10.203,15","10.206,99","10.280,38","10.153,30","","0,01%"
"08.11.2019","10.202,14","10.248,20","10.290,84","10.173,83","","-0,41%"
"07.11.2019","10.243,85","10.431,44","10.475,04","10.197,12","","-1,77%"
"06.11.2019","10.428,34","10.400,33","10.458,46","10.372,70","","0,30%"
"05.11.2019","10.396,73","10.613,90","10.616,61","10.371,88","","-2,01%"
"04.11.2019","10.609,75","10.653,37","10.653,89","10.576,08","","-0,42%"
"01.11.2019","10.654,59","10.650,52","10.672,03","10.583,99","","0,07%"
"31.10.2019","10.646,65","10.552,22","10.663,78","10.533,08","","0,92%"
"30.10.2019","10.549,93","10.511,93","10.561,12","10.450,38","","0,37%"
"29.10.2019","10.510,85","10.548,72","10.562,99","10.482,75","","-0,33%"
"28.10.2019","10.545,94","10.628,72","10.651,79","10.529,80","","-0,77%"
"25.10.2019","10.627,43","10.631,57","10.731,84","10.601,95","","-0,01%"
"24.10.2019","10.628,84","10.542,54","10.633,73","10.512,79","","0,88%"
"23.10.2019","10.535,69","10.528,66","10.581,25","10.527,71","","0,09%"
"22.10.2019","10.525,70","10.503,63","10.548,51","10.478,97","","0,26%"
"21.10.2019","10.498,65","10.566,04","10.579,32","10.486,36","","-0,47%"
"18.10.2019","10.547,82","10.560,18","10.577,35","10.518,55","","-0,08%"
"17.10.2019","10.556,16","10.568,68","10.598,42","10.484,12","","-0,09%"
"16.10.2019","10.565,52","10.488,92","10.587,38","10.484,25","","0,75%"
"15.10.2019","10.486,60","10.553,19","10.609,67","10.460,34","","-0,57%"
"14.10.2019","10.546,48","10.553,33","10.591,40","10.473,66","","-0,04%"
"11.10.2019","10.550,47","10.630,68","10.675,36","10.450,75","","-0,72%"
"10.10.2019","10.627,48","10.737,12","10.820,45","10.612,79","","-1,00%"
"09.10.2019","10.735,00","10.755,89","10.795,63","10.684,99","","-0,15%"
"08.10.2019","10.751,58","10.675,46","10.779,79","10.602,51","","0,74%"
"07.10.2019","10.672,59","10.756,51","10.791,41","10.650,58","","-0,74%"
"04.10.2019","10.752,64","10.758,99","10.802,34","10.702,12","","-0,03%"
"03.10.2019","10.756,22","10.722,09","10.857,02","10.693,86","","0,34%"
"02.10.2019","10.719,30","10.574,34","10.759,09","10.539,70","","1,40%"
"01.10.2019","10.571,56","10.524,73","10.632,28","10.429,46","","0,47%"
"30.09.2019","10.522,49","10.663,29","10.687,67","10.468,17","","-1,28%"
"27.09.2019","10.659,15","10.733,13","10.759,17","10.597,03","","-0,65%"
"26.09.2019","10.728,51","10.725,05","10.788,39","10.708,67","","0,06%"
"25.09.2019","10.721,62","10.900,91","10.926,66","10.706,97","","-1,59%"
"24.09.2019","10.894,86","10.835,83","10.929,72","10.776,81","","0,57%"
"23.09.2019","10.833,19","10.755,51","10.869,44","10.720,63","","0,74%"
"20.09.2019","10.753,49","10.637,72","10.759,66","10.626,92","","1,11%"
"19.09.2019","10.635,33","10.586,48","10.673,07","10.550,34","","0,48%"
"18.09.2019","10.584,38","10.647,35","10.709,25","10.518,16","","-0,56%"
"17.09.2019","10.643,55","10.589,44","10.690,80","10.577,96","","0,55%"
"16.09.2019","10.585,42","10.642,78","10.705,49","10.571,75","","0,51%"
"13.09.2019","10.531,38","10.613,00","10.684,62","10.518,06","","-0,74%"
"12.09.2019","10.610,23","10.653,78","10.802,06","10.572,51","","-0,39%"
"11.09.2019","10.651,30","10.566,52","10.664,89","10.562,29","","0,81%"
"10.09.2019","10.565,74","10.675,80","10.688,26","10.557,06","","-0,99%"
"09.09.2019","10.671,53","10.724,08","10.796,09","10.666,75","","-0,43%"
"06.09.2019","10.717,31","10.859,47","10.875,97","10.689,83","","-1,28%"
"05.09.2019","10.855,99","11.094,88","11.100,42","10.799,08","","-2,07%"
"04.09.2019","11.085,01","11.107,52","11.132,43","10.970,76","","-0,19%"
"03.09.2019","11.106,01","10.970,21","11.127,12","10.926,42","","1,20%"
"02.09.2019","10.974,83","10.879,05","10.982,68","10.879,05","","0,91%"
"30.08.2019","10.875,73","10.914,66","10.968,17","10.859,92","","-0,33%"
"29.08.2019","10.911,54","11.028,12","11.115,09","10.856,07","","-0,98%"
"28.08.2019","11.019,90","11.043,83","11.077,82","10.967,46","","-0,17%"
"27.08.2019","11.038,32","10.922,11","11.064,08","10.904,58","","1,08%"
"26.08.2019","10.919,94","10.922,95","11.044,64","10.892,50","","0,85%"
"23.08.2019","10.827,51","10.613,43","10.857,76","10.583,03","","2,13%"
"22.08.2019","10.601,68","10.613,98","10.659,04","10.569,24","","-0,04%"
"21.08.2019","10.606,16","10.638,33","10.650,33","10.562,13","","-0,27%"
"20.08.2019","10.634,73","10.543,87","10.650,08","10.525,71","","0,91%"
"19.08.2019","10.538,90","10.642,72","10.656,12","10.521,42","","-1,09%"
"16.08.2019","10.655,56","10.714,01","10.746,20","10.594,53","","-0,50%"
"15.08.2019","10.709,40","10.651,37","10.740,95","10.596,90","","0,58%"
"14.08.2019","10.647,28","10.574,93","10.707,38","10.492,07","","0,76%"
"13.08.2019","10.567,28","10.666,95","10.845,49","10.454,82","","-0,92%"
"12.08.2019","10.665,39","10.576,96","10.713,92","10.512,64","","0,89%"
"09.08.2019","10.571,47","10.574,77","10.638,47","10.549,17","","0,02%"
"08.08.2019","10.569,59","10.598,78","10.638,19","10.500,38","","-0,25%"
"07.08.2019","10.595,93","10.359,66","10.666,21","10.344,88","","2,33%"
"06.08.2019","10.354,36","10.322,75","10.400,25","10.252,72","","0,39%"
"05.08.2019","10.314,36","9.998,83","10.369,14","9.973,69","","3,21%"
"02.08.2019","9.993,81","9.971,00","10.051,42","9.906,38","","0,27%"
"01.08.2019","9.966,80","9.732,88","9.975,31","9.669,03","","2,43%"
"31.07.2019","9.730,30","9.850,86","9.869,36","9.716,43","","-1,15%"
"30.07.2019","9.843,12","9.836,02","9.866,29","9.796,13","","0,10%"
"29.07.2019","9.833,45","9.764,92","9.846,99","9.758,25","","0,80%"
"26.07.2019","9.755,50","9.722,59","9.800,20","9.716,14","","0,38%"
"25.07.2019","9.718,91","9.797,99","9.856,24","9.697,75","","-0,78%"
"24.07.2019","9.795,13","9.752,02","9.825,87","9.743,92","","0,46%"
"23.07.2019","9.749,97","9.805,84","9.832,87","9.735,62","","-0,52%"
"22.07.2019","9.800,71","9.808,09","9.835,51","9.783,67","","-0,05%"
"19.07.2019","9.805,88","9.948,87","9.996,47","9.775,41","","-1,42%"
"18.07.2019","9.946,74","9.804,33","9.964,75","9.733,57","","1,46%"
"17.07.2019","9.803,79","9.669,00","9.808,63","9.629,99","","1,43%"
"16.07.2019","9.665,28","9.725,93","9.754,99","9.635,24","","-0,59%"
"15.07.2019","9.723,11","9.741,49","9.769,01","9.680,88","","-0,15%"
"12.07.2019","9.737,39","9.643,54","9.750,71","9.642,42","","1,01%"
"11.07.2019","9.640,21","9.751,67","9.802,23","9.629,13","","-1,12%"
"10.07.2019","9.749,24","9.626,67","9.754,02","9.567,67","","1,36%"
"09.07.2019","9.618,30","9.603,37","9.645,33","9.545,74","","0,20%"
"08.07.2019","9.599,47","9.651,38","9.699,13","9.578,11","","-0,45%"
"05.07.2019","9.642,54","9.728,71","9.786,75","9.552,67","","-0,82%"
"04.07.2019","9.722,64","9.762,62","9.775,92","9.692,21","","-0,39%"
"03.07.2019","9.760,82","9.747,87","9.877,93","9.721,14","","0,16%"
"02.07.2019","9.745,51","9.483,06","9.758,14","9.479,67","","2,81%"
"01.07.2019","9.478,98","9.564,29","9.597,69","9.459,34","","-2,02%"
"28.06.2019","9.674,50","9.695,64","9.799,88","9.662,21","","-0,18%"
"27.06.2019","9.691,73","9.697,74","9.714,21","9.629,28","","0,05%"
"26.06.2019","9.686,77","9.793,50","9.797,03","9.643,04","","-1,06%"
"25.06.2019","9.790,89","9.763,62","9.902,34","9.716,34","","0,39%"
"24.06.2019","9.752,47","9.627,28","9.773,59","9.620,27","","1,48%"
"21.06.2019","9.610,48","9.513,93","9.652,57","9.506,08","","1,04%"
"20.06.2019","9.511,86","9.392,31","9.556,00","9.372,72","","1,36%"
"19.06.2019","9.383,90","9.295,50","9.406,16","9.257,63","","1,01%"
"18.06.2019","9.290,12","9.278,60","9.384,67","9.256,62","","0,15%"
"17.06.2019","9.276,24","9.294,33","9.305,54","9.229,30","","-0,13%"
"14.06.2019","9.288,31","9.291,97","9.404,40","9.265,50","","0,00%"
"13.06.2019","9.288,25","9.228,21","9.298,58","9.215,88","","0,74%"
"12.06.2019","9.220,27","9.170,83","9.266,41","9.164,83","","0,57%"
"11.06.2019","9.168,15","9.204,65","9.219,56","9.122,80","","-0,35%"
"10.06.2019","9.200,52","9.230,98","9.243,58","9.183,32","","-0,59%"
"07.06.2019","9.255,43","9.228,14","9.317,36","9.190,46","","0,37%"
"06.06.2019","9.221,34","9.190,83","9.259,57","9.170,18","","0,35%"
"05.06.2019","9.188,86","9.156,29","9.282,50","9.150,25","","0,39%"
"04.06.2019","9.153,59","9.149,06","9.191,56","9.118,71","","0,11%"
"03.06.2019","9.143,52","9.027,57","9.170,57","9.022,20","","1,47%"
"31.05.2019","9.010,78","8.894,80","9.025,60","8.889,63","","1,35%"
"30.05.2019","8.891,10","8.850,50","8.901,75","8.803,90","","0,49%"
"29.05.2019","8.847,88","8.841,99","8.891,66","8.838,89","","0,14%"
"28.05.2019","8.835,49","8.865,25","8.886,05","8.820,59","","-0,34%"
"27.05.2019","8.865,38","8.872,34","8.883,50","8.855,96","","0,03%"
"24.05.2019","8.862,73","8.869,59","8.885,13","8.836,38","","-0,05%"
"23.05.2019","8.867,04","8.796,75","8.900,92","8.793,83","","0,83%"
"22.05.2019","8.793,72","8.799,16","8.821,42","8.785,46","","-0,02%"
"21.05.2019","8.795,56","8.832,88","8.835,00","8.765,60","","-0,39%"
"20.05.2019","8.829,59","8.840,62","8.849,19","8.803,45","","-0,07%"
"17.05.2019","8.835,65","8.855,95","8.907,02","8.818,14","","-0,21%"
"16.05.2019","8.854,55","8.916,07","8.945,16","8.839,17","","-0,63%"
"15.05.2019","8.910,96","8.918,38","8.954,07","8.876,11","","-0,03%"
"14.05.2019","8.913,64","8.942,02","8.965,78","8.894,24","","-0,27%"
"13.05.2019","8.937,94","8.780,58","8.952,22","8.772,83","","1,90%"
"10.05.2019","8.771,00","8.767,33","8.800,70","8.727,53","","0,09%"
"09.05.2019","8.763,05","8.687,10","8.794,02","8.685,72","","0,91%"
"08.05.2019","8.684,42","8.705,61","8.759,44","8.677,79","","-0,20%"
"07.05.2019","8.702,10","8.659,85","8.717,62","8.650,92","","0,56%"
"06.05.2019","8.654,00","8.628,33","8.724,79","8.627,84","","0,49%"
"03.05.2019","8.612,03","8.557,96","8.639,40","8.545,54","","0,68%"
"02.05.2019","8.553,75","8.598,17","8.608,42","8.527,19","","-0,45%"
"01.05.2019","8.592,56","8.644,88","8.670,36","8.574,61","","-0,58%"
"30.04.2019","8.642,98","8.618,88","8.664,08","8.616,36","","0,32%"
"29.04.2019","8.615,47","8.658,16","8.664,94","8.604,61","","-0,42%"
"26.04.2019","8.651,49","8.611,51","8.674,69","8.597,20","","0,50%"
"25.04.2019","8.608,54","8.573,78","8.652,21","8.559,30","","0,44%"
"24.04.2019","8.570,57","8.557,33","8.595,88","8.526,06","","0,18%"
"23.04.2019","8.555,08","8.557,36","8.568,59","8.513,07","","0,00%"
"22.04.2019","8.554,67","8.553,36","8.594,20","8.548,88","","0,09%"
"19.04.2019","8.546,65","8.555,22","8.555,92","8.545,15","","-0,07%"
"18.04.2019","8.552,89","8.521,00","8.571,33","8.506,94","","0,44%"
"17.04.2019","8.515,23","8.568,53","8.574,74","8.513,16","","-0,63%"
"16.04.2019","8.568,86","8.639,97","8.646,45","8.544,18","","-0,78%"
"15.04.2019","8.636,44","8.652,70","8.662,63","8.603,65","","-0,15%"
"12.04.2019","8.649,34","8.685,53","8.701,89","8.649,32","","-0,39%"
"11.04.2019","8.683,11","8.784,80","8.793,67","8.665,76","","-1,13%"
"10.04.2019","8.782,24","8.752,89","8.804,31","8.739,39","","0,37%"
"09.04.2019","8.750,10","8.714,43","8.769,00","8.708,25","","0,44%"
"08.04.2019","8.711,40","8.679,61","8.758,86","8.676,88","","0,41%"
"05.04.2019","8.675,88","8.681,00","8.694,67","8.630,18","","-0,03%"
"04.04.2019","8.678,38","8.657,07","8.696,01","8.605,24","","0,29%"
"03.04.2019","8.653,39","8.690,04","8.694,17","8.646,70","","-0,40%"
"02.04.2019","8.688,44","8.642,70","8.692,52","8.635,66","","0,57%"
"01.04.2019","8.638,91","8.668,48","8.706,39","8.635,28","","-0,36%"
"29.03.2019","8.670,20","8.696,74","8.722,90","8.645,92","","-0,27%"
"28.03.2019","8.693,77","8.810,82","8.830,38","8.683,83","","-1,31%"
"27.03.2019","8.808,92","8.834,74","8.870,95","8.799,30","","-0,27%"
"26.03.2019","8.832,39","8.869,46","8.879,29","8.813,21","","-0,38%"
"25.03.2019","8.866,50","8.823,32","8.887,07","8.807,33","","0,54%"
"22.03.2019","8.819,24","8.771,90","8.829,16","8.754,63","","0,61%"
"21.03.2019","8.765,42","8.786,26","8.826,13","8.731,84","","-0,17%"
"20.03.2019","8.780,68","8.769,90","8.817,00","8.693,48","","0,17%"
"19.03.2019","8.766,12","8.752,08","8.801,37","8.743,74","","0,20%"
"18.03.2019","8.748,82","8.743,62","8.773,61","8.714,94","","0,17%"
"15.03.2019","8.734,36","8.714,78","8.773,20","8.701,60","","0,27%"
"14.03.2019","8.710,69","8.780,90","8.789,88","8.693,51","","-0,77%"
"13.03.2019","8.777,99","8.731,25","8.796,75","8.725,24","","0,58%"
"12.03.2019","8.727,22","8.701,00","8.737,20","8.685,38","","0,40%"
"11.03.2019","8.692,51","8.730,38","8.734,14","8.677,64","","-0,35%"
"08.03.2019","8.722,76","8.633,51","8.742,62","8.629,93","","1,08%"
"07.03.2019","8.629,25","8.632,17","8.652,10","8.596,75","","-0,03%"
"06.03.2019","8.631,84","8.638,96","8.671,59","8.613,39","","-0,07%"
"05.03.2019","8.638,05","8.629,14","8.642,59","8.592,04","","0,09%"
"04.03.2019","8.630,42","8.677,03","8.699,99","8.601,88","","-0,52%"
"01.03.2019","8.675,22","8.790,62","8.808,95","8.652,33","","-1,34%"
"28.02.2019","8.793,24","8.825,73","8.876,75","8.786,42","","-0,37%"
"27.02.2019","8.826,07","8.908,00","8.914,83","8.806,09","","-0,88%"
"26.02.2019","8.904,86","8.871,23","8.913,40","8.864,92","","0,28%"
"25.02.2019","8.879,82","8.925,05","8.940,00","8.866,31","","-0,40%"
"22.02.2019","8.915,08","8.896,33","8.951,18","8.878,10","","0,25%"
"21.02.2019","8.892,89","8.994,83","9.015,05","8.885,16","","-1,15%"
"20.02.2019","8.996,53","9.063,04","9.088,85","8.987,93","","-0,78%"
"19.02.2019","9.067,03","8.978,35","9.073,59","8.967,07","","0,98%"
"18.02.2019","8.978,67","8.948,48","8.988,08","8.941,99","","0,32%"
"15.02.2019","8.949,92","8.894,90","8.960,53","8.886,77","","0,69%"
"14.02.2019","8.888,38","8.828,67","8.905,37","8.828,67","","0,66%"
"13.02.2019","8.830,33","8.880,30","8.913,48","8.820,94","","-0,55%"
"12.02.2019","8.879,36","8.882,10","8.903,80","8.854,45","","-0,07%"
"11.02.2019","8.885,55","8.867,36","8.904,15","8.852,93","","0,25%"
"08.02.2019","8.863,10","8.833,91","8.874,23","8.816,99","","0,30%"
"07.02.2019","8.837,00","8.812,52","8.851,17","8.784,95","","0,28%"
"06.02.2019","8.812,05","8.869,69","8.877,32","8.806,52","","-0,67%"
"05.02.2019","8.871,20","8.850,70","8.883,81","8.839,57","","0,24%"
"04.02.2019","8.850,19","8.891,12","8.899,55","8.828,55","","-0,44%"
"01.02.2019","8.889,65","8.845,98","8.914,43","8.837,27","","0,35%"
"31.01.2019","8.859,00","8.871,02","8.898,77","8.833,84","","-0,05%"
"30.01.2019","8.863,83","8.834,52","8.893,10","8.792,90","","0,39%"
"29.01.2019","8.829,53","8.796,18","8.839,17","8.788,83","","0,42%"
"28.01.2019","8.792,50","8.797,44","8.801,40","8.753,42","","-0,01%"
"25.01.2019","8.793,15","8.690,00","8.796,32","8.671,35","","1,10%"
"24.01.2019","8.697,23","8.716,57","8.734,50","8.678,84","","-0,17%"
"23.01.2019","8.712,27","8.756,08","8.756,08","8.679,42","","-0,43%"
"22.01.2019","8.749,50","8.694,25","8.754,00","8.680,95","","0,53%"
"21.01.2019","8.703,35","8.692,20","8.726,41","8.679,94","","0,19%"
"18.01.2019","8.686,89","8.756,13","8.764,92","8.680,70","","-0,76%"
"17.01.2019","8.753,08","8.739,36","8.775,07","8.735,99","","0,14%"
"16.01.2019","8.740,60","8.722,73","8.751,34","8.711,40","","0,23%"
"15.01.2019","8.720,67","8.741,59","8.753,75","8.695,58","","-0,22%"
"14.01.2019","8.739,58","8.705,34","8.774,53","8.701,02","","0,33%"
"11.01.2019","8.710,75","8.738,05","8.759,15","8.704,66","","-0,25%"
"10.01.2019","8.732,73","8.814,59","8.825,57","8.731,03","","-0,93%"
"09.01.2019","8.814,62","8.810,12","8.824,85","8.744,55","","0,05%"
"08.01.2019","8.810,13","8.828,58","8.843,03","8.766,62","","-0,25%"
"07.01.2019","8.831,90","8.834,51","8.878,44","8.810,54","","0,06%"
"04.01.2019","8.826,38","8.892,07","8.924,98","8.772,95","","-0,79%"
"03.01.2019","8.896,97","8.835,96","8.904,39","8.820,87","","0,94%"
"02.01.2019","8.814,31","8.819,60","8.841,20","8.776,78","","-0,09%"
"01.01.2019","8.822,47","8.822,47","8.822,47","8.822,47","","0,00%"
"31.12.2018","8.822,47","8.807,48","8.835,67","8.786,92","","0,15%"
"28.12.2018","8.809,64","8.757,82","8.811,77","8.749,59","","0,64%"
"27.12.2018","8.753,43","8.726,58","8.786,73","8.718,19","","0,34%"
"26.12.2018","8.724,15","8.751,52","8.810,27","8.709,35","","-0,19%"
"25.12.2018","8.740,69","8.752,10","8.754,38","8.727,11","","-0,17%"
"24.12.2018","8.755,85","8.695,42","8.762,75","8.689,81","","0,94%"
"21.12.2018","8.674,64","8.674,33","8.717,25","8.656,41","","0,01%"
"20.12.2018","8.673,82","8.569,37","8.722,07","8.568,06","","1,25%"
"19.12.2018","8.566,63","8.613,22","8.671,98","8.556,91","","-0,57%"
"18.12.2018","8.615,33","8.591,51","8.626,34","8.586,58","","0,26%"
"17.12.2018","8.593,05","8.546,56","8.611,05","8.527,85","","0,47%"
"14.12.2018","8.553,12","8.542,21","8.568,55","8.513,68","","0,07%"
"13.12.2018","8.547,25","8.571,74","8.579,50","8.534,67","","-0,26%"
"12.12.2018","8.569,39","8.575,94","8.592,98","8.553,12","","-0,05%"
"11.12.2018","8.573,39","8.599,37","8.630,87","8.561,88","","-0,33%"
"10.12.2018","8.601,47","8.604,25","8.640,14","8.581,50","","0,23%"
"07.12.2018","8.581,98","8.523,10","8.597,65","8.514,50","","0,73%"
"06.12.2018","8.519,75","8.486,56","8.567,92","8.483,19","","0,43%"
"05.12.2018","8.483,04","8.470,85","8.498,60","8.445,02","","0,17%"
"04.12.2018","8.468,79","8.472,56","8.500,34","8.452,23","","-0,04%"
"03.12.2018","8.471,80","8.513,98","8.519,06","8.462,07","","-0,40%"
"30.11.2018","8.505,49","8.501,42","8.514,03","8.462,16","","0,09%"
"29.11.2018","8.497,42","8.492,64","8.537,89","8.483,95","","0,06%"
"28.11.2018","8.491,97","8.445,03","8.529,93","8.420,19","","0,54%"
"27.11.2018","8.446,35","8.483,50","8.516,75","8.423,56","","-0,44%"
"26.11.2018","8.483,47","8.508,39","8.523,23","8.478,75","","-0,19%"
"23.11.2018","8.499,34","8.506,76","8.530,79","8.479,88","","-0,11%"
"22.11.2018","8.508,62","8.494,67","8.529,25","8.486,99","","0,19%"
"21.11.2018","8.492,64","8.487,02","8.526,11","8.471,11","","0,09%"
"20.11.2018","8.484,94","8.493,06","8.529,48","8.468,42","","-0,16%"
"19.11.2018","8.498,12","8.482,33","8.510,40","8.461,19","","0,28%"
"16.11.2018","8.474,42","8.419,81","8.502,01","8.417,03","","0,65%"
"15.11.2018","8.419,92","8.417,50","8.440,25","8.381,15","","0,04%"
"14.11.2018","8.416,36","8.360,87","8.454,66","8.325,34","","0,65%"
"13.11.2018","8.362,05","8.360,33","8.393,74","8.325,09","","0,01%"
"12.11.2018","8.360,82","8.418,26","8.432,97","8.358,80","","-0,64%"
"09.11.2018","8.414,85","8.482,71","8.492,61","8.393,43","","-0,82%"
"08.11.2018","8.484,30","8.490,07","8.512,58","8.467,19","","-0,04%"
"07.11.2018","8.487,80","8.491,15","8.550,49","8.467,35","","0,00%"
"06.11.2018","8.487,72","8.534,06","8.556,67","8.467,85","","-0,50%"
"05.11.2018","8.530,31","8.500,59","8.555,74","8.492,26","","0,41%"
"02.11.2018","8.495,48","8.541,76","8.548,52","8.473,05","","-0,50%"
"01.11.2018","8.538,12","8.473,58","8.569,89","8.473,58","","0,76%"
"31.10.2018","8.473,46","8.524,46","8.529,40","8.456,31","","-0,57%"
"30.10.2018","8.521,90","8.560,67","8.569,38","8.493,17","","-0,44%"
"29.10.2018","8.559,38","8.571,28","8.590,01","8.525,97","","-0,07%"
"26.10.2018","8.565,40","8.562,50","8.638,10","8.545,48","","0,03%"
"25.10.2018","8.562,70","8.569,42","8.610,19","8.533,86","","-0,01%"
"24.10.2018","8.563,51","8.541,00","8.569,07","8.509,84","","0,31%"
"23.10.2018","8.537,42","8.489,66","8.601,52","8.485,49","","0,55%"
"22.10.2018","8.490,97","8.481,25","8.527,54","8.474,95","","-0,08%"
"19.10.2018","8.498,00","8.502,73","8.530,98","8.480,35","","-0,07%"
"18.10.2018","8.503,76","8.472,05","8.539,14","8.457,18","","0,43%"
"17.10.2018","8.467,55","8.461,77","8.521,72","8.450,18","","0,05%"
"16.10.2018","8.463,26","8.485,41","8.520,89","8.455,80","","-0,27%"
"15.10.2018","8.486,47","8.427,14","8.542,80","8.426,80","","0,66%"
"12.10.2018","8.431,07","8.437,27","8.466,60","8.400,68","","-0,05%"
"11.10.2018","8.435,51","8.274,64","8.453,01","8.254,78","","1,96%"
"10.10.2018","8.272,95","8.236,19","8.275,80","8.207,36","","0,46%"
"09.10.2018","8.235,44","8.239,77","8.256,55","8.195,38","","0,02%"
"08.10.2018","8.233,76","8.265,42","8.279,24","8.203,08","","-0,34%"
"05.10.2018","8.262,17","8.238,47","8.284,97","8.221,92","","0,27%"
"04.10.2018","8.240,28","8.224,42","8.291,44","8.213,50","","0,19%"
"03.10.2018","8.224,56","8.265,90","8.302,84","8.220,01","","-0,48%"
"02.10.2018","8.263,92","8.168,44","8.302,02","8.164,11","","1,23%"
"01.10.2018","8.163,39","8.191,41","8.194,23","8.139,21","","-0,30%"
"28.09.2018","8.188,29","8.150,96","8.201,40","8.129,67","","0,47%"
"27.09.2018","8.149,76","8.218,43","8.242,02","8.144,18","","-0,81%"
"26.09.2018","8.216,22","8.246,27","8.268,85","8.189,19","","-0,39%"
"25.09.2018","8.248,59","8.223,09","8.269,45","8.218,02","","0,34%"
"24.09.2018","8.220,67","8.196,60","8.259,27","8.188,99","","-0,06%"
"21.09.2018","8.225,40","8.267,56","8.287,68","8.171,70","","-0,52%"
"20.09.2018","8.268,00","8.245,91","8.275,66","8.236,97","","0,28%"
"19.09.2018","8.245,25","8.218,11","8.268,74","8.217,91","","0,28%"
"18.09.2018","8.222,54","8.236,44","8.267,29","8.207,50","","-0,18%"
"17.09.2018","8.237,08","8.197,50","8.265,33","8.196,06","","0,46%"
"14.09.2018","8.199,59","8.222,92","8.280,92","8.195,60","","-0,29%"
"13.09.2018","8.223,56","8.283,79","8.289,84","8.216,24","","-0,62%"
"12.09.2018","8.275,25","8.241,04","8.296,03","8.198,63","","0,48%"
"11.09.2018","8.235,85","8.199,26","8.248,42","8.162,43","","0,46%"
"10.09.2018","8.198,42","8.178,15","8.220,33","8.172,61","","0,17%"
"07.09.2018","8.184,13","8.201,03","8.229,95","8.169,49","","-0,24%"
"06.09.2018","8.203,59","8.177,15","8.246,94","8.174,69","","0,36%"
"05.09.2018","8.174,40","8.156,30","8.187,33","8.151,10","","0,25%"
"04.09.2018","8.153,86","8.194,90","8.200,08","8.143,02","","-0,50%"
"03.09.2018","8.195,15","8.203,33","8.218,40","8.172,73","","-0,12%"
"31.08.2018","8.205,25","8.213,92","8.261,16","8.187,07","","-0,09%"
"30.08.2018","8.212,55","8.231,58","8.249,60","8.187,07","","-0,23%"
"29.08.2018","8.231,14","8.174,81","8.240,85","8.172,36","","0,73%"
"28.08.2018","8.171,15","8.256,92","8.266,89","8.159,65","","-1,03%"
"27.08.2018","8.256,10","8.212,11","8.266,61","8.192,58","","0,57%"
"24.08.2018","8.209,00","8.153,60","8.236,88","8.139,85","","0,70%"
"23.08.2018","8.152,27","8.182,99","8.206,12","8.140,99","","-0,33%"
"22.08.2018","8.179,35","8.188,78","8.222,52","8.161,36","","-0,14%"
"21.08.2018","8.190,41","8.165,73","8.200,00","8.134,81","","0,32%"
"20.08.2018","8.164,32","8.140,60","8.169,06","8.117,48","","0,20%"
"17.08.2018","8.148,26","8.078,40","8.152,73","8.066,77","","0,83%"
"16.08.2018","8.081,15","8.155,19","8.163,23","8.050,01","","-0,81%"
"15.08.2018","8.147,50","8.221,33","8.226,28","8.136,76","","-0,88%"
"14.08.2018","8.220,00","8.229,44","8.252,08","8.207,00","","-0,07%"
"13.08.2018","8.225,67","8.295,94","8.324,93","8.212,66","","-0,82%"
"10.08.2018","8.293,95","8.271,18","8.333,33","8.264,36","","0,30%"
"09.08.2018","8.269,41","8.297,58","8.307,15","8.260,95","","-0,32%"
"08.08.2018","8.295,90","8.268,34","8.301,58","8.251,30","","0,27%"
"07.08.2018","8.273,35","8.277,11","8.309,85","8.254,38","","0,02%"
"06.08.2018","8.271,77","8.297,64","8.319,79","8.271,70","","-0,24%"
"03.08.2018","8.291,61","8.262,82","8.339,29","8.261,72","","0,32%"
"02.08.2018","8.265,15","8.289,80","8.341,32","8.262,21","","-0,38%"
"01.08.2018","8.296,72","8.336,71","8.348,24","8.294,74","","-0,49%"
"31.07.2018","8.337,59","8.331,12","8.370,99","8.314,90","","0,13%"
"30.07.2018","8.326,53","8.334,50","8.360,53","8.322,17","","-0,11%"
"27.07.2018","8.335,71","8.303,94","8.364,79","8.297,70","","0,37%"
"26.07.2018","8.305,33","8.338,41","8.367,24","8.301,93","","-0,39%"
"25.07.2018","8.337,67","8.319,36","8.352,15","8.309,42","","0,25%"
"24.07.2018","8.316,47","8.321,77","8.355,51","8.291,13","","-0,02%"
"23.07.2018","8.318,24","8.331,04","8.366,42","8.301,53","","-0,26%"
"20.07.2018","8.340,10","8.289,21","8.348,33","8.256,78","","0,67%"
"19.07.2018","8.284,53","8.249,56","8.328,33","8.221,34","","0,46%"
"18.07.2018","8.246,23","8.232,36","8.259,51","8.209,43","","0,17%"
"17.07.2018","8.232,33","8.302,61","8.320,74","8.222,01","","-0,85%"
"16.07.2018","8.303,12","8.312,97","8.339,28","8.286,88","","-0,06%"
"13.07.2018","8.307,82","8.314,22","8.330,48","8.280,85","","-0,09%"
"12.07.2018","8.315,66","8.298,38","8.342,18","8.289,25","","0,20%"
"11.07.2018","8.299,12","8.331,50","8.365,25","8.286,68","","-0,31%"
"10.07.2018","8.324,77","8.317,21","8.333,41","8.274,29","","0,04%"
"09.07.2018","8.321,20","8.338,26","8.380,26","8.317,43","","-0,20%"
"06.07.2018","8.337,56","8.350,43","8.368,56","8.330,52","","-0,12%"
"05.07.2018","8.347,82","8.335,70","8.366,33","8.306,00","","0,13%"
"04.07.2018","8.336,73","8.316,45","8.366,57","8.314,74","","0,17%"
"03.07.2018","8.322,56","8.284,26","8.352,36","8.267,80","","0,50%"
"02.07.2018","8.281,46","8.300,51","8.342,36","8.265,60","","-0,18%"
"29.06.2018","8.296,11","8.275,18","8.318,49","8.263,73","","0,29%"
"28.06.2018","8.272,18","8.266,08","8.309,62","8.255,43","","0,04%"
"27.06.2018","8.269,16","8.280,69","8.321,92","8.260,44","","-0,17%"
"26.06.2018","8.283,18","8.277,01","8.306,33","8.246,82","","0,04%"
"25.06.2018","8.279,65","8.278,61","8.318,82","8.265,50","","0,27%"
"22.06.2018","8.257,75","8.231,39","8.270,68","8.228,66","","0,36%"
"21.06.2018","8.228,22","8.210,28","8.249,62","8.194,50","","0,24%"
"20.06.2018","8.208,91","8.263,87","8.275,99","8.207,43","","-0,70%"
"19.06.2018","8.266,82","8.236,67","8.305,86","8.236,67","","0,43%"
"18.06.2018","8.231,49","8.236,96","8.260,39","8.223,57","","-0,12%"
"15.06.2018","8.241,33","8.333,05","8.365,01","8.215,66","","-1,14%"
"14.06.2018","8.336,49","8.316,65","8.375,12","8.302,54","","0,25%"
"13.06.2018","8.316,00","8.295,10","8.327,64","8.271,88","","0,22%"
"12.06.2018","8.297,77","8.325,18","8.332,00","8.283,82","","-0,31%"
"11.06.2018","8.323,20","8.321,01","8.341,08","8.286,93","","0,03%"
"08.06.2018","8.320,64","8.294,16","8.345,35","8.289,56","","0,38%"
"07.06.2018","8.289,02","8.283,90","8.335,04","8.277,46","","0,04%"
"06.06.2018","8.285,76","8.308,98","8.323,57","8.275,03","","-0,27%"
"05.06.2018","8.307,78","8.279,81","8.336,16","8.264,34","","0,31%"
"04.06.2018","8.282,14","8.305,80","8.318,45","8.276,83","","-0,25%"
"01.06.2018","8.302,51","8.326,39","8.346,90","8.277,60","","-0,20%"
"31.05.2018","8.318,97","8.352,38","8.373,50","8.318,97","","-0,42%"
"30.05.2018","8.354,20","8.336,72","8.374,86","8.324,16","","0,22%"
"29.05.2018","8.335,53","8.310,83","8.392,00","8.304,24","","0,34%"
"28.05.2018","8.306,90","8.301,00","8.320,83","8.282,20","","-0,15%"
"25.05.2018","8.319,57","8.318,61","8.358,53","8.300,76","","-0,04%"
"24.05.2018","8.322,89","8.269,17","8.339,48","8.262,84","","0,70%"
"23.05.2018","8.265,12","8.223,00","8.294,86","8.221,99","","0,52%"
"22.05.2018","8.222,48","8.252,25","8.258,69","8.212,04","","-0,36%"
"21.05.2018","8.251,80","8.234,36","8.257,22","8.192,55","","0,07%"
"18.05.2018","8.246,16","8.222,94","8.263,75","8.209,08","","0,32%"
"17.05.2018","8.220,00","8.228,68","8.240,53","8.193,74","","-0,07%"
"16.05.2018","8.225,77","8.232,86","8.263,21","8.206,07","","-0,07%"
"15.05.2018","8.231,54","8.321,53","8.344,92","8.218,59","","-1,09%"
"14.05.2018","8.322,30","8.355,10","8.384,17","8.322,30","","-0,33%"
"11.05.2018","8.349,64","8.385,06","8.399,30","8.347,93","","-0,48%"
"10.05.2018","8.389,81","8.350,01","8.398,08","8.343,78","","0,45%"
"09.05.2018","8.352,34","8.376,88","8.394,01","8.323,32","","-0,26%"
"08.05.2018","8.374,07","8.361,69","8.397,06","8.320,74","","0,08%"
"07.05.2018","8.367,79","8.365,73","8.392,44","8.343,58","","0,01%"
"04.05.2018","8.367,27","8.340,73","8.370,51","8.322,91","","0,37%"
"03.05.2018","8.336,63","8.304,47","8.375,33","8.303,46","","0,42%"
"02.05.2018","8.302,01","8.261,92","8.358,94","8.261,92","","0,53%"
"01.05.2018","8.258,40","8.331,85","8.338,95","8.245,16","","-0,87%"
"30.04.2018","8.330,47","8.377,65","8.393,67","8.299,82","","-0,56%"
"27.04.2018","8.377,59","8.347,77","8.398,56","8.338,22","","0,37%"
"26.04.2018","8.346,32","8.365,69","8.392,80","8.335,49","","-0,31%"
"25.04.2018","8.372,18","8.388,39","8.402,77","8.342,98","","-0,24%"
"24.04.2018","8.391,93","8.370,59","8.406,82","8.349,12","","0,26%"
"23.04.2018","8.370,09","8.409,93","8.413,25","8.352,90","","-0,43%"
"20.04.2018","8.406,55","8.451,12","8.461,61","8.406,13","","-0,50%"
"19.04.2018","8.449,16","8.466,76","8.499,39","8.421,73","","-0,20%"
"18.04.2018","8.466,17","8.465,81","8.509,30","8.441,01","","0,02%"
"17.04.2018","8.464,39","8.447,16","8.473,45","8.409,62","","0,20%"
"16.04.2018","8.447,64","8.435,59","8.478,89","8.408,00","","0,06%"
"13.04.2018","8.442,76","8.400,58","8.455,56","8.389,92","","0,49%"
"12.04.2018","8.401,51","8.480,53","8.501,68","8.392,58","","-0,97%"
"11.04.2018","8.483,75","8.419,32","8.560,93","8.417,68","","0,76%"
"10.04.2018","8.419,87","8.431,56","8.445,43","8.388,89","","-0,09%"
"09.04.2018","8.427,70","8.409,49","8.441,00","8.378,47","","0,26%"
"06.04.2018","8.406,07","8.363,12","8.421,12","8.332,10","","0,50%"
"05.04.2018","8.364,16","8.404,95","8.419,26","8.340,52","","-0,51%"
"04.04.2018","8.407,01","8.381,81","8.498,90","8.374,08","","0,28%"
"03.04.2018","8.383,33","8.419,95","8.439,77","8.360,17","","-0,49%"
"02.04.2018","8.424,28","8.321,34","8.448,83","8.313,18","","1,32%"
"30.03.2018","8.314,77","8.328,28","8.331,85","8.302,47","","-0,23%"
"29.03.2018","8.333,99","8.347,09","8.380,27","8.315,26","","-0,13%"
"28.03.2018","8.344,47","8.453,19","8.463,30","8.335,90","","-1,24%"
"27.03.2018","8.448,95","8.491,21","8.498,57","8.419,58","","-0,49%"
"26.03.2018","8.490,80","8.513,28","8.533,79","8.456,14","","-0,21%"
"23.03.2018","8.509,08","8.421,74","8.532,18","8.421,74","","1,07%"
"22.03.2018","8.418,93","8.424,54","8.444,01","8.393,16","","-0,06%"
"21.03.2018","8.423,61","8.308,30","8.453,88","8.300,13","","1,42%"
"20.03.2018","8.305,27","8.337,06","8.347,57","8.279,65","","-0,41%"
"19.03.2018","8.339,16","8.321,35","8.358,97","8.288,29","","0,18%"
"16.03.2018","8.324,19","8.330,99","8.370,75","8.299,00","","0,03%"
"15.03.2018","8.321,50","8.364,67","8.384,75","8.313,84","","-0,60%"
"14.03.2018","8.371,35","8.385,62","8.405,25","8.350,39","","-0,16%"
"13.03.2018","8.385,00","8.374,30","8.399,35","8.336,41","","0,12%"
"12.03.2018","8.374,88","8.380,98","8.387,98","8.324,36","","-0,09%"
"09.03.2018","8.382,43","8.381,68","8.391,60","8.320,94","","-0,03%"
"08.03.2018","8.384,90","8.389,97","8.422,13","8.369,30","","0,00%"
"07.03.2018","8.384,95","8.425,44","8.463,61","8.364,22","","-0,43%"
"06.03.2018","8.421,56","8.383,61","8.448,05","8.375,47","","0,45%"
"05.03.2018","8.384,14","8.398,84","8.420,89","8.366,03","","-0,07%"
"02.03.2018","8.389,92","8.375,36","8.410,91","8.349,65","","0,19%"
"01.03.2018","8.373,91","8.344,48","8.401,17","8.282,69","","0,34%"
"28.02.2018","8.345,66","8.329,83","8.370,24","8.316,31","","0,19%"
"27.02.2018","8.329,47","8.413,05","8.436,08","8.298,19","","-1,09%"
"26.02.2018","8.421,67","8.415,35","8.473,35","8.401,53","","0,00%"
"23.02.2018","8.421,83","8.453,77","8.461,58","8.408,33","","-0,43%"
"22.02.2018","8.458,01","8.408,20","8.461,63","8.395,38","","0,58%"
"21.02.2018","8.408,85","8.443,31","8.485,05","8.396,30","","-0,37%"
"20.02.2018","8.439,90","8.551,30","8.560,62","8.433,81","","-1,28%"
"19.02.2018","8.549,02","8.554,17","8.578,52","8.544,58","","-0,09%"
"16.02.2018","8.556,39","8.588,49","8.645,14","8.536,92","","-0,41%"
"15.02.2018","8.591,50","8.574,42","8.617,43","8.561,81","","0,22%"
"14.02.2018","8.572,70","8.430,06","8.607,40","8.368,97","","1,69%"
"13.02.2018","8.430,01","8.368,71","8.448,07","8.363,72","","0,73%"
"12.02.2018","8.368,75","8.286,00","8.393,86","8.280,14","","0,94%"
"09.02.2018","8.290,72","8.335,67","8.364,88","8.257,67","","-0,66%"
"08.02.2018","8.345,60","8.268,67","8.367,48","8.241,80","","0,91%"
"07.02.2018","8.270,60","8.330,53","8.356,98","8.227,75","","-0,62%"
"06.02.2018","8.322,55","8.416,58","8.481,59","8.296,16","","-1,22%"
"05.02.2018","8.425,15","8.399,25","8.440,28","8.380,17","","0,30%"
"02.02.2018","8.399,70","8.492,67","8.505,64","8.363,36","","-1,15%"
"01.02.2018","8.497,45","8.452,86","8.513,76","8.422,93","","0,46%"
"31.01.2018","8.458,75","8.465,49","8.501,77","8.381,46","","-0,08%"
"30.01.2018","8.465,94","8.497,45","8.528,69","8.448,24","","-0,34%"
"29.01.2018","8.494,69","8.538,51","8.554,88","8.477,90","","-0,45%"
"26.01.2018","8.533,12","8.508,64","8.580,46","8.495,37","","0,08%"
"25.01.2018","8.526,38","8.649,75","8.652,11","8.492,89","","-1,47%"
"24.01.2018","8.653,62","8.594,46","8.677,93","8.569,74","","0,73%"
"23.01.2018","8.590,59","8.548,42","8.596,56","8.536,94","","0,54%"
"22.01.2018","8.544,67","8.544,04","8.557,48","8.518,21","","0,19%"
"19.01.2018","8.528,82","8.522,51","8.573,53","8.512,97","","0,11%"
"18.01.2018","8.519,35","8.541,26","8.563,74","8.511,66","","-0,17%"
"17.01.2018","8.534,07","8.623,12","8.650,16","8.533,94","","-1,06%"
"16.01.2018","8.625,23","8.631,44","8.646,17","8.583,08","","-0,02%"
"15.01.2018","8.626,71","8.641,11","8.663,14","8.614,64","","-0,24%"
"12.01.2018","8.647,36","8.589,89","8.653,83","8.554,44","","0,66%"
"11.01.2018","8.590,27","8.568,03","8.603,10","8.562,67","","0,23%"
"10.01.2018","8.570,30","8.573,85","8.634,08","8.541,88","","-0,03%"
"09.01.2018","8.572,49","8.581,33","8.593,85","8.549,92","","-0,11%"
"08.01.2018","8.582,24","8.569,32","8.589,27","8.542,59","","0,18%"
"05.01.2018","8.566,51","8.589,91","8.595,30","8.523,16","","-0,26%"
"04.01.2018","8.588,73","8.540,75","8.611,76","8.492,72","","0,57%"
"03.01.2018","8.539,81","8.557,70","8.582,25","8.502,56","","-0,18%"
"02.01.2018","8.555,61","8.479,92","8.566,64","8.479,66","","0,95%"
"01.01.2018","8.475,20","8.475,20","8.475,20","8.475,20","","0,00%"
"29.12.2017","8.475,20","8.456,82","8.508,72","8.422,31","","0,17%"
"28.12.2017","8.460,72","8.441,25","8.464,51","8.424,77","","0,25%"
"27.12.2017","8.439,56","8.397,97","8.454,10","8.388,22","","0,50%"
"26.12.2017","8.397,23","8.340,66","8.404,88","8.329,81","","0,69%"
"25.12.2017","8.339,78","8.377,66","8.380,72","8.338,51","","-0,55%"
"22.12.2017","8.386,16","8.341,90","8.395,17","8.317,33","","0,54%"
"21.12.2017","8.340,77","8.326,47","8.358,09","8.309,91","","0,19%"
"20.12.2017","8.325,02","8.333,45","8.347,34","8.304,32","","-0,10%"
"19.12.2017","8.333,06","8.347,69","8.369,07","8.317,20","","-0,18%"
"18.12.2017","8.348,08","8.287,85","8.365,61","8.285,21","","0,62%"
"15.12.2017","8.296,45","8.277,47","8.338,38","8.276,47","","0,18%"
"14.12.2017","8.281,77","8.313,95","8.332,15","8.266,03","","-0,33%"
"13.12.2017","8.309,50","8.238,73","8.319,62","8.209,10","","0,87%"
"12.12.2017","8.238,20","8.218,76","8.254,32","8.186,31","","0,20%"
"11.12.2017","8.221,56","8.260,34","8.285,77","8.210,43","","-0,52%"
"08.12.2017","8.264,22","8.248,66","8.289,88","8.236,51","","0,12%"
"07.12.2017","8.254,60","8.357,19","8.369,64","8.235,47","","-1,23%"
"06.12.2017","8.357,10","8.380,06","8.398,68","8.352,47","","-0,27%"
"05.12.2017","8.379,62","8.451,14","8.457,23","8.347,46","","-0,81%"
"04.12.2017","8.448,00","8.422,42","8.457,07","8.416,81","","-0,28%"
"01.12.2017","8.471,96","8.425,83","8.533,54","8.414,49","","0,50%"
"30.11.2017","8.430,07","8.490,74","8.502,10","8.401,58","","-0,63%"
"29.11.2017","8.483,76","8.545,95","8.556,77","8.474,51","","-0,78%"
"28.11.2017","8.550,30","8.541,99","8.574,34","8.515,96","","0,13%"
"27.11.2017","8.538,80","8.506,83","8.576,34","8.492,98","","0,40%"
"24.11.2017","8.505,12","8.499,98","8.536,45","8.488,00","","0,05%"
"23.11.2017","8.500,94","8.544,44","8.545,36","8.479,12","","-0,47%"
"22.11.2017","8.541,50","8.487,43","8.560,73","8.473,06","","0,61%"
"21.11.2017","8.489,43","8.475,01","8.522,30","8.469,93","","0,20%"
"20.11.2017","8.472,33","8.571,83","8.586,10","8.461,19","","-1,23%"
"17.11.2017","8.577,47","8.475,51","8.595,16","8.472,20","","1,18%"
"16.11.2017","8.477,78","8.467,26","8.500,88","8.463,02","","0,13%"
"15.11.2017","8.466,45","8.496,91","8.539,25","8.458,38","","-0,34%"
"14.11.2017","8.495,07","8.485,33","8.518,95","8.434,98","","0,07%"
"13.11.2017","8.488,89","8.468,57","8.500,43","8.462,78","","0,16%"
"10.11.2017","8.475,39","8.532,44","8.545,92","8.456,80","","-0,67%"
"09.11.2017","8.532,75","8.492,60","8.557,51","8.487,70","","0,46%"
"08.11.2017","8.493,58","8.469,48","8.533,80","8.469,48","","0,30%"
"07.11.2017","8.468,12","8.501,76","8.504,56","8.446,27","","-0,43%"
"06.11.2017","8.504,83","8.430,08","8.513,45","8.407,25","","0,87%"
"03.11.2017","8.431,17","8.439,35","8.474,97","8.401,84","","-0,02%"
"02.11.2017","8.432,92","8.415,99","8.489,83","8.415,99","","0,21%"
"01.11.2017","8.415,14","8.430,95","8.471,88","8.404,82","","-0,26%"
"31.10.2017","8.436,77","8.481,97","8.492,93","8.412,08","","-0,54%"
"30.10.2017","8.482,63","8.472,35","8.502,83","8.436,86","","0,15%"
"27.10.2017","8.469,53","8.421,05","8.479,24","8.406,18","","0,63%"
"26.10.2017","8.416,87","8.480,89","8.508,78","8.407,51","","-0,75%"
"25.10.2017","8.480,79","8.475,16","8.502,60","8.446,01","","0,10%"
"24.10.2017","8.472,16","8.513,01","8.526,56","8.449,44","","-0,48%"
"23.10.2017","8.512,91","8.457,41","8.523,53","8.435,77","","0,40%"
"20.10.2017","8.479,04","8.529,95","8.542,58","8.460,18","","-0,62%"
"19.10.2017","8.532,09","8.491,50","8.538,05","8.464,92","","0,49%"
"18.10.2017","8.490,89","8.514,46","8.527,51","8.464,89","","-0,26%"
"17.10.2017","8.512,82","8.536,13","8.548,14","8.489,31","","-0,23%"
"16.10.2017","8.532,11","8.579,30","8.611,63","8.507,53","","-0,60%"
"13.10.2017","8.583,55","8.519,12","8.583,55","8.501,84","","0,71%"
"12.10.2017","8.523,29","8.516,67","8.552,93","8.500,92","","0,12%"
"11.10.2017","8.513,25","8.469,19","8.526,75","8.464,58","","0,59%"
"10.10.2017","8.463,01","8.506,76","8.525,44","8.462,61","","-0,53%"
"09.10.2017","8.507,84","8.489,87","8.530,74","8.477,48","","0,21%"
"06.10.2017","8.489,91","8.443,74","8.497,62","8.389,17","","0,63%"
"05.10.2017","8.436,84","8.484,15","8.512,49","8.429,18","","-0,52%"
"04.10.2017","8.481,06","8.463,02","8.532,49","8.455,43","","0,26%"
"03.10.2017","8.458,87","8.459,27","8.485,88","8.440,64","","0,02%"
"02.10.2017","8.457,30","8.513,06","8.513,72","8.452,84","","-0,65%"
"29.09.2017","8.512,66","8.570,02","8.592,12","8.504,88","","-0,77%"
"28.09.2017","8.578,60","8.512,92","8.589,99","8.512,92","","0,81%"
"27.09.2017","8.509,88","8.589,00","8.606,44","8.509,88","","-0,95%"
"26.09.2017","8.591,53","8.673,95","8.695,44","8.585,82","","-0,99%"
"25.09.2017","8.677,42","8.554,55","8.686,35","8.513,23","","1,48%"
"22.09.2017","8.551,07","8.506,17","8.565,59","8.506,17","","0,48%"
"21.09.2017","8.510,23","8.555,08","8.586,98","8.494,73","","-0,51%"
"20.09.2017","8.554,15","8.634,00","8.660,51","8.522,48","","-0,91%"
"19.09.2017","8.633,11","8.597,18","8.636,40","8.591,72","","0,43%"
"18.09.2017","8.596,13","8.651,48","8.651,48","8.579,50","","-0,59%"
"15.09.2017","8.646,91","8.716,45","8.748,75","8.646,91","","-0,82%"
"14.09.2017","8.718,30","8.659,38","8.724,00","8.628,47","","0,74%"
"13.09.2017","8.653,88","8.708,58","8.725,31","8.644,32","","-0,59%"
"12.09.2017","8.705,16","8.671,41","8.711,88","8.647,19","","0,44%"
"11.09.2017","8.667,00","8.668,79","8.742,95","8.652,92","","-0,71%"
"08.09.2017","8.728,91","8.750,33","8.763,49","8.704,88","","-0,26%"
"07.09.2017","8.751,66","8.707,01","8.758,59","8.683,41","","0,55%"
"06.09.2017","8.703,97","8.755,78","8.777,28","8.687,78","","-0,61%"
"05.09.2017","8.757,55","8.719,58","8.795,77","8.700,10","","0,47%"
"04.09.2017","8.716,69","8.752,50","8.770,78","8.702,66","","0,30%"
"01.09.2017","8.690,61","8.714,23","8.718,45","8.641,86","","-0,25%"
"31.08.2017","8.712,31","8.628,80","8.725,75","8.583,29","","0,95%"
"30.08.2017","8.630,39","8.637,28","8.661,71","8.606,14","","-0,09%"
"29.08.2017","8.638,44","8.711,17","8.752,62","8.608,31","","-0,26%"
"28.08.2017","8.660,53","8.592,66","8.677,06","8.585,42","","0,87%"
"25.08.2017","8.585,86","8.568,39","8.604,74","8.509,24","","0,19%"
"24.08.2017","8.569,50","8.589,88","8.598,59","8.558,38","","-0,29%"
"23.08.2017","8.594,05","8.564,34","8.604,77","8.547,90","","0,41%"
"22.08.2017","8.559,35","8.606,51","8.616,31","8.541,91","","-0,63%"
"21.08.2017","8.613,23","8.565,69","8.630,06","8.548,89","","0,51%"
"18.08.2017","8.569,23","8.597,76","8.676,70","8.563,49","","-0,34%"
"17.08.2017","8.598,08","8.590,53","8.629,27","8.559,71","","0,14%"
"16.08.2017","8.585,90","8.503,77","8.593,85","8.489,39","","0,95%"
"15.08.2017","8.504,83","8.553,99","8.556,72","8.475,83","","-0,55%"
"14.08.2017","8.552,08","8.589,00","8.593,86","8.527,17","","-0,47%"
"11.08.2017","8.592,20","8.553,94","8.611,87","8.538,65","","0,45%"
"10.08.2017","8.553,60","8.522,41","8.566,00","8.490,25","","0,32%"
"09.08.2017","8.526,24","8.460,05","8.536,32","8.456,38","","0,85%"
"08.08.2017","8.454,45","8.453,93","8.485,31","8.393,69","","0,01%"
"07.08.2017","8.453,41","8.470,52","8.472,27","8.437,76","","-0,20%"
"04.08.2017","8.470,20","8.523,62","8.539,04","8.444,16","","-0,60%"
"03.08.2017","8.521,46","8.514,69","8.539,72","8.460,93","","0,09%"
"02.08.2017","8.513,75","8.524,26","8.558,58","8.493,47","","-0,14%"
"01.08.2017","8.525,67","8.537,91","8.561,54","8.492,72","","-0,16%"
"31.07.2017","8.539,66","8.558,51","8.567,41","8.516,10","","-0,14%"
"28.07.2017","8.551,48","8.488,48","8.564,82","8.480,84","","0,73%"
"27.07.2017","8.489,77","8.518,72","8.535,59","8.459,24","","-0,32%"
"26.07.2017","8.517,38","8.437,37","8.535,75","8.405,84","","1,01%"
"25.07.2017","8.432,40","8.470,13","8.493,90","8.432,38","","-0,50%"
"24.07.2017","8.474,35","8.499,15","8.512,01","8.462,54","","-0,21%"
"21.07.2017","8.492,12","8.405,85","8.499,57","8.400,39","","0,93%"
"20.07.2017","8.413,82","8.380,35","8.439,27","8.364,45","","0,41%"
"19.07.2017","8.379,72","8.380,77","8.401,74","8.350,14","","-0,02%"
"18.07.2017","8.381,73","8.356,52","8.398,93","8.342,30","","0,31%"
"17.07.2017","8.356,04","8.323,18","8.368,13","8.321,15","","0,34%"
"14.07.2017","8.327,32","8.259,51","8.351,79","8.241,48","","0,81%"
"13.07.2017","8.260,58","8.279,98","8.303,15","8.251,63","","-0,27%"
"12.07.2017","8.282,55","8.281,06","8.321,16","8.243,73","","0,01%"
"11.07.2017","8.282,01","8.262,47","8.283,99","8.216,73","","0,24%"
"10.07.2017","8.261,89","8.259,10","8.270,45","8.197,44","","0,08%"
"07.07.2017","8.254,93","8.329,57","8.342,95","8.216,50","","-0,93%"
"06.07.2017","8.332,83","8.344,93","8.362,75","8.315,42","","-0,15%"
"05.07.2017","8.345,07","8.319,99","8.352,70","8.281,62","","0,25%"
"04.07.2017","8.323,94","8.309,95","8.341,31","8.302,62","","0,29%"
"03.07.2017","8.299,99","8.419,03","8.428,33","8.286,05","","-1,42%"
"30.06.2017","8.419,20","8.452,44","8.465,26","8.406,32","","-0,42%"
"29.06.2017","8.454,70","8.496,43","8.510,84","8.408,33","","-0,46%"
"28.06.2017","8.493,74","8.495,68","8.534,09","8.479,91","","-0,03%"
"27.06.2017","8.495,96","8.510,47","8.551,60","8.483,70","","-0,20%"
"26.06.2017","8.513,38","8.601,51","8.604,32","8.463,50","","-0,93%"
"23.06.2017","8.593,06","8.547,36","8.613,31","8.540,75","","0,53%"
"22.06.2017","8.547,39","8.513,21","8.577,00","8.506,99","","0,40%"
"21.06.2017","8.513,28","8.490,62","8.522,67","8.472,25","","0,27%"
"20.06.2017","8.490,03","8.476,57","8.529,28","8.475,61","","0,12%"
"19.06.2017","8.479,70","8.540,90","8.555,33","8.477,80","","-0,68%"
"16.06.2017","8.537,68","8.535,08","8.568,25","8.525,78","","0,01%"
"15.06.2017","8.537,08","8.564,20","8.606,01","8.515,99","","-0,35%"
"14.06.2017","8.567,47","8.610,00","8.695,80","8.537,47","","-0,49%"
"13.06.2017","8.610,01","8.597,57","8.630,21","8.563,73","","0,06%"
"12.06.2017","8.604,75","8.615,67","8.641,47","8.592,08","","-0,07%"
"09.06.2017","8.610,65","8.690,08","8.710,48","8.594,73","","-0,98%"
"08.06.2017","8.696,17","8.754,75","8.767,67","8.650,85","","-0,58%"
"07.06.2017","8.747,22","8.793,02","8.801,71","8.718,28","","-0,53%"
"06.06.2017","8.793,39","8.707,79","8.809,16","8.704,32","","0,98%"
"05.06.2017","8.707,76","8.710,98","8.735,63","8.694,83","","-0,13%"
"02.06.2017","8.718,84","8.617,32","8.718,84","8.583,80","","1,19%"
"01.06.2017","8.616,20","8.647,06","8.653,87","8.591,62","","-0,27%"
"31.05.2017","8.639,19","8.655,32","8.677,67","8.601,75","","-0,23%"
"30.05.2017","8.659,21","8.687,65","8.712,39","8.633,86","","-0,31%"
"29.05.2017","8.685,82","8.689,24","8.700,55","8.673,14","","-0,01%"
"26.05.2017","8.686,98","8.626,28","8.705,75","8.589,90","","0,71%"
"25.05.2017","8.625,59","8.669,65","8.675,30","8.613,83","","-0,52%"
"24.05.2017","8.670,56","8.620,25","8.676,49","8.599,22","","0,58%"
"23.05.2017","8.620,49","8.675,73","8.710,34","8.615,67","","-0,69%"
"22.05.2017","8.679,97","8.650,21","8.697,45","8.627,72","","0,41%"
"19.05.2017","8.644,43","8.591,40","8.654,75","8.588,37","","0,62%"
"18.05.2017","8.591,31","8.677,00","8.721,45","8.582,64","","-0,98%"
"17.05.2017","8.676,39","8.523,47","8.681,89","8.516,52","","1,87%"
"16.05.2017","8.517,41","8.482,18","8.535,99","8.481,49","","0,42%"
"15.05.2017","8.481,90","8.475,58","8.533,09","8.467,31","","0,04%"
"12.05.2017","8.478,13","8.456,92","8.502,15","8.453,15","","0,26%"
"11.05.2017","8.455,97","8.415,23","8.478,40","8.405,23","","0,47%"
"10.05.2017","8.416,03","8.435,95","8.464,94","8.402,85","","-0,24%"
"09.05.2017","8.436,01","8.466,84","8.490,39","8.387,04","","-0,37%"
"08.05.2017","8.466,99","8.460,32","8.540,32","8.458,17","","-0,10%"
"05.05.2017","8.475,11","8.466,89","8.526,84","8.457,35","","0,10%"
"04.05.2017","8.466,92","8.540,50","8.563,94","8.450,24","","-0,88%"
"03.05.2017","8.542,18","8.667,39","8.671,32","8.529,76","","-1,45%"
"02.05.2017","8.667,52","8.657,99","8.672,93","8.629,15","","0,05%"
"01.05.2017","8.663,58","8.742,40","8.763,07","8.642,91","","-0,90%"
"28.04.2017","8.742,00","8.722,52","8.752,88","8.714,66","","0,22%"
"27.04.2017","8.723,08","8.746,98","8.758,91","8.700,19","","-0,27%"
"26.04.2017","8.747,11","8.703,25","8.761,25","8.681,85","","0,53%"
"25.04.2017","8.700,58","8.793,53","8.804,55","8.687,16","","-0,91%"
"24.04.2017","8.780,09","8.743,48","8.795,80","8.716,84","","-0,73%"
"21.04.2017","8.844,94","8.820,93","8.873,65","8.800,43","","0,26%"
"20.04.2017","8.822,05","8.816,72","8.837,79","8.786,20","","0,09%"
"19.04.2017","8.814,30","8.876,38","8.885,32","8.790,49","","-0,69%"
"18.04.2017","8.875,21","8.845,71","8.896,26","8.805,04","","0,37%"
"17.04.2017","8.842,38","8.903,05","8.923,42","8.820,44","","-0,11%"
"14.04.2017","8.852,50","8.867,77","8.876,77","8.849,24","","-0,23%"
"13.04.2017","8.872,56","8.867,10","8.879,45","8.831,18","","0,07%"
"12.04.2017","8.866,64","8.783,05","8.870,71","8.768,27","","0,94%"
"11.04.2017","8.783,86","8.659,16","8.791,44","8.649,99","","1,41%"
"10.04.2017","8.661,43","8.656,25","8.681,23","8.614,23","","0,05%"
"07.04.2017","8.656,90","8.636,50","8.766,08","8.627,46","","0,26%"
"06.04.2017","8.634,60","8.656,62","8.683,01","8.621,16","","-0,26%"
"05.04.2017","8.657,01","8.647,75","8.671,91","8.578,39","","0,06%"
"04.04.2017","8.651,72","8.633,68","8.690,82","8.633,68","","0,23%"
"03.04.2017","8.632,05","8.597,23","8.637,15","8.570,72","","0,34%"
"31.03.2017","8.602,85","8.563,59","8.615,86","8.541,34","","0,43%"
"30.03.2017","8.565,59","8.634,21","8.641,79","8.560,84","","-0,74%"
"29.03.2017","8.629,39","8.611,30","8.648,05","8.584,12","","0,21%"
"28.03.2017","8.611,47","8.615,00","8.662,90","8.583,19","","-0,11%"
"27.03.2017","8.620,58","8.591,84","8.665,42","8.589,72","","0,65%"
"24.03.2017","8.564,53","8.574,32","8.620,26","8.550,84","","-0,13%"
"23.03.2017","8.575,33","8.595,83","8.635,35","8.558,59","","-0,25%"
"22.03.2017","8.597,14","8.568,00","8.619,22","8.566,20","","0,27%"
"21.03.2017","8.574,25","8.524,17","8.595,59","8.477,03","","0,58%"
"20.03.2017","8.524,40","8.489,88","8.539,14","8.487,94","","0,45%"
"17.03.2017","8.486,01","8.464,76","8.508,67","8.449,25","","0,28%"
"16.03.2017","8.462,30","8.434,35","8.513,25","8.422,75","","0,32%"
"15.03.2017","8.435,10","8.291,08","8.454,33","8.281,33","","1,73%"
"14.03.2017","8.291,58","8.325,86","8.356,23","8.280,93","","-0,43%"
"13.03.2017","8.327,69","8.328,84","8.371,74","8.314,98","","0,06%"
"10.03.2017","8.322,81","8.299,01","8.339,47","8.265,77","","0,28%"
"09.03.2017","8.299,78","8.352,51","8.365,96","8.289,77","","-0,62%"
"08.03.2017","8.351,75","8.390,88","8.416,76","8.337,38","","-0,49%"
"07.03.2017","8.392,61","8.452,17","8.472,96","8.377,36","","-0,72%"
"06.03.2017","8.453,18","8.502,99","8.533,05","8.446,84","","-0,71%"
"03.03.2017","8.513,22","8.500,12","8.526,39","8.432,48","","0,09%"
"02.03.2017","8.505,58","8.598,95","8.603,64","8.481,34","","-1,09%"
"01.03.2017","8.598,88","8.574,39","8.609,19","8.511,35","","0,30%"
"28.02.2017","8.573,53","8.600,12","8.644,58","8.569,68","","-0,40%"
"27.02.2017","8.608,08","8.635,83","8.684,03","8.592,00","","-0,30%"
"24.02.2017","8.634,02","8.577,88","8.658,32","8.566,55","","0,66%"
"23.02.2017","8.577,82","8.514,54","8.593,19","8.502,19","","0,78%"
"22.02.2017","8.511,18","8.505,33","8.534,01","8.470,75","","0,04%"
"21.02.2017","8.507,93","8.512,48","8.531,74","8.442,07","","-0,12%"
"20.02.2017","8.518,17","8.481,55","8.523,18","8.467,92","","0,43%"
"17.02.2017","8.482,12","8.492,48","8.542,05","8.476,83","","-0,14%"
"16.02.2017","8.494,14","8.472,01","8.517,98","8.454,03","","0,26%"
"15.02.2017","8.472,07","8.438,04","8.477,63","8.366,12","","0,40%"
"14.02.2017","8.437,97","8.428,81","8.474,28","8.390,33","","0,04%"
"13.02.2017","8.434,80","8.477,52","8.489,12","8.392,25","","-0,64%"
"10.02.2017","8.488,86","8.433,82","8.509,15","8.390,15","","0,55%"
"09.02.2017","8.442,83","8.530,12","8.545,06","8.435,22","","-1,11%"
"08.02.2017","8.537,91","8.487,63","8.556,46","8.469,87","","0,57%"
"07.02.2017","8.489,92","8.480,05","8.512,64","8.453,73","","0,11%"
"06.02.2017","8.480,27","8.378,39","8.483,22","8.373,86","","1,19%"
"03.02.2017","8.380,15","8.358,85","8.391,13","8.292,36","","0,15%"
"02.02.2017","8.367,75","8.323,45","8.435,48","8.317,55","","0,50%"
"01.02.2017","8.326,11","8.333,75","8.352,24","8.245,86","","-0,05%"
"31.01.2017","8.329,90","8.233,00","8.367,17","8.218,22","","1,28%"
"30.01.2017","8.224,88","8.207,28","8.255,69","8.175,03","","0,30%"
"27.01.2017","8.200,14","8.181,58","8.203,31","8.127,52","","0,26%"
"26.01.2017","8.178,98","8.263,00","8.283,85","8.150,86","","-1,00%"
"25.01.2017","8.262,01","8.292,46","8.318,16","8.210,39","","-0,38%"
"24.01.2017","8.293,69","8.358,15","8.362,88","8.274,36","","-0,67%"
"23.01.2017","8.349,83","8.318,14","8.371,75","8.290,56","","0,38%"
"20.01.2017","8.318,51","8.278,25","8.356,93","8.245,77","","0,49%"
"19.01.2017","8.278,17","8.232,12","8.292,87","8.215,57","","0,49%"
"18.01.2017","8.237,51","8.344,81","8.352,78","8.225,95","","-1,24%"
"17.01.2017","8.341,06","8.303,02","8.357,97","8.298,02","","0,46%"
"16.01.2017","8.303,06","8.284,78","8.328,77","8.268,43","","0,47%"
"13.01.2017","8.264,45","8.239,58","8.288,88","8.197,33","","0,30%"
"12.01.2017","8.239,97","8.266,76","8.322,98","8.229,69","","-0,35%"
"11.01.2017","8.268,79","8.219,84","8.317,00","8.163,44","","0,59%"
"10.01.2017","8.219,94","8.194,56","8.243,07","8.176,71","","0,33%"
"09.01.2017","8.193,18","8.116,12","8.228,56","8.110,94","","0,94%"
"06.01.2017","8.116,67","8.126,65","8.175,47","8.097,26","","-0,17%"
"05.01.2017","8.130,20","8.073,98","8.167,40","8.059,49","","0,81%"
"04.01.2017","8.065,14","8.062,83","8.112,22","8.046,75","","-0,03%"
"03.01.2017","8.067,47","7.996,16","8.101,98","7.978,55","","0,82%"
"02.01.2017","8.001,69","8.001,69","8.001,69","8.001,69","","0,03%"
"30.12.2016","7.999,56","8.055,39","8.092,86","7.983,24","","-0,67%"
"29.12.2016","8.053,48","7.942,74","8.068,09","7.942,74","","1,37%"
"28.12.2016","7.944,90","7.920,68","7.968,99","7.912,98","","0,34%"
"27.12.2016","7.918,34","7.885,96","7.995,06","7.870,61","","0,49%"
"26.12.2016","7.879,67","7.870,88","7.881,60","7.870,88","","0,08%"
"23.12.2016","7.873,71","7.846,19","7.891,97","7.842,16","","0,37%"
"22.12.2016","7.844,85","7.857,76","7.888,54","7.841,50","","-0,02%"
"21.12.2016","7.846,37","7.869,85","7.909,58","7.844,98","","-0,28%"
"20.12.2016","7.868,31","7.918,27","7.928,90","7.824,40","","-0,63%"
"19.12.2016","7.918,49","7.893,65","7.943,80","7.892,26","","0,32%"
"16.12.2016","7.893,13","7.834,66","7.943,57","7.822,37","","0,72%"
"15.12.2016","7.836,80","7.890,48","7.939,70","7.794,60","","-0,72%"
"14.12.2016","7.893,48","7.992,19","8.048,05","7.869,86","","-1,26%"
"13.12.2016","7.994,10","8.031,82","8.047,90","7.968,72","","-0,43%"
"12.12.2016","8.028,93","8.007,66","8.055,23","7.966,60","","0,39%"
"09.12.2016","7.998,10","8.052,95","8.094,65","7.986,43","","-0,70%"
"08.12.2016","8.054,59","8.081,71","8.114,03","8.044,55","","-0,28%"
"07.12.2016","8.077,36","8.050,68","8.123,18","8.034,02","","0,30%"
"06.12.2016","8.052,84","8.052,94","8.091,36","8.030,76","","-0,04%"
"05.12.2016","8.055,86","8.109,59","8.182,55","7.964,81","","-0,61%"
"02.12.2016","8.105,55","8.067,22","8.112,51","8.032,94","","0,46%"
"01.12.2016","8.068,64","8.080,47","8.115,13","7.991,69","","-0,15%"
"30.11.2016","8.080,85","8.189,31","8.229,53","8.061,59","","-1,40%"
"29.11.2016","8.195,82","8.249,52","8.259,26","8.153,69","","-0,59%"
"28.11.2016","8.244,25","8.194,48","8.274,24","8.179,20","","0,66%"
"25.11.2016","8.190,48","8.197,91","8.257,17","8.108,01","","-0,03%"
"24.11.2016","8.192,81","8.230,60","8.242,50","8.181,66","","-0,32%"
"23.11.2016","8.218,98","8.350,48","8.376,29","8.178,64","","-1,60%"
"22.11.2016","8.352,75","8.367,48","8.415,60","8.311,14","","-0,18%"
"21.11.2016","8.367,72","8.322,52","8.399,37","8.306,34","","0,50%"
"18.11.2016","8.326,49","8.364,00","8.374,45","8.292,47","","-0,48%"
"17.11.2016","8.367,01","8.429,69","8.466,88","8.330,85","","-0,66%"
"16.11.2016","8.422,65","8.426,97","8.471,09","8.403,27","","-0,07%"
"15.11.2016","8.428,16","8.362,33","8.438,43","8.358,92","","0,80%"
"14.11.2016","8.361,34","8.363,38","8.413,56","8.265,60","","0,12%"
"11.11.2016","8.351,10","8.564,74","8.622,14","8.308,07","","-2,51%"
"10.11.2016","8.565,94","8.666,17","8.780,28","8.519,98","","-1,15%"
"09.11.2016","8.665,52","8.655,13","9.040,14","8.611,65","","0,09%"
"08.11.2016","8.657,97","8.683,63","8.761,36","8.640,61","","-0,31%"
"07.11.2016","8.684,89","8.728,80","8.767,52","8.661,86","","-1,43%"
"04.11.2016","8.811,09","8.818,21","8.831,52","8.757,00","","0,00%"
"03.11.2016","8.811,53","8.763,50","8.837,51","8.696,41","","0,56%"
"02.11.2016","8.762,17","8.715,43","8.839,17","8.710,02","","0,52%"
"01.11.2016","8.717,05","8.655,73","8.744,03","8.644,75","","0,71%"
"31.10.2016","8.655,27","8.662,74","8.673,77","8.611,32","","0,04%"
"28.10.2016","8.651,94","8.604,47","8.707,70","8.560,49","","0,52%"
"27.10.2016","8.606,97","8.582,82","8.635,28","8.570,97","","0,33%"
"26.10.2016","8.579,01","8.636,78","8.655,49","8.562,62","","-0,71%"
"25.10.2016","8.640,27","8.575,53","8.660,06","8.553,39","","0,86%"
"24.10.2016","8.566,81","8.569,43","8.619,07","8.541,81","","-0,06%"
"21.10.2016","8.571,72","8.538,76","8.581,66","8.526,10","","0,39%"
"20.10.2016","8.538,26","8.551,76","8.586,83","8.526,89","","-0,18%"
"19.10.2016","8.553,69","8.511,32","8.582,93","8.493,20","","0,48%"
"18.10.2016","8.512,74","8.461,59","8.529,86","8.452,83","","0,60%"
"17.10.2016","8.462,30","8.412,43","8.472,87","8.412,43","","0,57%"
"14.10.2016","8.414,09","8.466,22","8.471,88","8.390,24","","-0,59%"
"13.10.2016","8.463,88","8.442,03","8.495,38","8.424,49","","0,35%"
"12.10.2016","8.434,57","8.422,38","8.460,97","8.399,58","","0,13%"
"11.10.2016","8.424,01","8.445,31","8.481,82","8.418,95","","-0,30%"
"10.10.2016","8.449,68","8.388,76","8.482,48","8.386,62","","0,76%"
"07.10.2016","8.385,97","8.375,16","8.444,45","8.284,07","","0,18%"
"06.10.2016","8.371,12","8.457,75","8.472,49","8.340,84","","-0,94%"
"05.10.2016","8.450,89","8.469,02","8.522,97","8.420,41","","-0,13%"
"04.10.2016","8.461,56","8.754,24","8.763,18","8.451,69","","-3,33%"
"03.10.2016","8.752,87","8.794,75","8.807,22","8.737,00","","-0,30%"
"30.09.2016","8.779,56","8.803,28","8.862,05","8.758,69","","-0,27%"
"29.09.2016","8.803,44","8.825,21","8.851,24","8.773,21","","-0,19%"
"28.09.2016","8.820,61","8.854,87","8.857,67","8.797,65","","-0,37%"
"27.09.2016","8.853,16","8.922,04","8.935,45","8.836,68","","-0,78%"
"26.09.2016","8.922,79","8.917,73","8.952,73","8.889,45","","0,02%"
"23.09.2016","8.921,02","8.913,67","8.944,09","8.894,94","","0,09%"
"22.09.2016","8.912,81","8.907,02","8.959,25","8.882,01","","-0,08%"
"21.09.2016","8.919,59","8.774,52","8.922,07","8.733,67","","1,68%"
"20.09.2016","8.772,32","8.752,01","8.796,85","8.751,64","","0,16%"
"19.09.2016","8.758,38","8.748,39","8.796,38","8.738,38","","0,15%"
"16.09.2016","8.744,92","8.774,34","8.798,28","8.719,58","","-0,34%"
"15.09.2016","8.774,52","8.825,89","8.857,97","8.739,03","","-0,61%"
"14.09.2016","8.828,67","8.811,94","8.853,60","8.787,25","","0,20%"
"13.09.2016","8.810,76","8.870,59","8.902,72","8.787,80","","-0,65%"
"12.09.2016","8.868,77","8.871,85","8.889,01","8.823,09","","-0,02%"
"09.09.2016","8.870,45","8.919,98","8.945,50","8.866,92","","-0,55%"
"08.09.2016","8.919,10","8.958,77","8.994,46","8.900,37","","-0,49%"
"07.09.2016","8.962,66","9.010,29","9.025,53","8.946,01","","-0,54%"
"06.09.2016","9.010,95","8.851,14","9.026,17","8.851,14","","1,70%"
"05.09.2016","8.860,38","8.847,92","8.877,73","8.833,83","","0,09%"
"02.09.2016","8.852,33","8.766,94","8.873,40","8.748,86","","0,99%"
"01.09.2016","8.765,82","8.740,10","8.777,30","8.698,32","","0,27%"
"31.08.2016","8.742,53","8.757,62","8.792,57","8.719,03","","-0,20%"
"30.08.2016","8.760,12","8.842,00","8.856,61","8.746,50","","-0,86%"
"29.08.2016","8.836,47","8.806,49","8.850,90","8.772,08","","0,25%"
"26.08.2016","8.814,51","8.801,01","8.951,03","8.794,35","","0,13%"
"25.08.2016","8.803,26","8.818,10","8.839,00","8.774,78","","-0,17%"
"24.08.2016","8.818,45","8.884,89","8.917,30","8.813,65","","-0,72%"
"23.08.2016","8.882,41","8.905,08","8.936,61","8.879,61","","-0,25%"
"22.08.2016","8.905,09","8.920,75","8.926,21","8.874,33","","-0,25%"
"19.08.2016","8.927,26","8.967,24","8.981,86","8.901,07","","-0,46%"
"18.08.2016","8.968,17","8.950,01","8.992,12","8.926,97","","0,23%"
"17.08.2016","8.947,49","8.916,01","8.970,10","8.874,78","","0,33%"
"16.08.2016","8.918,22","8.893,30","8.986,18","8.882,23","","0,31%"
"15.08.2016","8.890,64","8.875,99","8.921,55","8.865,24","","0,29%"
"12.08.2016","8.865,23","8.875,25","8.997,30","8.850,64","","-0,09%"
"11.08.2016","8.873,57","8.938,73","8.982,67","8.854,08","","-0,73%"
"10.08.2016","8.939,13","8.925,98","9.014,75","8.909,72","","0,17%"
"09.08.2016","8.923,63","8.897,92","8.940,91","8.866,54","","0,31%"
"08.08.2016","8.895,77","8.885,42","8.916,15","8.860,27","","0,03%"
"05.08.2016","8.893,01","9.040,68","9.075,42","8.882,77","","-1,64%"
"04.08.2016","9.041,18","9.013,17","9.071,03","8.959,25","","0,34%"
"03.08.2016","9.010,94","9.035,64","9.062,79","8.983,48","","-0,29%"
"02.08.2016","9.037,38","8.994,37","9.064,74","8.959,74","","0,52%"
"01.08.2016","8.990,59","8.961,73","9.003,95","8.935,71","","0,28%"
"29.07.2016","8.965,36","8.888,84","8.996,83","8.848,19","","0,84%"
"28.07.2016","8.890,61","8.935,51","8.959,33","8.866,52","","-0,52%"
"27.07.2016","8.937,47","8.807,62","8.955,27","8.778,41","","1,45%"
"26.07.2016","8.810,05","8.789,86","8.848,34","8.777,98","","0,27%"
"25.07.2016","8.786,00","8.829,90","8.840,18","8.766,21","","-0,52%"
"22.07.2016","8.832,24","8.880,43","8.908,55","8.802,76","","-0,60%"
"21.07.2016","8.885,90","8.782,34","8.907,44","8.749,30","","1,11%"
"20.07.2016","8.788,72","8.910,99","8.935,64","8.759,25","","-1,48%"
"19.07.2016","8.920,38","8.900,06","8.937,64","8.880,56","","0,13%"
"18.07.2016","8.908,88","8.909,16","8.955,72","8.851,72","","-0,44%"
"15.07.2016","8.948,55","8.915,93","8.955,57","8.837,25","","0,29%"
"14.07.2016","8.922,54","8.979,61","9.007,55","8.816,53","","-0,63%"
"13.07.2016","8.978,70","8.905,75","9.000,44","8.874,33","","0,81%"
"12.07.2016","8.906,81","9.065,65","9.085,56","8.890,71","","-1,82%"
"11.07.2016","9.071,91","9.150,98","9.199,45","9.034,15","","-0,76%"
"08.07.2016","9.141,23","9.075,49","9.145,98","8.978,77","","0,56%"
"07.07.2016","9.090,24","9.119,54","9.169,82","9.019,32","","-0,42%"
"06.07.2016","9.128,55","9.056,42","9.200,42","9.053,01","","0,77%"
"05.07.2016","9.058,58","8.999,04","9.069,07","8.919,78","","0,61%"
"04.07.2016","9.003,32","8.931,94","9.050,48","8.903,72","","0,78%"
"01.07.2016","8.933,92","8.792,53","8.949,22","8.775,91","","1,64%"
"30.06.2016","8.789,92","8.740,35","8.802,74","8.717,13","","0,42%"
"29.06.2016","8.753,17","8.718,31","8.824,44","8.710,93","","0,32%"
"28.06.2016","8.725,67","8.802,42","8.822,08","8.670,64","","-0,98%"
"27.06.2016","8.811,94","8.770,56","8.869,06","8.744,57","","1,12%"
"24.06.2016","8.714,16","8.239,59","8.988,33","8.225,13","","5,51%"
"23.06.2016","8.258,73","8.310,21","8.369,76","8.250,76","","-0,85%"
"22.06.2016","8.329,16","8.355,56","8.378,92","8.302,53","","-0,36%"
"21.06.2016","8.359,43","8.472,89","8.514,18","8.329,12","","-1,48%"
"20.06.2016","8.485,38","8.464,23","8.510,38","8.404,00","","-0,82%"
"17.06.2016","8.555,67","8.428,22","8.564,17","8.414,05","","1,47%"
"16.06.2016","8.432,06","8.505,67","8.674,44","8.423,28","","-0,80%"
"15.06.2016","8.500,36","8.470,42","8.537,14","8.407,01","","0,22%"
"14.06.2016","8.482,08","8.445,16","8.508,11","8.408,97","","0,30%"
"13.06.2016","8.456,31","8.353,87","8.481,83","8.345,02","","1,14%"
"10.06.2016","8.361,24","8.319,44","8.386,82","8.291,04","","0,40%"
"09.06.2016","8.328,10","8.277,41","8.344,89","8.243,42","","0,55%"
"08.06.2016","8.282,76","8.176,03","8.302,52","8.165,78","","1,33%"
"07.06.2016","8.173,93","8.169,29","8.191,08","8.111,82","","0,01%"
"06.06.2016","8.173,48","8.154,87","8.200,08","8.134,73","","0,04%"
"03.06.2016","8.169,86","7.966,84","8.172,61","7.941,24","","2,46%"
"02.06.2016","7.973,50","7.976,28","8.018,64","7.960,59","","-0,05%"
"01.06.2016","7.977,84","7.997,42","8.039,71","7.926,25","","-0,28%"
"31.05.2016","7.999,84","7.936,03","8.023,59","7.934,38","","0,80%"
"30.05.2016","7.936,60","7.959,10","7.972,99","7.871,18","","-0,26%"
"27.05.2016","7.957,28","7.993,32","8.028,05","7.916,12","","-0,54%"
"26.05.2016","8.000,52","8.015,30","8.091,11","7.983,76","","-0,28%"
"25.05.2016","8.023,34","8.040,61","8.069,86","7.985,77","","-0,28%"
"24.05.2016","8.045,62","8.183,17","8.202,28","8.036,87","","-1,76%"
"23.05.2016","8.189,68","8.189,95","8.230,31","8.143,45","","-0,14%"
"20.05.2016","8.201,28","8.206,83","8.248,37","8.174,62","","-0,15%"
"19.05.2016","8.213,22","8.220,93","8.249,01","8.145,09","","-0,18%"
"18.05.2016","8.227,77","8.339,15","8.353,87","8.201,65","","-1,41%"
"17.05.2016","8.345,14","8.302,23","8.366,38","8.280,12","","0,46%"
"16.05.2016","8.307,09","8.304,97","8.403,93","8.284,43","","-0,15%"
"13.05.2016","8.319,16","8.228,55","8.330,25","8.228,55","","1,04%"
"12.05.2016","8.233,89","8.291,67","8.345,90","8.227,90","","-0,73%"
"11.05.2016","8.294,80","8.243,76","8.317,12","8.237,57","","0,48%"
"10.05.2016","8.254,77","8.231,81","8.274,98","8.190,98","","0,22%"
"09.05.2016","8.236,35","8.345,72","8.376,84","8.212,20","","-1,68%"
"06.05.2016","8.376,75","8.311,74","8.424,82","8.285,08","","0,78%"
"05.05.2016","8.311,70","8.309,45","8.365,02","8.251,65","","0,02%"
"04.05.2016","8.310,00","8.343,61","8.378,89","8.256,13","","-0,46%"
"03.05.2016","8.348,39","8.360,01","8.432,70","8.310,31","","-0,16%"
"02.05.2016","8.361,85","8.372,63","8.442,07","8.332,43","","-0,17%"
"29.04.2016","8.375,77","8.194,67","8.393,58","8.187,42","","2,12%"
"28.04.2016","8.201,60","8.086,72","8.225,03","8.046,89","","1,34%"
"27.04.2016","8.093,42","8.062,50","8.124,68","8.054,25","","0,24%"
"26.04.2016","8.074,31","8.032,74","8.086,65","7.995,43","","0,46%"
"25.04.2016","8.037,69","8.006,54","8.069,84","7.992,49","","0,33%"
"22.04.2016","8.011,09","8.082,20","8.120,82","7.975,73","","-1,04%"
"21.04.2016","8.094,89","8.041,04","8.224,98","8.035,87","","0,54%"
"20.04.2016","8.051,56","8.072,99","8.133,31","8.031,66","","-0,30%"
"19.04.2016","8.075,85","7.973,52","8.122,77","7.942,72","","1,27%"
"18.04.2016","7.974,47","7.984,45","8.048,68","7.964,27","","-0,21%"
"15.04.2016","7.991,12","7.953,22","8.005,62","7.935,90","","0,43%"
"14.04.2016","7.956,71","8.041,98","8.072,42","7.928,86","","-1,20%"
"13.04.2016","8.053,59","8.115,43","8.128,31","8.024,28","","-0,82%"
"12.04.2016","8.120,38","8.121,26","8.157,97","8.092,07","","-0,05%"
"11.04.2016","8.124,76","8.009,93","8.131,94","8.009,93","","1,30%"
"08.04.2016","8.020,15","8.008,98","8.038,18","7.955,27","","0,02%"
"07.04.2016","8.018,55","7.921,04","8.051,85","7.918,06","","1,22%"
"06.04.2016","7.921,86","7.974,29","7.984,57","7.891,52","","-0,66%"
"05.04.2016","7.974,44","7.861,54","8.008,99","7.861,54","","1,27%"
"04.04.2016","7.874,10","7.900,08","7.925,59","7.863,48","","-0,58%"
"01.04.2016","7.920,06","7.943,61","7.986,60","7.827,13","","-0,37%"
"31.03.2016","7.949,68","7.921,38","8.005,26","7.913,30","","0,39%"
"30.03.2016","7.918,72","8.079,52","8.085,91","7.906,00","","-2,04%"
"29.03.2016","8.084,03","7.940,45","8.091,25","7.908,15","","1,74%"
"28.03.2016","7.945,98","7.921,56","7.963,78","7.876,03","","0,25%"
"25.03.2016","7.926,55","7.922,99","7.935,77","7.915,11","","-0,02%"
"24.03.2016","7.928,30","7.936,81","7.978,27","7.892,25","","-0,13%"
"23.03.2016","7.938,77","8.095,29","8.109,45","7.899,85","","-2,01%"
"22.03.2016","8.102,02","8.061,64","8.177,28","8.050,30","","0,46%"
"21.03.2016","8.065,19","8.112,74","8.142,01","8.040,25","","-0,72%"
"18.03.2016","8.123,77","8.140,97","8.206,70","8.076,21","","-0,27%"
"17.03.2016","8.145,52","8.229,00","8.237,22","8.127,12","","-1,12%"
"16.03.2016","8.237,78","8.024,55","8.246,25","7.997,84","","2,61%"
"15.03.2016","8.028,31","8.021,04","8.063,40","7.964,35","","-0,01%"
"14.03.2016","8.029,23","8.121,46","8.191,65","7.985,88","","-1,05%"
"11.03.2016","8.114,39","8.267,21","8.349,45","8.107,17","","-1,89%"
"10.03.2016","8.270,70","8.145,03","8.290,49","8.062,54","","1,51%"
"09.03.2016","8.147,40","8.202,11","8.231,17","8.098,54","","-0,70%"
"08.03.2016","8.205,00","8.250,58","8.315,03","8.193,27","","-0,67%"
"07.03.2016","8.259,95","8.183,03","8.302,29","8.183,03","","0,80%"
"04.03.2016","8.194,25","8.243,75","8.334,53","8.146,85","","-0,86%"
"03.03.2016","8.265,19","8.117,68","8.278,25","8.093,28","","1,75%"
"02.03.2016","8.122,81","8.063,77","8.151,24","8.019,69","","0,61%"
"01.03.2016","8.073,79","8.114,03","8.175,05","8.037,11","","-0,55%"
"29.02.2016","8.118,44","7.992,95","8.135,48","7.961,89","","1,53%"
"26.02.2016","7.996,26","8.043,57","8.105,90","7.920,04","","-0,77%"
"25.02.2016","8.058,10","8.008,99","8.121,78","7.970,60","","0,34%"
"24.02.2016","8.031,02","7.998,37","8.190,46","7.979,29","","0,26%"
"23.02.2016","8.010,52","7.878,14","8.012,40","7.867,97","","1,60%"
"22.02.2016","7.884,73","7.992,14","7.998,65","7.835,83","","-1,57%"
"19.02.2016","8.010,78","8.017,39","8.054,98","7.951,95","","-0,14%"
"18.02.2016","8.022,30","7.887,94","8.082,57","7.821,84","","1,68%"
"17.02.2016","7.889,42","7.820,11","7.924,60","7.788,51","","0,89%"
"16.02.2016","7.819,89","7.851,15","7.928,21","7.754,27","","-0,51%"
"15.02.2016","7.860,02","8.096,52","8.116,19","7.802,19","","-3,43%"
"12.02.2016","8.138,78","8.190,69","8.204,17","8.094,49","","-0,73%"
"11.02.2016","8.198,77","7.868,12","8.289,65","7.857,80","","4,13%"
"10.02.2016","7.873,43","7.810,95","7.874,41","7.759,69","","0,73%"
"09.02.2016","7.816,66","7.818,11","7.883,95","7.787,29","","-0,02%"
"08.02.2016","7.817,88","7.691,42","7.895,22","7.646,67","","1,32%"
"05.02.2016","7.715,73","7.580,47","7.723,68","7.522,50","","1,71%"
"04.02.2016","7.586,25","7.511,02","7.599,31","7.491,99","","0,96%"
"03.02.2016","7.514,26","7.426,68","7.537,20","7.394,24","","1,15%"
"02.02.2016","7.428,51","7.422,39","7.439,52","7.382,46","","0,07%"
"01.02.2016","7.423,46","7.347,79","7.434,25","7.337,00","","0,97%"
"29.01.2016","7.352,29","7.326,18","7.355,31","7.290,38","","0,28%"
"28.01.2016","7.331,95","7.398,15","7.406,94","7.309,17","","-0,92%"
"27.01.2016","7.400,35","7.369,19","7.421,07","7.330,74","","0,37%"
"26.01.2016","7.373,35","7.290,45","7.394,02","7.281,44","","1,06%"
"25.01.2016","7.296,37","7.219,97","7.296,89","7.216,68","","0,98%"
"22.01.2016","7.225,74","7.244,91","7.256,59","7.193,81","","-0,27%"
"21.01.2016","7.245,64","7.243,15","7.270,78","7.185,69","","0,03%"
"20.01.2016","7.243,70","7.152,65","7.299,43","7.152,59","","1,32%"
"19.01.2016","7.149,07","7.160,56","7.201,28","7.119,82","","-0,20%"
"18.01.2016","7.163,71","7.171,36","7.195,45","7.151,15","","-0,07%"
"15.01.2016","7.168,98","7.102,39","7.226,38","7.088,55","","0,90%"
"14.01.2016","7.105,17","7.187,02","7.217,19","7.056,93","","-1,17%"
"13.01.2016","7.189,51","7.141,59","7.204,56","7.097,90","","0,63%"
"12.01.2016","7.144,31","7.187,67","7.231,60","7.122,71","","-0,63%"
"11.01.2016","7.189,63","7.277,51","7.310,71","7.181,63","","-1,29%"
"08.01.2016","7.283,47","7.309,55","7.337,20","7.205,60","","-0,38%"
"07.01.2016","7.311,19","7.164,40","7.319,44","7.151,55","","1,96%"
"06.01.2016","7.170,68","7.031,91","7.182,48","7.008,11","","2,05%"
"05.01.2016","7.026,93","7.012,01","7.059,14","7.006,19","","0,09%"
"04.01.2016","7.020,27","6.913,83","7.082,35","6.891,36","","1,91%"
"31.12.2015","6.888,79","6.885,47","6.908,79","6.868,64","","-0,05%"
"30.12.2015","6.891,98","6.930,22","6.964,01","6.871,19","","-0,59%"
"29.12.2015","6.932,85","6.932,50","6.975,31","6.916,93","","-0,07%"
"28.12.2015","6.937,64","6.964,29","6.975,90","6.914,60","","-0,43%"
"25.12.2015","6.967,74","6.959,32","6.969,24","6.953,62","","-0,02%"
"24.12.2015","6.968,80","6.930,29","6.981,55","6.929,38","","0,57%"
"23.12.2015","6.929,31","6.946,79","6.968,48","6.916,69","","-0,26%"
"22.12.2015","6.947,54","6.984,43","7.003,25","6.940,64","","-0,60%"
"21.12.2015","6.989,51","6.904,83","7.011,47","6.891,48","","1,14%"
"18.12.2015","6.910,55","6.819,02","6.940,28","6.810,59","","1,33%"
"17.12.2015","6.820,18","6.941,87","6.946,91","6.788,48","","-1,74%"
"16.12.2015","6.940,64","6.854,06","6.981,99","6.850,83","","1,27%"
"15.12.2015","6.853,83","6.844,39","6.906,80","6.842,43","","0,07%"
"14.12.2015","6.849,27","6.927,44","6.961,24","6.845,10","","-1,25%"
"11.12.2015","6.935,86","6.895,27","6.971,61","6.853,94","","0,53%"
"10.12.2015","6.899,32","6.888,78","6.931,65","6.882,34","","0,05%"
"09.12.2015","6.895,64","6.892,28","6.977,26","6.871,68","","-0,04%"
"08.12.2015","6.898,17","6.863,08","6.923,58","6.847,48","","0,48%"
"07.12.2015","6.865,10","6.948,77","6.961,95","6.854,49","","-1,33%"
"04.12.2015","6.957,91","6.791,91","6.971,29","6.767,77","","2,39%"
"03.12.2015","6.795,53","6.742,63","6.818,37","6.692,08","","0,80%"
"02.12.2015","6.741,37","6.835,52","6.856,34","6.720,23","","-1,51%"
"01.12.2015","6.844,61","6.809,82","6.876,66","6.801,12","","0,47%"
"30.11.2015","6.812,46","6.761,54","6.838,95","6.731,38","","0,69%"
"27.11.2015","6.765,73","6.844,37","6.864,40","6.729,96","","-1,25%"
"26.11.2015","6.851,19","6.841,16","6.869,99","6.831,01","","0,09%"
"25.11.2015","6.845,03","6.870,62","6.905,40","6.818,04","","-0,42%"
"24.11.2015","6.874,08","6.829,90","6.906,79","6.827,29","","0,62%"
"23.11.2015","6.831,39","6.872,54","6.875,36","6.814,51","","-0,75%"
"20.11.2015","6.882,71","6.903,95","6.945,65","6.864,18","","-0,37%"
"19.11.2015","6.908,01","6.832,54","6.935,44","6.825,13","","1,04%"
"18.11.2015","6.836,92","6.829,62","6.852,17","6.791,29","","0,15%"
"17.11.2015","6.826,69","6.896,42","6.913,73","6.792,76","","-1,04%"
"16.11.2015","6.898,40","6.902,18","6.995,38","6.885,52","","-0,14%"
"13.11.2015","6.907,87","6.908,84","6.936,55","6.875,75","","-0,07%"
"12.11.2015","6.912,84","6.913,76","6.939,84","6.841,96","","-0,02%"
"11.11.2015","6.914,48","6.928,21","6.958,46","6.899,82","","-0,26%"
"10.11.2015","6.932,20","6.945,48","6.965,53","6.901,24","","-0,26%"
"09.11.2015","6.950,40","6.921,76","6.972,27","6.916,93","","0,39%"
"06.11.2015","6.923,20","7.007,52","7.053,90","6.892,15","","-1,18%"
"05.11.2015","7.005,84","7.016,47","7.053,74","6.995,40","","-0,20%"
"04.11.2015","7.019,55","7.078,56","7.116,43","7.007,28","","-0,88%"
"03.11.2015","7.082,12","7.180,00","7.213,41","7.058,60","","-1,41%"
"02.11.2015","7.183,70","7.209,41","7.250,60","7.168,40","","-0,47%"
"30.10.2015","7.217,64","7.279,95","7.297,36","7.196,90","","-0,92%"
"29.10.2015","7.284,43","7.348,87","7.391,89","7.271,62","","-0,91%"
"28.10.2015","7.351,61","7.409,58","7.522,35","7.325,34","","-0,81%"
"27.10.2015","7.411,96","7.385,76","7.426,25","7.371,21","","0,26%"
"26.10.2015","7.392,43","7.390,32","7.430,53","7.377,62","","-0,01%"
"23.10.2015","7.393,22","7.410,85","7.490,60","7.356,80","","-0,26%"
"22.10.2015","7.412,85","7.406,77","7.452,85","7.385,96","","0,03%"
"21.10.2015","7.410,27","7.461,50","7.488,80","7.386,71","","-0,75%"
"20.10.2015","7.466,39","7.441,10","7.495,59","7.419,07","","0,26%"
"19.10.2015","7.447,05","7.469,35","7.492,82","7.428,06","","-0,42%"
"16.10.2015","7.478,22","7.500,28","7.524,59","7.457,28","","-0,40%"
"15.10.2015","7.508,23","7.511,93","7.558,55","7.462,52","","-0,20%"
"14.10.2015","7.523,26","7.409,64","7.556,20","7.384,82","","1,51%"
"13.10.2015","7.411,64","7.352,27","7.414,18","7.300,31","","0,70%"
"12.10.2015","7.359,98","7.330,44","7.394,10","7.316,15","","0,30%"
"09.10.2015","7.338,25","7.233,16","7.361,66","7.232,14","","1,40%"
"08.10.2015","7.237,25","7.277,57","7.316,66","7.220,07","","-0,60%"
"07.10.2015","7.280,60","7.288,31","7.332,98","7.255,64","","-0,16%"
"06.10.2015","7.292,30","7.216,17","7.318,35","7.212,04","","1,03%"
"05.10.2015","7.217,93","7.230,22","7.259,25","7.179,50","","-0,25%"
"02.10.2015","7.236,05","7.078,44","7.257,98","7.017,68","","2,24%"
"01.10.2015","7.077,74","7.083,95","7.114,23","7.059,82","","-0,14%"
"30.09.2015","7.087,91","7.170,47","7.179,40","7.064,88","","-1,20%"
"29.09.2015","7.173,69","7.208,19","7.226,35","7.150,68","","-0,50%"
"28.09.2015","7.209,74","7.300,44","7.319,20","7.181,76","","-1,32%"
"25.09.2015","7.306,23","7.362,17","7.365,02","7.268,89","","-0,82%"
"24.09.2015","7.366,36","7.213,53","7.383,53","7.213,47","","2,09%"
"23.09.2015","7.215,85","7.164,93","7.241,70","7.156,46","","0,63%"
"22.09.2015","7.170,84","7.214,24","7.249,65","7.146,25","","-0,65%"
"21.09.2015","7.218,10","7.248,50","7.261,15","7.194,11","","-0,43%"
"18.09.2015","7.249,60","7.196,98","7.267,43","7.167,93","","0,64%"
"17.09.2015","7.203,44","7.128,31","7.216,49","7.097,69","","1,00%"
"16.09.2015","7.131,97","7.036,87","7.165,35","7.027,96","","1,30%"
"15.09.2015","7.040,48","7.055,24","7.067,06","7.021,33","","-0,31%"
"14.09.2015","7.062,32","7.058,01","7.072,82","7.022,14","","0,01%"
"11.09.2015","7.061,59","7.080,77","7.098,37","7.000,33","","-0,30%"
"10.09.2015","7.082,90","7.061,09","7.112,49","7.037,44","","0,25%"
"09.09.2015","7.065,04","7.137,22","7.172,21","7.021,56","","-1,08%"
"08.09.2015","7.142,44","7.121,13","7.174,52","7.116,50","","0,22%"
"07.09.2015","7.126,47","7.135,60","7.162,20","7.101,28","","-0,05%"
"04.09.2015","7.130,34","7.149,58","7.183,34","7.096,83","","-0,32%"
"03.09.2015","7.152,90","7.203,03","7.210,66","7.126,07","","-0,76%"
"02.09.2015","7.207,91","7.252,29","7.270,90","7.192,61","","-0,68%"
"01.09.2015","7.257,44","7.234,27","7.303,64","7.231,02","","0,28%"
"31.08.2015","7.237,53","7.234,95","7.253,02","7.176,57","","-0,08%"
"28.08.2015","7.243,64","7.200,75","7.290,57","7.173,96","","0,55%"
"27.08.2015","7.204,10","7.210,75","7.240,23","7.157,85","","-0,14%"
"26.08.2015","7.214,30","7.312,52","7.355,56","7.161,65","","-1,41%"
"25.08.2015","7.317,12","7.393,81","7.419,67","7.273,73","","-1,08%"
"24.08.2015","7.397,11","7.435,87","7.479,65","7.339,96","","-0,28%"
"21.08.2015","7.417,77","7.357,51","7.478,74","7.337,10","","0,77%"
"20.08.2015","7.360,80","7.250,12","7.376,13","7.242,44","","1,47%"
"19.08.2015","7.254,47","7.143,31","7.257,02","7.134,05","","1,51%"
"18.08.2015","7.146,41","7.143,74","7.181,89","7.090,57","","0,00%"
"17.08.2015","7.146,40","7.119,03","7.181,56","7.114,88","","0,29%"
"14.08.2015","7.125,93","7.131,18","7.167,79","7.102,74","","-0,13%"
"13.08.2015","7.135,03","7.176,24","7.229,93","7.121,32","","-0,66%"
"12.08.2015","7.182,51","7.010,22","7.221,12","6.964,06","","2,40%"
"11.08.2015","7.014,29","6.856,42","7.080,44","6.818,85","","2,25%"
"10.08.2015","6.859,86","6.792,32","6.887,74","6.763,76","","0,96%"
"07.08.2015","6.794,40","6.762,94","6.830,05","6.722,53","","0,23%"
"06.08.2015","6.778,82","6.734,25","6.807,38","6.726,24","","0,61%"
"05.08.2015","6.737,50","6.751,85","6.781,90","6.721,58","","-0,22%"
"04.08.2015","6.752,63","6.740,97","6.799,81","6.709,12","","0,09%"
"03.08.2015","6.746,84","6.798,75","6.820,16","6.737,49","","-0,84%"
"31.07.2015","6.803,72","6.758,59","6.851,72","6.703,37","","0,61%"
"30.07.2015","6.762,28","6.806,57","6.828,70","6.716,77","","-0,69%"
"29.07.2015","6.809,38","6.798,26","6.841,35","6.766,65","","0,12%"
"28.07.2015","6.800,91","6.790,89","6.826,30","6.773,36","","0,09%"
"27.07.2015","6.794,49","6.825,17","6.866,09","6.760,41","","-0,45%"
"24.07.2015","6.824,91","6.769,16","6.845,10","6.686,55","","0,79%"
"23.07.2015","6.771,49","6.789,93","6.868,00","6.746,87","","-0,34%"
"22.07.2015","6.794,69","6.833,00","6.854,22","6.748,86","","-0,63%"
"21.07.2015","6.837,71","6.804,99","6.891,79","6.802,82","","0,41%"
"20.07.2015","6.809,92","7.033,92","7.038,85","6.755,13","","-3,34%"
"17.07.2015","7.044,99","7.108,27","7.119,16","7.019,95","","-0,94%"
"16.07.2015","7.111,60","7.132,91","7.138,64","7.091,76","","-0,36%"
"15.07.2015","7.137,23","7.171,47","7.184,48","7.098,64","","-0,54%"
"14.07.2015","7.176,24","7.186,81","7.203,64","7.155,89","","-0,18%"
"13.07.2015","7.189,17","7.220,68","7.232,14","7.144,16","","-0,50%"
"10.07.2015","7.225,45","7.194,22","7.236,89","7.185,53","","0,40%"
"09.07.2015","7.196,62","7.190,05","7.247,89","7.175,43","","0,10%"
"08.07.2015","7.189,49","7.174,13","7.234,05","7.119,33","","0,09%"
"07.07.2015","7.183,02","7.265,10","7.268,65","7.129,05","","-1,16%"
"06.07.2015","7.267,26","7.243,61","7.293,27","7.219,71","","0,22%"
"03.07.2015","7.251,23","7.233,71","7.265,90","7.224,78","","0,22%"
"02.07.2015","7.234,99","7.245,01","7.253,97","7.177,56","","-0,19%"
"01.07.2015","7.248,60","7.266,46","7.290,80","7.237,14","","-0,22%"
"30.06.2015","7.264,23","7.322,62","7.330,11","7.231,37","","-0,82%"
"29.06.2015","7.324,47","7.353,75","7.371,68","7.286,23","","0,36%"
"26.06.2015","7.298,51","7.282,14","7.320,98","7.252,50","","0,26%"
"25.06.2015","7.279,38","7.292,23","7.316,36","7.270,16","","-0,24%"
"24.06.2015","7.296,76","7.313,30","7.327,39","7.267,53","","-0,25%"
"23.06.2015","7.315,37","7.357,76","7.379,81","7.297,84","","-0,65%"
"22.06.2015","7.363,57","7.449,33","7.458,56","7.337,83","","-1,20%"