"Fecha","Último","Apertura","Máximo","Mínimo","Vol.","% var."
"01.03.2023","1.719,88","1.728,47","1.731,86","1.717,91","","-0,39%"
"28.02.2023","1.726,63","1.712,35","1.729,08","1.701,27","","0,92%"
"27.02.2023","1.710,96","1.718,01","1.719,84","1.710,98","","-0,33%"
"24.02.2023","1.716,56","1.719,36","1.724,65","1.714,50","","-0,08%"
"23.02.2023","1.718,01","1.723,25","1.726,94","1.714,77","","-0,28%"
"22.02.2023","1.722,77","1.723,22","1.734,47","1.719,65","","0,00%"
"21.02.2023","1.722,83","1.723,23","1.729,53","1.714,27","","-0,01%"
"20.02.2023","1.722,95","1.722,98","1.730,06","1.720,11","","0,08%"
"17.02.2023","1.721,51","1.720,15","1.725,27","1.709,23","","0,13%"
"16.02.2023","1.719,29","1.717,31","1.725,99","1.710,61","","0,19%"
"15.02.2023","1.715,99","1.727,35","1.733,31","1.708,71","","-0,58%"
"14.02.2023","1.726,02","1.728,63","1.736,42","1.719,30","","-0,13%"
"13.02.2023","1.728,26","1.746,30","1.748,49","1.726,42","","-0,99%"
"10.02.2023","1.745,61","1.733,77","1.747,96","1.727,92","","0,75%"
"09.02.2023","1.732,60","1.751,01","1.754,75","1.731,86","","-1,02%"
"08.02.2023","1.750,43","1.746,21","1.754,10","1.743,65","","0,28%"
"07.02.2023","1.745,54","1.741,61","1.758,54","1.740,44","","0,30%"
"06.02.2023","1.740,40","1.729,14","1.745,41","1.724,45","","0,73%"
"03.02.2023","1.727,81","1.752,71","1.761,18","1.719,88","","-1,39%"
"02.02.2023","1.752,17","1.774,12","1.782,00","1.751,39","","-1,20%"
"01.02.2023","1.773,45","1.775,10","1.778,72","1.759,48","","-0,08%"
"31.01.2023","1.774,92","1.773,15","1.778,36","1.753,94","","0,15%"
"30.01.2023","1.772,21","1.773,03","1.779,13","1.763,83","","-0,04%"
"27.01.2023","1.772,91","1.771,12","1.780,31","1.766,08","","0,13%"
"26.01.2023","1.770,61","1.782,62","1.785,64","1.768,07","","-0,64%"
"25.01.2023","1.781,95","1.778,88","1.784,81","1.766,70","","0,16%"
"24.01.2023","1.779,11","1.776,04","1.785,09","1.768,18","","0,21%"
"23.01.2023","1.775,37","1.774,36","1.778,56","1.758,76","","0,05%"
"20.01.2023","1.774,48","1.784,28","1.785,30","1.773,95","","-0,51%"
"19.01.2023","1.783,57","1.764,53","1.786,18","1.759,61","","1,12%"
"18.01.2023","1.763,77","1.769,05","1.774,47","1.759,77","","-0,28%"
"17.01.2023","1.768,68","1.772,90","1.773,96","1.757,92","","-0,23%"
"16.01.2023","1.772,68","1.772,61","1.775,67","1.764,97","","0,00%"
"13.01.2023","1.772,72","1.746,17","1.775,32","1.745,93","","1,55%"
"12.01.2023","1.745,59","1.743,57","1.759,36","1.737,37","","0,20%"
"11.01.2023","1.742,09","1.747,89","1.757,76","1.735,24","","-0,17%"
"10.01.2023","1.744,99","1.745,42","1.751,77","1.741,07","","0,05%"
"09.01.2023","1.744,14","1.754,32","1.761,35","1.738,96","","-0,47%"
"06.01.2023","1.752,32","1.742,15","1.762,88","1.739,65","","0,61%"
"05.01.2023","1.741,75","1.750,24","1.751,76","1.733,25","","-0,45%"
"04.01.2023","1.749,60","1.745,14","1.756,13","1.740,17","","0,35%"
"03.01.2023","1.743,51","1.710,46","1.748,37","1.708,85","","1,97%"
"02.01.2023","1.709,82","1.705,01","1.712,62","1.703,35","","0,34%"
"30.12.2022","1.704,09","1.702,30","1.712,59","1.696,75","","0,14%"
"29.12.2022","1.701,71","1.701,57","1.708,00","1.695,38","","0,12%"
"28.12.2022","1.699,59","1.704,57","1.706,48","1.691,01","","-0,21%"
"27.12.2022","1.703,19","1.690,48","1.721,42","1.688,54","","0,80%"
"26.12.2022","1.689,65","1.694,62","1.695,82","1.690,40","","-0,21%"
"23.12.2022","1.693,28","1.689,99","1.698,15","1.688,36","","0,28%"
"22.12.2022","1.688,49","1.710,74","1.714,60","1.686,41","","-1,27%"
"21.12.2022","1.710,17","1.710,95","1.717,19","1.705,60","","0,00%"
"20.12.2022","1.710,18","1.685,44","1.714,63","1.681,23","","1,53%"
"19.12.2022","1.684,40","1.692,39","1.694,57","1.682,13","","-0,52%"
"16.12.2022","1.693,12","1.674,05","1.694,71","1.666,84","","1,28%"
"15.12.2022","1.671,64","1.691,75","1.694,74","1.659,94","","-1,16%"
"14.12.2022","1.691,22","1.703,19","1.705,58","1.682,58","","-0,63%"
"13.12.2022","1.701,92","1.690,56","1.714,49","1.684,46","","0,71%"
"12.12.2022","1.689,95","1.706,73","1.707,36","1.688,42","","-0,91%"
"09.12.2022","1.705,54","1.694,57","1.712,49","1.693,28","","0,68%"
"08.12.2022","1.694,09","1.700,06","1.702,59","1.692,43","","-0,33%"
"07.12.2022","1.699,69","1.690,05","1.703,55","1.683,21","","0,66%"
"06.12.2022","1.688,61","1.686,21","1.694,57","1.682,45","","0,21%"
"05.12.2022","1.685,14","1.709,65","1.712,07","1.682,09","","-1,19%"
"02.12.2022","1.705,37","1.713,36","1.714,37","1.696,39","","-0,43%"
"01.12.2022","1.712,67","1.700,00","1.720,32","1.697,66","","0,84%"
"30.11.2022","1.698,40","1.693,99","1.703,26","1.688,57","","0,29%"
"29.11.2022","1.693,56","1.684,05","1.697,10","1.681,72","","0,61%"
"28.11.2022","1.683,37","1.691,82","1.693,77","1.672,16","","-0,32%"
"25.11.2022","1.688,76","1.686,29","1.690,40","1.679,99","","0,17%"
"24.11.2022","1.685,84","1.682,75","1.692,46","1.679,14","","0,22%"
"23.11.2022","1.682,21","1.688,75","1.690,67","1.673,69","","-0,34%"
"22.11.2022","1.688,02","1.696,77","1.704,64","1.686,18","","-0,46%"
"21.11.2022","1.695,84","1.696,03","1.704,80","1.691,42","","0,07%"
"18.11.2022","1.694,66","1.698,92","1.705,30","1.691,01","","-0,23%"
"17.11.2022","1.698,51","1.706,58","1.709,46","1.697,17","","-0,44%"
"16.11.2022","1.706,04","1.719,96","1.721,41","1.704,90","","-0,73%"
"15.11.2022","1.718,66","1.714,63","1.732,78","1.699,77","","0,36%"
"14.11.2022","1.712,56","1.708,40","1.719,46","1.701,81","","0,15%"
"11.11.2022","1.710,02","1.719,66","1.725,93","1.702,91","","-0,50%"
"10.11.2022","1.718,69","1.704,52","1.734,62","1.700,88","","0,89%"
"09.11.2022","1.703,54","1.700,48","1.712,55","1.693,04","","0,23%"
"08.11.2022","1.699,55","1.672,10","1.704,56","1.667,48","","1,68%"
"07.11.2022","1.671,51","1.696,46","1.698,43","1.669,59","","-0,91%"
"04.11.2022","1.686,94","1.670,02","1.691,90","1.669,05","","1,10%"
"03.11.2022","1.668,56","1.665,48","1.673,66","1.658,00","","0,21%"
"02.11.2022","1.665,02","1.668,82","1.676,90","1.663,22","","-0,21%"
"01.11.2022","1.668,51","1.652,35","1.671,31","1.649,73","","1,02%"
"31.10.2022","1.651,69","1.651,51","1.660,22","1.646,94","","0,13%"
"28.10.2022","1.649,59","1.668,93","1.670,22","1.646,80","","-1,10%"
"27.10.2022","1.667,87","1.651,65","1.669,98","1.648,90","","1,03%"
"26.10.2022","1.650,88","1.658,29","1.671,46","1.649,33","","-0,42%"
"25.10.2022","1.657,92","1.670,06","1.674,48","1.657,02","","-0,74%"
"24.10.2022","1.670,36","1.680,01","1.691,35","1.664,03","","-0,55%"
"21.10.2022","1.679,53","1.663,90","1.682,64","1.655,02","","1,01%"
"20.10.2022","1.662,71","1.666,44","1.674,13","1.661,41","","-0,21%"
"19.10.2022","1.666,15","1.676,40","1.677,44","1.664,62","","-0,56%"
"18.10.2022","1.675,55","1.677,19","1.685,29","1.672,98","","-0,04%"
"17.10.2022","1.676,23","1.688,36","1.709,16","1.673,09","","-0,84%"
"14.10.2022","1.690,40","1.705,11","1.709,13","1.686,82","","-0,81%"
"13.10.2022","1.704,12","1.723,86","1.726,99","1.693,80","","-1,08%"
"12.10.2022","1.722,73","1.716,73","1.728,86","1.713,86","","0,44%"
"11.10.2022","1.715,25","1.720,02","1.727,31","1.711,43","","-0,23%"
"10.10.2022","1.719,20","1.740,65","1.746,98","1.715,27","","-1,09%"
"07.10.2022","1.738,11","1.747,51","1.754,09","1.736,62","","-0,47%"
"06.10.2022","1.746,34","1.736,73","1.751,59","1.731,49","","0,63%"
"05.10.2022","1.735,42","1.728,52","1.737,84","1.716,67","","0,44%"
"04.10.2022","1.727,77","1.729,77","1.734,20","1.719,54","","-0,05%"
"03.10.2022","1.728,72","1.694,57","1.732,96","1.692,38","","2,10%"
"30.09.2022","1.693,14","1.691,76","1.714,75","1.688,91","","0,13%"
"29.09.2022","1.690,96","1.705,10","1.711,90","1.689,97","","-0,77%"
"28.09.2022","1.704,10","1.698,12","1.723,03","1.689,54","","0,44%"
"27.09.2022","1.696,63","1.687,77","1.704,98","1.687,18","","0,59%"
"26.09.2022","1.686,60","1.697,57","1.709,83","1.686,89","","-0,52%"
"23.09.2022","1.695,37","1.698,67","1.708,76","1.681,59","","-0,16%"
"22.09.2022","1.698,14","1.701,46","1.706,00","1.683,09","","-0,15%"
"21.09.2022","1.700,77","1.669,71","1.705,99","1.667,34","","1,90%"
"20.09.2022","1.669,01","1.671,93","1.676,14","1.663,15","","-0,15%"
"19.09.2022","1.671,44","1.673,30","1.676,72","1.661,74","","-0,01%"
"16.09.2022","1.671,68","1.664,68","1.680,38","1.659,84","","0,47%"
"15.09.2022","1.663,82","1.700,92","1.702,60","1.660,15","","-2,11%"
"14.09.2022","1.699,71","1.706,99","1.709,49","1.697,62","","-0,39%"
"13.09.2022","1.706,35","1.704,05","1.708,57","1.686,53","","0,20%"
"12.09.2022","1.702,91","1.703,42","1.714,43","1.690,19","","-0,36%"
"09.09.2022","1.709,04","1.708,87","1.719,71","1.702,20","","0,05%"
"08.09.2022","1.708,26","1.717,89","1.725,70","1.706,42","","-0,51%"
"07.09.2022","1.716,99","1.718,66","1.724,53","1.710,77","","-0,03%"
"06.09.2022","1.717,42","1.721,44","1.733,52","1.714,82","","-0,17%"
"05.09.2022","1.720,31","1.721,05","1.734,76","1.719,32","","0,04%"
"02.09.2022","1.719,56","1.707,04","1.721,99","1.702,03","","0,78%"
"01.09.2022","1.706,33","1.700,90","1.709,48","1.693,71","","0,40%"
"31.08.2022","1.699,52","1.721,67","1.722,41","1.700,52","","-1,22%"
"30.08.2022","1.720,44","1.737,62","1.739,88","1.718,13","","-0,95%"
"29.08.2022","1.736,86","1.740,74","1.747,42","1.725,46","","-0,34%"
"26.08.2022","1.742,79","1.763,10","1.766,26","1.733,23","","-1,10%"
"25.08.2022","1.762,22","1.757,24","1.769,40","1.753,26","","0,34%"
"24.08.2022","1.756,26","1.753,42","1.763,04","1.750,58","","0,19%"
"23.08.2022","1.752,90","1.746,38","1.756,19","1.743,97","","0,41%"
"22.08.2022","1.745,74","1.740,97","1.749,90","1.727,59","","0,42%"
"19.08.2022","1.738,38","1.742,74","1.748,32","1.736,40","","-0,22%"
"18.08.2022","1.742,16","1.732,29","1.746,44","1.730,05","","0,68%"
"17.08.2022","1.730,37","1.745,62","1.751,04","1.729,70","","-0,83%"
"16.08.2022","1.744,93","1.751,23","1.756,19","1.742,75","","-0,33%"
"15.08.2022","1.750,78","1.756,15","1.756,95","1.738,53","","-0,28%"
"12.08.2022","1.755,76","1.734,75","1.757,61","1.731,05","","1,28%"
"11.08.2022","1.733,62","1.740,45","1.741,10","1.728,60","","-0,34%"
"10.08.2022","1.739,54","1.756,90","1.758,32","1.735,59","","-0,93%"
"09.08.2022","1.755,84","1.754,84","1.759,71","1.746,53","","0,12%"
"08.08.2022","1.753,69","1.744,02","1.756,20","1.738,72","","0,65%"
"05.08.2022","1.742,30","1.748,29","1.754,44","1.736,75","","-0,29%"
"04.08.2022","1.747,33","1.736,84","1.757,93","1.734,55","","0,67%"
"03.08.2022","1.735,70","1.731,70","1.741,50","1.726,82","","0,27%"
"02.08.2022","1.731,08","1.727,09","1.752,44","1.723,87","","0,29%"
"01.08.2022","1.726,05","1.728,54","1.734,27","1.717,76","","-0,07%"
"29.07.2022","1.727,24","1.721,89","1.732,62","1.718,28","","0,34%"
"28.07.2022","1.721,31","1.700,68","1.729,57","1.698,49","","1,32%"
"27.07.2022","1.698,92","1.697,72","1.706,24","1.688,45","","0,13%"
"26.07.2022","1.696,67","1.682,77","1.700,99","1.680,53","","0,90%"
"25.07.2022","1.681,58","1.691,60","1.696,48","1.675,01","","-0,51%"
"22.07.2022","1.690,12","1.680,10","1.700,89","1.678,98","","0,69%"
"21.07.2022","1.678,52","1.666,86","1.685,63","1.643,58","","0,74%"
"20.07.2022","1.666,13","1.673,88","1.681,98","1.662,62","","-0,39%"
"19.07.2022","1.672,57","1.685,07","1.689,00","1.666,57","","-0,68%"
"18.07.2022","1.683,94","1.693,39","1.702,29","1.680,07","","-0,48%"
"15.07.2022","1.692,04","1.706,73","1.710,76","1.687,34","","-0,81%"
"14.07.2022","1.705,88","1.724,93","1.727,89","1.701,17","","-1,05%"
"13.07.2022","1.723,96","1.719,61","1.728,26","1.703,11","","0,31%"
"12.07.2022","1.718,64","1.726,95","1.740,19","1.715,39","","-0,43%"
"11.07.2022","1.726,11","1.713,09","1.732,29","1.709,75","","0,93%"
"08.07.2022","1.710,21","1.712,78","1.726,41","1.708,84","","-0,06%"
"07.07.2022","1.711,24","1.708,07","1.718,36","1.704,02","","0,27%"
"06.07.2022","1.706,59","1.718,78","1.737,14","1.702,24","","-0,69%"
"05.07.2022","1.718,44","1.736,86","1.754,91","1.718,62","","-0,98%"
"04.07.2022","1.735,36","1.737,51","1.739,47","1.725,24","","-0,03%"
"01.07.2022","1.735,86","1.724,10","1.741,78","1.709,51","","0,75%"
"30.06.2022","1.722,87","1.741,04","1.755,20","1.721,81","","-0,99%"
"29.06.2022","1.740,18","1.730,17","1.745,79","1.723,28","","0,68%"
"28.06.2022","1.728,49","1.722,00","1.736,29","1.719,72","","0,42%"
"27.06.2022","1.721,26","1.731,11","1.741,98","1.715,03","","-0,50%"
"24.06.2022","1.729,89","1.731,40","1.741,03","1.726,11","","-0,05%"
"23.06.2022","1.730,83","1.739,16","1.754,11","1.731,39","","-0,43%"
"22.06.2022","1.738,23","1.740,95","1.756,55","1.734,09","","-0,11%"
"21.06.2022","1.740,23","1.749,55","1.750,40","1.733,32","","-0,48%"
"20.06.2022","1.748,59","1.757,40","1.757,40","1.743,11","","-0,15%"
"17.06.2022","1.751,30","1.760,28","1.766,20","1.747,98","","-0,49%"
"16.06.2022","1.759,94","1.755,84","1.765,92","1.742,51","","0,30%"
"15.06.2022","1.754,63","1.735,98","1.762,64","1.732,37","","1,15%"
"14.06.2022","1.734,71","1.747,54","1.754,96","1.733,92","","-0,72%"
"13.06.2022","1.747,22","1.780,05","1.789,74","1.742,07","","-1,78%"
"10.06.2022","1.778,81","1.740,52","1.784,82","1.730,75","","2,23%"
"09.06.2022","1.740,06","1.729,35","1.741,84","1.715,84","","0,65%"
"08.06.2022","1.728,80","1.731,13","1.733,24","1.719,28","","-0,07%"
"07.06.2022","1.730,08","1.721,65","1.735,91","1.719,13","","0,53%"
"06.06.2022","1.721,01","1.726,50","1.732,46","1.720,58","","-0,31%"
"03.06.2022","1.726,30","1.738,88","1.742,16","1.722,84","","-0,64%"
"02.06.2022","1.737,48","1.734,17","1.746,49","1.730,04","","0,25%"
"01.06.2022","1.733,09","1.711,24","1.738,23","1.704,76","","1,30%"
"31.05.2022","1.710,80","1.722,41","1.733,32","1.709,28","","-0,64%"
"30.05.2022","1.721,74","1.726,57","1.733,87","1.718,75","","-0,30%"
"27.05.2022","1.726,97","1.725,20","1.738,11","1.720,53","","0,13%"
"26.05.2022","1.724,71","1.735,19","1.736,02","1.718,18","","-0,55%"
"25.05.2022","1.734,17","1.740,01","1.744,70","1.728,82","","-0,22%"
"24.05.2022","1.738,04","1.733,73","1.742,40","1.728,27","","0,30%"
"23.05.2022","1.732,90","1.746,77","1.753,05","1.730,05","","-0,84%"
"20.05.2022","1.747,58","1.739,61","1.751,13","1.736,31","","0,50%"
"19.05.2022","1.738,83","1.735,45","1.748,00","1.726,11","","0,25%"
"18.05.2022","1.734,49","1.720,61","1.740,26","1.716,14","","0,88%"
"17.05.2022","1.719,33","1.748,33","1.752,64","1.718,88","","-1,62%"
"16.05.2022","1.747,57","1.741,21","1.751,66","1.716,12","","0,52%"
"13.05.2022","1.738,54","1.755,27","1.759,30","1.735,69","","-0,91%"
"12.05.2022","1.754,59","1.762,20","1.776,72","1.754,14","","-0,38%"
"11.05.2022","1.761,27","1.746,03","1.764,17","1.738,72","","0,92%"
"10.05.2022","1.745,20","1.756,23","1.766,62","1.742,03","","-0,57%"
"09.05.2022","1.755,28","1.785,14","1.789,67","1.753,02","","-1,60%"
"06.05.2022","1.783,88","1.780,49","1.789,57","1.772,99","","0,25%"
"05.05.2022","1.779,39","1.771,05","1.809,89","1.770,26","","0,52%"
"04.05.2022","1.770,16","1.776,48","1.782,94","1.766,49","","-0,23%"
"03.05.2022","1.774,32","1.773,53","1.782,30","1.756,91","","0,08%"
"02.05.2022","1.772,84","1.797,95","1.802,39","1.762,45","","-1,42%"
"29.04.2022","1.798,42","1.804,90","1.821,24","1.795,41","","-0,28%"
"28.04.2022","1.803,46","1.786,54","1.805,67","1.781,12","","0,99%"
"27.04.2022","1.785,83","1.791,30","1.802,88","1.778,11","","-0,26%"
"26.04.2022","1.790,57","1.771,68","1.792,75","1.768,87","","1,13%"
"25.04.2022","1.770,59","1.780,87","1.792,24","1.760,82","","-1,01%"
"22.04.2022","1.788,62","1.800,55","1.808,95","1.782,63","","-0,62%"
"21.04.2022","1.799,72","1.804,30","1.806,15","1.778,58","","-0,18%"
"20.04.2022","1.802,94","1.807,76","1.808,95","1.792,03","","-0,23%"
"19.04.2022","1.807,09","1.835,25","1.837,49","1.802,30","","-1,51%"
"18.04.2022","1.834,72","1.827,68","1.848,59","1.823,69","","0,45%"
"15.04.2022","1.826,58","1.823,00","1.828,91","1.821,77","","0,28%"
"14.04.2022","1.821,52","1.816,82","1.831,52","1.802,59","","0,30%"
"13.04.2022","1.816,11","1.816,62","1.831,57","1.813,26","","0,04%"
"12.04.2022","1.815,41","1.795,15","1.822,31","1.792,85","","1,18%"
"11.04.2022","1.794,15","1.780,38","1.807,96","1.777,71","","0,27%"
"08.04.2022","1.789,37","1.775,51","1.796,45","1.773,93","","0,81%"
"07.04.2022","1.775,06","1.767,11","1.779,93","1.759,22","","0,49%"
"06.04.2022","1.766,39","1.764,05","1.771,35","1.756,84","","0,19%"
"05.04.2022","1.762,99","1.761,28","1.773,66","1.753,21","","0,13%"
"04.04.2022","1.760,76","1.744,09","1.763,75","1.733,69","","1,17%"
"01.04.2022","1.740,41","1.750,38","1.753,77","1.737,45","","-0,50%"
"31.03.2022","1.749,11","1.732,12","1.758,54","1.719,62","","1,03%"
"30.03.2022","1.731,20","1.731,34","1.736,87","1.717,80","","0,04%"
"29.03.2022","1.730,44","1.751,18","1.755,53","1.698,87","","-1,12%"
"28.03.2022","1.750,04","1.782,15","1.785,10","1.745,92","","-1,81%"
"25.03.2022","1.782,24","1.780,53","1.783,81","1.764,40","","0,15%"
"24.03.2022","1.779,61","1.766,73","1.789,61","1.763,26","","0,77%"
"23.03.2022","1.765,95","1.742,45","1.770,72","1.737,18","","1,41%"
"22.03.2022","1.741,47","1.757,17","1.765,97","1.731,36","","-0,86%"
"21.03.2022","1.756,66","1.737,30","1.762,05","1.735,53","","1,07%"
"18.03.2022","1.738,11","1.751,87","1.760,97","1.734,86","","-0,73%"
"17.03.2022","1.750,91","1.746,05","1.764,77","1.742,10","","0,31%"
"16.03.2022","1.745,50","1.751,12","1.756,07","1.726,40","","-0,27%"
"15.03.2022","1.750,15","1.782,86","1.788,20","1.736,00","","-1,79%"
"14.03.2022","1.782,00","1.814,56","1.823,32","1.778,55","","-2,04%"
"11.03.2022","1.819,20","1.817,82","1.822,99","1.779,55","","0,14%"
"10.03.2022","1.816,68","1.798,42","1.825,30","1.783,27","","1,08%"
"09.03.2022","1.797,25","1.880,24","1.887,46","1.788,21","","-4,40%"
"08.03.2022","1.879,89","1.840,88","1.902,73","1.822,51","","2,17%"
"07.03.2022","1.839,89","1.797,59","1.851,60","1.796,07","","2,14%"
"04.03.2022","1.801,29","1.749,49","1.805,02","1.747,28","","3,00%"
"03.03.2022","1.748,82","1.734,62","1.755,39","1.730,82","","0,89%"
"02.03.2022","1.733,34","1.748,45","1.756,61","1.720,61","","-0,81%"
"01.03.2022","1.747,50","1.701,05","1.751,45","1.696,99","","2,77%"
"28.02.2022","1.700,34","1.688,87","1.730,22","1.684,51","","1,53%"
"25.02.2022","1.674,71","1.701,12","1.717,05","1.672,06","","-1,48%"
"24.02.2022","1.699,95","1.687,24","1.768,43","1.677,42","","0,77%"
"23.02.2022","1.686,99","1.676,02","1.690,35","1.665,30","","0,69%"
"22.02.2022","1.675,40","1.685,20","1.694,29","1.666,19","","-0,57%"
"21.02.2022","1.684,96","1.677,69","1.686,26","1.659,05","","0,55%"
"18.02.2022","1.675,82","1.670,76","1.677,39","1.659,41","","0,32%"
"17.02.2022","1.670,44","1.643,80","1.673,48","1.640,39","","1,66%"
"16.02.2022","1.643,24","1.631,82","1.645,56","1.627,71","","0,73%"
"15.02.2022","1.631,33","1.655,21","1.661,06","1.624,52","","-1,40%"
"14.02.2022","1.654,43","1.640,13","1.659,77","1.631,10","","0,98%"
"11.02.2022","1.638,30","1.598,51","1.645,49","1.597,92","","2,53%"
"10.02.2022","1.597,91","1.603,99","1.611,18","1.596,00","","-0,38%"
"09.02.2022","1.603,96","1.599,39","1.606,57","1.595,70","","0,31%"
"08.02.2022","1.599,06","1.591,01","1.603,06","1.589,67","","0,53%"
"07.02.2022","1.590,57","1.576,39","1.595,24","1.575,82","","0,76%"
"04.02.2022","1.578,60","1.577,76","1.584,48","1.566,50","","0,11%"
"03.02.2022","1.576,90","1.598,41","1.601,09","1.569,80","","-1,30%"
"02.02.2022","1.597,73","1.598,19","1.602,80","1.591,02","","0,02%"
"01.02.2022","1.597,35","1.599,89","1.608,07","1.596,43","","-0,10%"
"31.01.2022","1.598,98","1.607,15","1.608,56","1.597,28","","-0,48%"
"28.01.2022","1.606,74","1.612,74","1.615,46","1.596,11","","-0,32%"
"27.01.2022","1.611,90","1.618,87","1.624,96","1.606,72","","-0,39%"
"26.01.2022","1.618,22","1.635,38","1.639,55","1.613,96","","-1,00%"
"25.01.2022","1.634,60","1.627,53","1.643,31","1.625,04","","0,48%"
"24.01.2022","1.626,83","1.616,64","1.630,77","1.615,07","","0,67%"
"21.01.2022","1.616,04","1.626,10","1.627,46","1.611,84","","-0,58%"
"20.01.2022","1.625,41","1.622,51","1.629,84","1.617,55","","0,23%"
"19.01.2022","1.621,64","1.601,32","1.624,63","1.597,49","","1,32%"
"18.01.2022","1.600,57","1.594,91","1.605,32","1.587,11","","0,41%"
"17.01.2022","1.594,07","1.592,39","1.598,84","1.589,38","","0,16%"
"14.01.2022","1.591,54","1.590,93","1.597,47","1.588,13","","0,07%"
"13.01.2022","1.590,44","1.595,94","1.597,70","1.580,98","","-0,30%"
"12.01.2022","1.595,24","1.602,80","1.603,10","1.592,80","","-0,43%"
"11.01.2022","1.602,17","1.590,63","1.604,41","1.588,90","","0,76%"
"10.01.2022","1.590,01","1.582,10","1.591,29","1.578,77","","0,62%"
"07.01.2022","1.580,24","1.586,01","1.588,09","1.575,14","","-0,30%"
"06.01.2022","1.584,95","1.599,92","1.602,17","1.578,63","","-0,88%"
"05.01.2022","1.599,00","1.607,65","1.614,55","1.598,56","","-0,48%"
"04.01.2022","1.606,69","1.594,59","1.609,58","1.594,02","","0,82%"
"03.01.2022","1.593,64","1.609,06","1.612,20","1.590,69","","-0,88%"
"31.12.2021","1.607,80","1.603,07","1.613,33","1.600,82","","0,35%"
"30.12.2021","1.602,16","1.589,87","1.605,60","1.586,11","","0,83%"
"29.12.2021","1.589,05","1.596,87","1.600,55","1.579,86","","-0,45%"
"28.12.2021","1.596,31","1.599,74","1.607,66","1.595,38","","-0,16%"
"27.12.2021","1.598,93","1.597,80","1.603,04","1.593,82","","0,11%"
"24.12.2021","1.597,13","1.596,51","1.613,16","1.589,07","","0,07%"
"23.12.2021","1.596,02","1.592,38","1.601,22","1.590,16","","0,28%"
"22.12.2021","1.591,53","1.585,23","1.592,99","1.581,66","","0,47%"
"21.12.2021","1.584,11","1.587,87","1.594,46","1.582,80","","-0,19%"
"20.12.2021","1.587,10","1.599,53","1.603,59","1.585,29","","-0,75%"
"17.12.2021","1.599,08","1.588,18","1.602,80","1.586,09","","0,73%"
"16.12.2021","1.587,53","1.574,43","1.591,18","1.571,67","","0,92%"
"15.12.2021","1.573,12","1.572,62","1.577,07","1.558,97","","0,09%"
"14.12.2021","1.571,70","1.583,32","1.586,83","1.562,93","","-0,70%"
"13.12.2021","1.582,79","1.575,48","1.587,93","1.574,90","","0,47%"
"10.12.2021","1.575,35","1.571,91","1.584,20","1.566,89","","0,27%"
"09.12.2021","1.571,18","1.572,12","1.579,06","1.567,48","","-0,02%"
"08.12.2021","1.571,53","1.583,52","1.588,35","1.570,71","","-0,72%"
"07.12.2021","1.582,95","1.575,60","1.589,48","1.573,48","","0,48%"
"06.12.2021","1.575,31","1.575,90","1.583,41","1.572,30","","-0,05%"
"03.12.2021","1.576,16","1.564,78","1.579,77","1.562,91","","0,75%"
"02.12.2021","1.564,50","1.574,10","1.575,63","1.554,97","","-0,58%"
"01.12.2021","1.573,59","1.565,24","1.583,35","1.563,76","","0,59%"
"30.11.2021","1.564,31","1.580,36","1.591,09","1.561,20","","-0,98%"
"29.11.2021","1.579,79","1.585,55","1.596,55","1.578,82","","-0,19%"
"26.11.2021","1.582,73","1.595,85","1.610,11","1.575,29","","-0,79%"
"25.11.2021","1.595,40","1.597,37","1.600,85","1.593,66","","-0,08%"
"24.11.2021","1.596,69","1.590,59","1.601,08","1.588,44","","0,43%"
"23.11.2021","1.589,86","1.606,07","1.612,53","1.581,46","","-0,97%"
"22.11.2021","1.605,44","1.634,30","1.640,60","1.603,38","","-1,76%"
"19.11.2021","1.634,24","1.634,86","1.654,21","1.631,88","","0,01%"
"18.11.2021","1.634,12","1.649,83","1.652,68","1.632,42","","-0,92%"
"17.11.2021","1.649,28","1.634,66","1.651,86","1.633,62","","0,94%"
"16.11.2021","1.633,92","1.638,55","1.651,44","1.632,51","","-0,23%"
"15.11.2021","1.637,67","1.628,16","1.641,08","1.619,64","","0,63%"
"12.11.2021","1.627,42","1.626,23","1.632,50","1.612,10","","0,13%"
"11.11.2021","1.625,36","1.610,56","1.628,33","1.605,75","","0,95%"
"10.11.2021","1.610,08","1.580,13","1.615,79","1.574,35","","1,94%"
"09.11.2021","1.579,38","1.573,95","1.580,91","1.567,82","","0,38%"
"08.11.2021","1.573,33","1.573,11","1.577,68","1.565,71","","0,14%"
"05.11.2021","1.571,17","1.550,42","1.572,82","1.549,00","","1,38%"
"04.11.2021","1.549,71","1.523,88","1.558,34","1.523,21","","1,75%"
"03.11.2021","1.523,07","1.543,96","1.544,51","1.518,99","","-1,31%"
"02.11.2021","1.543,30","1.544,90","1.549,57","1.541,06","","-0,09%"
"01.11.2021","1.544,63","1.542,86","1.552,74","1.538,78","","0,20%"
"29.10.2021","1.541,55","1.539,93","1.544,08","1.523,93","","0,16%"
"28.10.2021","1.539,15","1.548,24","1.559,71","1.535,15","","-0,55%"
"27.10.2021","1.547,61","1.546,00","1.550,53","1.536,55","","0,13%"
"26.10.2021","1.545,64","1.557,42","1.558,00","1.535,53","","-0,70%"
"25.10.2021","1.556,58","1.539,92","1.559,25","1.538,93","","1,18%"
"22.10.2021","1.538,49","1.533,85","1.557,87","1.533,15","","0,35%"
"21.10.2021","1.533,15","1.529,74","1.536,33","1.526,12","","0,28%"
"20.10.2021","1.528,87","1.520,82","1.536,78","1.518,80","","0,57%"
"19.10.2021","1.520,16","1.519,85","1.532,84","1.517,83","","0,07%"
"18.10.2021","1.519,15","1.524,19","1.529,72","1.517,91","","-0,27%"
"15.10.2021","1.523,23","1.548,20","1.549,91","1.521,66","","-1,59%"
"14.10.2021","1.547,89","1.546,64","1.552,87","1.540,78","","0,11%"
"13.10.2021","1.546,22","1.526,63","1.552,43","1.522,88","","1,34%"
"12.10.2021","1.525,79","1.517,96","1.533,66","1.515,50","","0,53%"
"11.10.2021","1.517,69","1.517,56","1.521,55","1.513,03","","0,00%"
"08.10.2021","1.517,75","1.519,52","1.540,19","1.516,40","","-0,08%"
"07.10.2021","1.518,91","1.525,53","1.528,46","1.516,02","","-0,36%"
"06.10.2021","1.524,47","1.516,89","1.528,22","1.509,81","","0,50%"
"05.10.2021","1.516,82","1.522,62","1.524,23","1.509,26","","-0,32%"
"04.10.2021","1.521,63","1.518,82","1.523,62","1.502,86","","0,25%"
"01.10.2021","1.517,82","1.517,19","1.521,71","1.507,95","","0,12%"
"30.09.2021","1.516,00","1.488,88","1.521,94","1.487,96","","1,87%"
"29.09.2021","1.488,22","1.484,21","1.497,73","1.483,22","","0,32%"
"28.09.2021","1.483,51","1.496,32","1.501,19","1.479,17","","-0,83%"
"27.09.2021","1.495,88","1.493,02","1.503,98","1.491,12","","0,18%"
"24.09.2021","1.493,25","1.484,83","1.498,09","1.483,96","","0,61%"
"23.09.2021","1.484,23","1.512,79","1.516,59","1.480,40","","-1,84%"
"22.09.2021","1.512,05","1.513,39","1.521,95","1.508,99","","-0,03%"
"21.09.2021","1.512,57","1.504,73","1.520,91","1.498,05","","0,58%"
"20.09.2021","1.503,87","1.495,68","1.507,94","1.487,45","","0,58%"
"17.09.2021","1.495,17","1.490,69","1.501,15","1.487,18","","0,40%"
"16.09.2021","1.489,20","1.518,02","1.520,38","1.484,93","","-1,83%"
"15.09.2021","1.516,96","1.528,59","1.529,50","1.515,38","","-0,74%"
"14.09.2021","1.528,26","1.518,84","1.530,07","1.508,57","","0,67%"
"13.09.2021","1.518,11","1.513,25","1.524,48","1.511,00","","0,37%"
"10.09.2021","1.512,50","1.517,46","1.525,71","1.512,91","","-0,29%"
"09.09.2021","1.516,86","1.513,96","1.522,83","1.510,82","","0,23%"
"08.09.2021","1.513,40","1.515,37","1.524,22","1.508,90","","-0,10%"
"07.09.2021","1.514,91","1.536,04","1.538,19","1.513,48","","-1,34%"
"06.09.2021","1.535,54","1.538,17","1.540,85","1.533,98","","-0,13%"
"03.09.2021","1.537,48","1.523,82","1.543,48","1.522,64","","0,95%"
"02.09.2021","1.522,94","1.532,27","1.533,76","1.522,45","","-0,58%"
"01.09.2021","1.531,83","1.536,20","1.540,27","1.525,57","","-0,19%"
"31.08.2021","1.534,69","1.534,55","1.538,63","1.524,07","","0,07%"
"30.08.2021","1.533,60","1.540,94","1.544,72","1.531,67","","-0,42%"
"27.08.2021","1.540,04","1.525,14","1.542,57","1.520,94","","1,02%"
"26.08.2021","1.524,55","1.521,22","1.529,33","1.514,30","","0,28%"
"25.08.2021","1.520,29","1.533,95","1.534,18","1.517,11","","-0,84%"
"24.08.2021","1.533,21","1.537,03","1.540,62","1.532,82","","-0,22%"
"23.08.2021","1.536,55","1.523,22","1.539,29","1.517,13","","0,94%"
"20.08.2021","1.522,22","1.524,74","1.531,48","1.521,10","","-0,11%"
"19.08.2021","1.523,89","1.526,54","1.532,12","1.519,74","","-0,13%"
"18.08.2021","1.525,87","1.525,11","1.530,32","1.518,48","","0,09%"
"17.08.2021","1.524,46","1.517,71","1.527,47","1.514,97","","0,51%"
"16.08.2021","1.516,75","1.509,02","1.518,76","1.503,00","","0,57%"
"13.08.2021","1.508,09","1.494,50","1.509,56","1.492,40","","0,97%"
"12.08.2021","1.493,56","1.492,29","1.498,30","1.484,77","","0,13%"
"11.08.2021","1.491,58","1.475,34","1.494,06","1.471,54","","1,15%"
"10.08.2021","1.474,65","1.473,46","1.480,85","1.466,04","","0,13%"
"09.08.2021","1.472,69","1.498,98","1.500,82","1.433,42","","-1,76%"
"06.08.2021","1.499,05","1.524,72","1.527,85","1.495,24","","-1,63%"
"05.08.2021","1.523,82","1.531,38","1.531,98","1.518,78","","-0,41%"
"04.08.2021","1.530,10","1.525,95","1.540,33","1.524,69","","0,29%"
"03.08.2021","1.525,65","1.527,96","1.530,10","1.520,57","","-0,12%"
"02.08.2021","1.527,41","1.529,07","1.533,73","1.518,70","","-0,01%"
"30.07.2021","1.527,62","1.537,88","1.540,82","1.526,43","","-0,62%"
"29.07.2021","1.537,08","1.525,83","1.542,81","1.524,79","","0,78%"
"28.07.2021","1.525,15","1.522,36","1.530,02","1.519,66","","0,21%"
"27.07.2021","1.521,94","1.522,79","1.529,10","1.517,88","","-0,02%"
"26.07.2021","1.522,32","1.530,26","1.537,53","1.520,47","","-0,49%"
"23.07.2021","1.529,80","1.535,30","1.537,36","1.522,77","","-0,30%"
"22.07.2021","1.534,40","1.529,33","1.536,79","1.518,99","","0,41%"
"21.07.2021","1.528,09","1.536,45","1.542,34","1.525,40","","-0,51%"
"20.07.2021","1.535,85","1.536,82","1.551,66","1.533,48","","0,02%"
"19.07.2021","1.535,58","1.534,46","1.539,16","1.524,46","","0,12%"
"16.07.2021","1.533,74","1.548,58","1.551,19","1.531,88","","-0,90%"
"15.07.2021","1.547,64","1.543,76","1.550,64","1.540,06","","0,29%"
"14.07.2021","1.543,11","1.535,11","1.548,47","1.532,22","","0,56%"
"13.07.2021","1.534,52","1.523,14","1.537,47","1.521,43","","0,83%"
"12.07.2021","1.521,95","1.523,74","1.524,92","1.509,54","","0,00%"
"09.07.2021","1.521,92","1.522,13","1.527,46","1.515,70","","0,03%"
"08.07.2021","1.521,41","1.529,75","1.536,94","1.513,52","","-0,49%"
"07.07.2021","1.528,95","1.519,81","1.532,55","1.517,48","","0,65%"
"06.07.2021","1.519,08","1.510,48","1.532,95","1.509,51","","0,60%"
"05.07.2021","1.510,00","1.506,82","1.512,69","1.504,37","","0,29%"
"02.07.2021","1.505,64","1.499,20","1.514,76","1.498,06","","0,48%"
"01.07.2021","1.498,47","1.493,03","1.503,11","1.489,67","","0,41%"
"30.06.2021","1.492,40","1.480,34","1.497,78","1.473,44","","0,86%"
"29.06.2021","1.479,70","1.491,20","1.494,14","1.472,49","","-0,73%"
"28.06.2021","1.490,52","1.492,54","1.497,74","1.484,96","","-0,08%"
"25.06.2021","1.491,74","1.487,95","1.497,28","1.485,96","","0,30%"
"24.06.2021","1.487,25","1.491,22","1.498,86","1.485,73","","-0,24%"
"23.06.2021","1.490,79","1.489,85","1.500,60","1.487,27","","0,11%"
"22.06.2021","1.489,17","1.496,13","1.502,97","1.486,31","","-0,44%"
"21.06.2021","1.495,69","1.486,64","1.502,49","1.486,14","","0,63%"
"18.06.2021","1.486,34","1.489,20","1.508,05","1.483,98","","-0,12%"
"17.06.2021","1.488,11","1.510,21","1.521,11","1.482,22","","-1,45%"
"16.06.2021","1.510,01","1.532,78","1.539,32","1.504,00","","-1,46%"
"15.06.2021","1.532,34","1.539,93","1.542,39","1.526,90","","-0,46%"
"14.06.2021","1.539,40","1.550,49","1.551,37","1.522,44","","-0,69%"
"11.06.2021","1.550,03","1.559,89","1.562,28","1.548,55","","-0,59%"
"10.06.2021","1.559,21","1.550,59","1.560,64","1.537,18","","0,60%"
"09.06.2021","1.549,95","1.555,01","1.557,67","1.548,10","","-0,29%"
"08.06.2021","1.554,48","1.558,34","1.562,29","1.545,78","","-0,19%"
"07.06.2021","1.557,51","1.554,05","1.558,81","1.547,53","","0,23%"
"04.06.2021","1.553,97","1.542,20","1.557,97","1.530,87","","0,79%"
"03.06.2021","1.541,86","1.562,94","1.564,05","1.535,99","","-1,30%"
"02.06.2021","1.562,24","1.555,99","1.565,35","1.550,71","","0,44%"
"01.06.2021","1.555,37","1.560,63","1.567,29","1.544,94","","-0,31%"
"31.05.2021","1.560,15","1.561,39","1.566,49","1.557,12","","-0,03%"
"28.05.2021","1.560,62","1.555,52","1.564,41","1.549,03","","0,35%"
"27.05.2021","1.555,18","1.555,76","1.560,74","1.547,84","","0,00%"
"26.05.2021","1.555,22","1.550,07","1.564,80","1.548,78","","0,37%"
"25.05.2021","1.549,53","1.539,21","1.551,98","1.531,52","","0,74%"
"24.05.2021","1.538,22","1.544,84","1.549,28","1.535,77","","-0,36%"
"21.05.2021","1.543,84","1.535,35","1.549,22","1.528,95","","0,59%"
"20.05.2021","1.534,82","1.536,07","1.542,91","1.530,15","","-0,01%"
"19.05.2021","1.534,90","1.529,57","1.545,29","1.517,78","","0,38%"
"18.05.2021","1.529,11","1.536,14","1.540,20","1.525,66","","-0,41%"
"17.05.2021","1.535,41","1.518,28","1.537,64","1.516,44","","1,18%"
"14.05.2021","1.517,51","1.512,33","1.519,72","1.506,32","","0,41%"
"13.05.2021","1.511,25","1.503,95","1.513,74","1.499,62","","0,54%"
"12.05.2021","1.503,19","1.512,51","1.518,60","1.501,51","","-0,58%"
"11.05.2021","1.511,93","1.513,69","1.515,25","1.495,37","","-0,07%"
"10.05.2021","1.512,98","1.505,66","1.516,26","1.504,30","","0,54%"
"07.05.2021","1.504,78","1.504,85","1.519,36","1.502,91","","0,08%"
"06.05.2021","1.503,64","1.488,34","1.508,46","1.484,68","","1,07%"
"05.05.2021","1.487,77","1.480,55","1.489,73","1.475,75","","0,53%"
"04.05.2021","1.479,98","1.486,20","1.496,40","1.473,99","","-0,39%"
"03.05.2021","1.485,75","1.470,53","1.489,54","1.468,46","","0,99%"
"30.04.2021","1.471,13","1.462,13","1.473,28","1.456,42","","0,64%"
"29.04.2021","1.461,81","1.469,28","1.474,57","1.450,74","","-0,48%"
"28.04.2021","1.468,85","1.469,20","1.470,79","1.460,68","","0,02%"
"27.04.2021","1.468,53","1.474,67","1.478,07","1.468,20","","-0,37%"
"26.04.2021","1.473,98","1.470,36","1.474,73","1.463,98","","0,38%"
"23.04.2021","1.468,47","1.484,72","1.488,86","1.467,22","","-1,06%"
"22.04.2021","1.484,22","1.490,23","1.493,37","1.475,54","","-0,37%"
"21.04.2021","1.489,77","1.477,87","1.497,25","1.475,91","","0,84%"
"20.04.2021","1.477,43","1.471,79","1.480,00","1.462,25","","0,41%"
"19.04.2021","1.471,35","1.482,55","1.490,86","1.468,41","","-0,69%"
"16.04.2021","1.481,60","1.473,63","1.489,26","1.470,72","","0,59%"
"15.04.2021","1.472,96","1.449,46","1.479,68","1.447,80","","1,66%"
"14.04.2021","1.448,89","1.460,79","1.463,35","1.447,50","","-0,76%"
"13.04.2021","1.459,97","1.454,83","1.465,57","1.449,08","","0,39%"
"12.04.2021","1.454,26","1.466,74","1.466,99","1.450,81","","-0,68%"
"09.04.2021","1.464,17","1.474,52","1.475,48","1.458,01","","-0,61%"
"08.04.2021","1.473,09","1.464,27","1.478,25","1.461,04","","0,69%"
"07.04.2021","1.463,02","1.468,88","1.469,59","1.456,46","","-0,30%"
"06.04.2021","1.467,49","1.462,71","1.473,94","1.461,55","","0,37%"
"05.04.2021","1.462,03","1.470,41","1.471,43","1.460,02","","-0,50%"
"02.04.2021","1.469,35","1.469,09","1.471,98","1.466,91","","0,10%"
"01.04.2021","1.467,86","1.455,73","1.472,13","1.453,97","","0,87%"
"31.03.2021","1.455,22","1.438,37","1.460,80","1.432,78","","1,23%"
"30.03.2021","1.437,52","1.455,54","1.457,13","1.430,88","","-1,16%"
"29.03.2021","1.454,44","1.468,90","1.470,29","1.448,25","","-0,95%"
"26.03.2021","1.468,33","1.468,30","1.473,04","1.461,77","","0,04%"
"25.03.2021","1.467,79","1.468,42","1.478,44","1.461,81","","-0,01%"
"24.03.2021","1.467,91","1.457,26","1.468,98","1.455,95","","0,76%"
"23.03.2021","1.456,79","1.457,18","1.466,55","1.451,55","","0,03%"
"22.03.2021","1.456,36","1.466,67","1.470,33","1.450,89","","-0,62%"
"19.03.2021","1.465,43","1.457,49","1.467,66","1.451,47","","0,58%"
"18.03.2021","1.457,02","1.456,75","1.466,60","1.442,71","","0,05%"
"17.03.2021","1.456,25","1.454,86","1.463,57","1.448,12","","0,14%"
"16.03.2021","1.454,18","1.451,74","1.462,63","1.447,89","","0,21%"
"15.03.2021","1.451,10","1.444,91","1.455,44","1.442,58","","0,49%"
"12.03.2021","1.443,97","1.437,55","1.445,09","1.424,01","","0,51%"
"11.03.2021","1.436,61","1.447,76","1.455,82","1.436,40","","-0,74%"
"10.03.2021","1.447,26","1.441,89","1.448,13","1.436,24","","0,40%"
"09.03.2021","1.441,46","1.420,96","1.446,62","1.419,06","","1,48%"
"08.03.2021","1.420,41","1.426,98","1.437,83","1.414,72","","-0,46%"
"05.03.2021","1.427,02","1.418,33","1.431,59","1.411,17","","0,69%"
"04.03.2021","1.417,25","1.418,36","1.432,23","1.412,68","","-0,03%"
"03.03.2021","1.417,74","1.437,63","1.440,42","1.411,23","","-1,34%"
"02.03.2021","1.437,05","1.431,55","1.443,51","1.420,25","","0,42%"
"01.03.2021","1.431,01","1.435,47","1.455,74","1.427,57","","-0,30%"
"26.02.2021","1.435,25","1.453,97","1.459,04","1.419,73","","-1,24%"
"25.02.2021","1.453,22","1.483,94","1.484,52","1.446,55","","-2,04%"
"24.02.2021","1.483,48","1.486,05","1.491,96","1.469,75","","-0,14%"
"23.02.2021","1.485,59","1.488,93","1.492,52","1.479,47","","-0,18%"
"22.02.2021","1.488,23","1.471,24","1.492,01","1.469,05","","1,21%"
"19.02.2021","1.470,43","1.468,77","1.477,84","1.455,86","","0,17%"
"18.02.2021","1.467,99","1.475,57","1.483,70","1.465,31","","-0,46%"
"17.02.2021","1.474,70","1.482,61","1.486,79","1.470,95","","-0,47%"
"16.02.2021","1.481,62","1.499,67","1.504,36","1.477,96","","-1,16%"
"15.02.2021","1.498,94","1.504,45","1.507,17","1.496,05","","-0,35%"
"12.02.2021","1.504,26","1.505,07","1.510,80","1.496,35","","-0,01%"
"11.02.2021","1.504,38","1.521,22","1.523,34","1.501,00","","-1,07%"
"10.02.2021","1.520,61","1.516,99","1.529,41","1.511,96","","0,31%"
"09.02.2021","1.515,84","1.519,35","1.527,29","1.514,02","","-0,21%"
"08.02.2021","1.519,01","1.504,69","1.527,60","1.502,63","","1,00%"
"05.02.2021","1.503,91","1.499,49","1.512,73","1.494,87","","0,33%"
"04.02.2021","1.499,03","1.524,17","1.524,75","1.490,00","","-1,60%"
"03.02.2021","1.523,34","1.526,01","1.533,17","1.522,62","","-0,12%"
"02.02.2021","1.525,19","1.542,89","1.543,23","1.519,49","","-1,11%"
"01.02.2021","1.542,25","1.521,01","1.547,50","1.520,25","","1,39%"
"29.01.2021","1.521,04","1.520,23","1.543,75","1.517,34","","0,10%"
"28.01.2021","1.519,50","1.522,30","1.536,16","1.513,11","","-0,16%"
"27.01.2021","1.521,99","1.521,99","1.530,71","1.515,88","","0,03%"
"26.01.2021","1.521,47","1.529,12","1.534,02","1.519,92","","-0,44%"
"25.01.2021","1.528,25","1.523,42","1.537,62","1.518,80","","0,39%"
"22.01.2021","1.522,35","1.537,07","1.537,92","1.510,33","","-0,91%"
"21.01.2021","1.536,32","1.546,22","1.546,88","1.529,30","","-0,60%"
"20.01.2021","1.545,64","1.517,29","1.546,59","1.514,56","","1,91%"
"19.01.2021","1.516,64","1.521,27","1.525,04","1.511,19","","-0,26%"
"18.01.2021","1.520,60","1.511,79","1.524,24","1.500,30","","0,58%"
"15.01.2021","1.511,83","1.519,07","1.530,10","1.507,73","","-0,40%"
"14.01.2021","1.517,93","1.517,78","1.527,76","1.509,73","","0,04%"
"13.01.2021","1.517,30","1.519,37","1.530,41","1.516,34","","-0,10%"
"12.01.2021","1.518,79","1.516,92","1.533,34","1.509,72","","0,17%"
"11.01.2021","1.516,26","1.513,22","1.523,43","1.492,33","","0,25%"
"08.01.2021","1.512,53","1.559,37","1.563,68","1.498,05","","-2,95%"
"07.01.2021","1.558,43","1.556,65","1.567,26","1.553,24","","0,19%"
"06.01.2021","1.555,43","1.585,95","1.588,94","1.546,59","","-1,86%"
"05.01.2021","1.584,92","1.586,04","1.591,91","1.577,60","","-0,02%"
"04.01.2021","1.585,24","1.552,29","1.587,99","1.550,39","","1,40%"
"01.01.2021","1.563,38","1.553,78","1.564,05","1.553,58","","0,63%"
"31.12.2020","1.553,65","1.540,62","1.556,34","1.533,83","","0,89%"
"30.12.2020","1.539,87","1.533,95","1.541,02","1.526,81","","0,45%"
"29.12.2020","1.532,90","1.533,32","1.540,19","1.527,88","","0,07%"
"28.12.2020","1.531,84","1.538,34","1.556,57","1.531,70","","-0,31%"
"25.12.2020","1.536,55","1.540,23","1.543,02","1.537,08","","-0,16%"
"24.12.2020","1.539,08","1.536,81","1.545,29","1.533,87","","0,19%"
"23.12.2020","1.536,16","1.529,55","1.538,99","1.524,33","","0,49%"
"22.12.2020","1.528,72","1.533,00","1.540,86","1.526,91","","-0,24%"
"21.12.2020","1.532,33","1.536,55","1.565,05","1.526,39","","-0,12%"
"18.12.2020","1.534,11","1.536,94","1.542,67","1.531,09","","-0,15%"
"17.12.2020","1.536,34","1.528,95","1.547,58","1.524,57","","0,55%"
"16.12.2020","1.527,98","1.525,30","1.532,27","1.516,87","","0,22%"
"15.12.2020","1.524,55","1.504,64","1.529,03","1.501,13","","1,37%"
"14.12.2020","1.504,01","1.516,41","1.548,77","1.497,34","","-0,92%"
"11.12.2020","1.517,98","1.513,31","1.525,09","1.505,65","","0,36%"
"10.12.2020","1.512,51","1.522,65","1.525,23","1.509,80","","-0,63%"
"09.12.2020","1.522,13","1.545,40","1.545,93","1.513,42","","-1,44%"
"08.12.2020","1.544,32","1.537,98","1.547,92","1.533,95","","0,44%"
"07.12.2020","1.537,52","1.515,43","1.540,70","1.507,17","","1,44%"
"04.12.2020","1.515,68","1.516,32","1.519,96","1.506,85","","0,02%"
"03.12.2020","1.515,35","1.511,26","1.521,00","1.500,67","","0,33%"
"02.12.2020","1.510,35","1.503,85","1.520,17","1.496,67","","0,47%"
"01.12.2020","1.503,35","1.489,65","1.514,44","1.487,45","","0,97%"
"30.11.2020","1.488,93","1.496,18","1.496,65","1.472,75","","-0,37%"
"27.11.2020","1.494,47","1.520,44","1.522,50","1.486,34","","-1,64%"
"26.11.2020","1.519,44","1.517,29","1.526,20","1.514,83","","0,19%"
"25.11.2020","1.516,61","1.520,28","1.526,78","1.512,64","","-0,17%"
"24.11.2020","1.519,20","1.552,28","1.553,26","1.517,04","","-2,09%"
"23.11.2020","1.551,70","1.578,52","1.580,80","1.549,24","","-1,64%"
"20.11.2020","1.577,54","1.571,58","1.583,87","1.567,63","","0,43%"
"19.11.2020","1.570,84","1.579,55","1.582,22","1.565,80","","-0,51%"
"18.11.2020","1.578,92","1.584,73","1.588,23","1.571,03","","-0,32%"
"17.11.2020","1.583,95","1.593,84","1.595,68","1.582,62","","-0,56%"
"16.11.2020","1.592,92","1.596,57","1.603,17","1.576,09","","-0,14%"
"13.11.2020","1.595,17","1.590,17","1.604,80","1.586,81","","0,38%"
"12.11.2020","1.589,17","1.583,85","1.596,03","1.579,91","","0,39%"
"11.11.2020","1.583,06","1.588,73","1.597,51","1.579,00","","-0,29%"
"10.11.2020","1.587,71","1.576,75","1.599,11","1.574,41","","0,74%"
"09.11.2020","1.576,10","1.642,81","1.652,79","1.566,54","","-4,09%"
"06.11.2020","1.643,24","1.648,99","1.650,42","1.635,31","","-0,26%"
"05.11.2020","1.647,55","1.623,01","1.652,08","1.621,65","","1,53%"
"04.11.2020","1.622,67","1.630,26","1.634,40","1.613,72","","-0,39%"
"03.11.2020","1.629,02","1.628,29","1.632,63","1.618,12","","0,07%"
"02.11.2020","1.627,83","1.611,73","1.629,90","1.609,09","","0,96%"
"30.10.2020","1.612,30","1.599,87","1.617,02","1.597,19","","0,81%"
"29.10.2020","1.599,34","1.598,52","1.607,02","1.589,55","","0,11%"
"28.10.2020","1.597,56","1.617,34","1.621,77","1.593,32","","-1,19%"
"27.10.2020","1.616,82","1.610,58","1.617,88","1.606,65","","0,41%"
"26.10.2020","1.610,19","1.603,86","1.614,82","1.596,61","","0,48%"
"23.10.2020","1.602,54","1.611,04","1.616,77","1.601,14","","-0,49%"
"22.10.2020","1.610,43","1.622,36","1.623,86","1.603,12","","-0,72%"
"21.10.2020","1.622,15","1.612,77","1.626,10","1.612,19","","0,62%"
"20.10.2020","1.612,19","1.618,04","1.619,19","1.605,30","","-0,34%"
"19.10.2020","1.617,77","1.620,30","1.632,01","1.614,80","","-0,15%"
"16.10.2020","1.620,21","1.630,17","1.633,15","1.619,56","","-0,58%"
"15.10.2020","1.629,62","1.618,69","1.631,04","1.610,34","","0,70%"
"14.10.2020","1.618,28","1.610,12","1.626,53","1.603,78","","0,54%"
"13.10.2020","1.609,52","1.627,44","1.631,98","1.606,64","","-1,03%"
"12.10.2020","1.626,31","1.633,32","1.636,30","1.625,54","","-0,28%"
"09.10.2020","1.630,87","1.610,51","1.632,97","1.609,31","","1,30%"
"08.10.2020","1.609,88","1.604,57","1.618,42","1.600,26","","0,38%"
"07.10.2020","1.603,78","1.600,78","1.614,57","1.597,08","","0,26%"
"06.10.2020","1.599,65","1.624,05","1.628,36","1.597,56","","-1,45%"
"05.10.2020","1.623,17","1.621,46","1.627,61","1.609,11","","0,19%"
"02.10.2020","1.620,07","1.622,40","1.634,14","1.613,87","","-0,09%"
"01.10.2020","1.621,53","1.609,17","1.627,80","1.607,51","","0,81%"
"30.09.2020","1.608,57","1.616,25","1.622,45","1.606,12","","-0,41%"
"29.09.2020","1.615,26","1.612,81","1.617,82","1.605,13","","0,24%"
"28.09.2020","1.611,44","1.599,12","1.614,42","1.588,46","","0,74%"
"25.09.2020","1.599,65","1.600,41","1.607,39","1.592,45","","0,03%"
"24.09.2020","1.599,14","1.598,14","1.606,96","1.586,04","","0,11%"
"23.09.2020","1.597,31","1.622,81","1.630,16","1.592,29","","-1,54%"
"22.09.2020","1.622,26","1.624,74","1.633,27","1.616,24","","-0,10%"
"21.09.2020","1.623,96","1.646,06","1.649,39","1.604,72","","-1,37%"
"18.09.2020","1.646,58","1.640,98","1.653,06","1.639,01","","0,37%"
"17.09.2020","1.640,50","1.658,34","1.664,97","1.638,43","","-1,04%"
"16.09.2020","1.657,74","1.650,78","1.664,65","1.646,83","","0,53%"
"15.09.2020","1.648,95","1.648,46","1.658,76","1.644,79","","0,07%"
"14.09.2020","1.647,80","1.640,63","1.652,23","1.633,99","","0,65%"
"11.09.2020","1.637,15","1.647,56","1.656,41","1.637,11","","-0,59%"
"10.09.2020","1.646,82","1.649,25","1.652,14","1.640,69","","-0,11%"
"09.09.2020","1.648,59","1.639,65","1.652,73","1.633,17","","0,55%"
"08.09.2020","1.639,51","1.632,55","1.645,94","1.618,45","","0,46%"
"07.09.2020","1.631,97","1.633,44","1.640,55","1.628,36","","-0,06%"
"04.09.2020","1.632,95","1.629,20","1.640,41","1.622,78","","0,26%"
"03.09.2020","1.628,66","1.639,27","1.648,88","1.626,56","","-0,58%"
"02.09.2020","1.638,18","1.654,18","1.662,47","1.633,30","","-0,93%"
"01.09.2020","1.653,51","1.648,65","1.663,08","1.645,44","","0,33%"
"31.08.2020","1.648,14","1.651,31","1.659,00","1.640,84","","-0,11%"
"28.08.2020","1.649,88","1.632,33","1.658,26","1.628,33","","1,11%"
"27.08.2020","1.631,84","1.651,40","1.663,04","1.622,96","","-1,15%"
"26.08.2020","1.650,77","1.629,23","1.653,05","1.615,80","","1,35%"
"25.08.2020","1.628,76","1.635,52","1.641,42","1.619,36","","-0,42%"
"24.08.2020","1.635,69","1.646,03","1.655,91","1.631,96","","-0,49%"
"21.08.2020","1.643,72","1.641,64","1.651,98","1.625,00","","0,19%"
"20.08.2020","1.640,59","1.629,39","1.650,34","1.625,73","","0,71%"
"19.08.2020","1.629,09","1.678,12","1.681,62","1.625,31","","-2,88%"
"18.08.2020","1.677,36","1.672,49","1.689,95","1.657,88","","0,32%"
"17.08.2020","1.671,97","1.642,14","1.677,38","1.629,50","","1,88%"
"14.08.2020","1.641,06","1.653,57","1.661,07","1.631,62","","-0,69%"
"13.08.2020","1.652,50","1.626,47","1.664,68","1.622,96","","1,64%"
"12.08.2020","1.625,91","1.628,53","1.658,78","1.591,72","","-0,13%"
"11.08.2020","1.628,07","1.727,44","1.730,88","1.620,94","","-5,71%"
"10.08.2020","1.726,59","1.726,36","1.740,32","1.716,12","","0,05%"
"07.08.2020","1.725,71","1.737,08","1.749,25","1.711,88","","-0,63%"
"06.08.2020","1.736,61","1.717,95","1.749,93","1.713,88","","1,12%"
"05.08.2020","1.717,36","1.710,97","1.728,34","1.701,73","","0,42%"
"04.08.2020","1.710,21","1.680,43","1.712,14","1.672,80","","1,79%"
"03.08.2020","1.680,07","1.676,91","1.687,64","1.671,66","","0,22%"
"31.07.2020","1.676,43","1.651,53","1.678,32","1.647,04","","1,55%"
"30.07.2020","1.650,84","1.671,67","1.672,99","1.646,49","","-1,17%"
"29.07.2020","1.670,33","1.672,05","1.679,04","1.654,41","","-0,06%"
"28.07.2020","1.671,27","1.652,75","1.683,08","1.628,66","","1,14%"
"27.07.2020","1.652,42","1.632,64","1.660,40","1.631,11","","1,34%"
"24.07.2020","1.630,62","1.627,51","1.642,83","1.621,59","","0,23%"
"23.07.2020","1.626,89","1.617,32","1.635,02","1.610,07","","0,59%"
"22.07.2020","1.617,30","1.597,77","1.618,30","1.594,82","","1,28%"
"21.07.2020","1.596,93","1.588,16","1.609,36","1.584,40","","0,60%"
"20.07.2020","1.587,38","1.586,38","1.592,18","1.577,09","","0,25%"
"17.07.2020","1.583,37","1.578,83","1.585,09","1.577,01","","0,33%"
"16.07.2020","1.578,16","1.586,48","1.589,25","1.575,51","","-0,49%"
"15.07.2020","1.585,86","1.587,15","1.590,27","1.575,68","","-0,07%"
"14.07.2020","1.586,92","1.589,42","1.591,82","1.576,00","","-0,11%"
"13.07.2020","1.588,72","1.592,02","1.601,05","1.553,29","","-0,15%"
"10.07.2020","1.591,15","1.598,41","1.605,07","1.587,32","","-0,41%"
"09.07.2020","1.597,76","1.596,79","1.604,32","1.590,10","","0,10%"
"08.07.2020","1.596,23","1.592,44","1.603,92","1.588,33","","0,30%"
"07.07.2020","1.591,43","1.577,95","1.595,01","1.571,63","","0,89%"
"06.07.2020","1.577,40","1.578,94","1.580,47","1.568,31","","-0,01%"
"03.07.2020","1.577,59","1.579,91","1.583,14","1.577,11","","-0,12%"
"02.07.2020","1.579,46","1.573,45","1.583,74","1.560,26","","0,42%"
"01.07.2020","1.572,80","1.585,49","1.596,34","1.562,07","","-0,73%"
"30.06.2020","1.584,41","1.576,65","1.589,36","1.573,33","","0,58%"
"29.06.2020","1.575,33","1.577,87","1.582,61","1.565,25","","-0,17%"
"26.06.2020","1.577,97","1.571,90","1.579,21","1.559,78","","0,40%"
"25.06.2020","1.571,61","1.566,01","1.575,25","1.561,92","","0,44%"
"24.06.2020","1.564,77","1.564,26","1.577,23","1.559,44","","0,14%"
"23.06.2020","1.562,61","1.559,11","1.567,15","1.549,05","","0,30%"
"22.06.2020","1.557,91","1.558,89","1.572,46","1.555,26","","-0,07%"
"19.06.2020","1.559,03","1.537,38","1.560,85","1.535,64","","1,47%"
"18.06.2020","1.536,51","1.535,72","1.544,28","1.530,14","","0,10%"
"17.06.2020","1.535,03","1.533,17","1.540,70","1.524,12","","0,19%"
"16.06.2020","1.532,05","1.523,62","1.539,78","1.518,59","","0,63%"
"15.06.2020","1.522,40","1.539,10","1.542,36","1.511,61","","-0,92%"
"12.06.2020","1.536,48","1.528,79","1.547,81","1.526,08","","0,55%"
"11.06.2020","1.528,15","1.528,84","1.533,87","1.515,37","","-0,02%"
"10.06.2020","1.528,41","1.511,75","1.529,19","1.506,53","","1,15%"
"09.06.2020","1.511,10","1.503,57","1.520,80","1.499,13","","0,55%"
"08.06.2020","1.502,85","1.493,34","1.505,51","1.484,27","","0,66%"
"05.06.2020","1.492,94","1.512,05","1.515,66","1.477,17","","-1,20%"
"04.06.2020","1.511,10","1.512,01","1.530,67","1.503,66","","0,00%"
"03.06.2020","1.511,06","1.546,56","1.552,01","1.504,79","","-2,25%"
"02.06.2020","1.545,90","1.562,13","1.566,74","1.539,37","","-1,03%"
"01.06.2020","1.561,92","1.557,52","1.567,60","1.552,41","","0,24%"
"29.05.2020","1.558,12","1.551,30","1.567,68","1.546,07","","0,48%"
"28.05.2020","1.550,72","1.553,38","1.569,14","1.543,79","","-0,12%"
"27.05.2020","1.552,56","1.557,66","1.565,20","1.538,96","","-0,30%"
"26.05.2020","1.557,28","1.586,84","1.590,82","1.554,14","","-1,83%"
"25.05.2020","1.586,27","1.592,36","1.594,63","1.579,51","","-0,26%"
"22.05.2020","1.590,35","1.578,20","1.596,16","1.574,48","","0,87%"
"21.05.2020","1.576,69","1.592,07","1.596,14","1.566,77","","-0,89%"
"20.05.2020","1.590,86","1.596,57","1.602,32","1.585,26","","-0,32%"
"19.05.2020","1.595,95","1.587,52","1.600,70","1.577,38","","0,58%"
"18.05.2020","1.586,73","1.611,50","1.634,29","1.574,12","","-1,44%"
"15.05.2020","1.609,85","1.601,57","1.620,50","1.599,07","","0,57%"
"14.05.2020","1.600,77","1.586,67","1.610,34","1.582,27","","0,95%"
"13.05.2020","1.585,63","1.569,66","1.589,55","1.566,49","","1,08%"
"12.05.2020","1.568,66","1.570,23","1.578,49","1.562,46","","0,00%"
"11.05.2020","1.568,73","1.571,01","1.580,44","1.563,36","","-0,03%"
"08.05.2020","1.569,21","1.584,27","1.590,43","1.569,54","","-0,89%"
"07.05.2020","1.583,23","1.561,53","1.591,50","1.558,89","","1,46%"
"06.05.2020","1.560,38","1.573,65","1.580,78","1.555,92","","-0,83%"
"05.05.2020","1.573,37","1.559,87","1.579,22","1.553,34","","0,91%"
"04.05.2020","1.559,21","1.536,45","1.567,91","1.536,45","","0,79%"
"01.05.2020","1.547,04","1.539,83","1.554,57","1.522,12","","0,57%"
"30.04.2020","1.538,32","1.575,55","1.584,93","1.534,35","","-2,27%"
"29.04.2020","1.574,10","1.579,27","1.580,27","1.562,61","","-0,24%"
"28.04.2020","1.577,83","1.583,05","1.585,34","1.559,98","","-0,30%"
"27.04.2020","1.582,51","1.600,07","1.600,22","1.573,65","","-0,86%"
"24.04.2020","1.596,16","1.606,52","1.614,61","1.583,84","","-0,56%"
"23.04.2020","1.605,15","1.584,57","1.610,24","1.578,23","","1,37%"
"22.04.2020","1.583,40","1.553,30","1.590,28","1.546,91","","2,01%"
"21.04.2020","1.552,17","1.561,43","1.567,60","1.534,01","","-0,51%"
"20.04.2020","1.560,05","1.565,13","1.567,01","1.538,99","","0,74%"
"17.04.2020","1.548,54","1.585,29","1.586,60","1.545,10","","-2,21%"
"16.04.2020","1.583,60","1.573,73","1.597,66","1.570,75","","0,71%"
"15.04.2020","1.572,49","1.573,26","1.589,14","1.559,15","","0,03%"
"14.04.2020","1.571,95","1.569,33","1.593,23","1.562,46","","0,19%"
"13.04.2020","1.568,95","1.544,55","1.578,96","1.531,09","","1,61%"
"10.04.2020","1.544,07","1.540,25","1.552,98","1.532,98","","0,27%"
"09.04.2020","1.539,87","1.515,41","1.546,74","1.513,27","","1,67%"
"08.04.2020","1.514,59","1.513,34","1.526,43","1.508,91","","0,20%"
"07.04.2020","1.511,63","1.539,66","1.550,50","1.505,45","","-1,73%"
"06.04.2020","1.538,17","1.496,70","1.548,07","1.477,32","","2,80%"
"03.04.2020","1.496,21","1.486,17","1.503,61","1.478,23","","0,75%"
"02.04.2020","1.485,05","1.451,40","1.494,93","1.442,60","","2,43%"
"01.04.2020","1.449,79","1.430,03","1.463,79","1.419,53","","1,79%"
"31.03.2020","1.424,23","1.468,71","1.480,45","1.425,34","","-2,96%"
"30.03.2020","1.467,61","1.457,82","1.475,40","1.450,66","","0,63%"
"27.03.2020","1.458,40","1.478,62","1.489,26","1.449,59","","-1,23%"
"26.03.2020","1.476,60","1.486,38","1.496,98","1.461,24","","-0,50%"
"25.03.2020","1.483,97","1.508,75","1.521,21","1.466,37","","-0,89%"
"24.03.2020","1.497,34","1.448,61","1.522,79","1.445,16","","3,38%"
"23.03.2020","1.448,32","1.400,76","1.452,37","1.382,67","","3,42%"
"20.03.2020","1.400,49","1.376,50","1.413,68","1.369,95","","1,78%"
"19.03.2020","1.375,97","1.361,71","1.388,26","1.344,40","","1,09%"
"18.03.2020","1.361,19","1.390,11","1.403,80","1.351,29","","-2,05%"
"17.03.2020","1.389,71","1.354,21","1.415,13","1.321,94","","2,67%"
"16.03.2020","1.353,60","1.379,97","1.407,86","1.300,57","","-1,68%"
"13.03.2020","1.376,76","1.410,20","1.438,00","1.361,53","","-2,32%"
"12.03.2020","1.409,50","1.450,88","1.465,05","1.396,83","","-2,81%"
"11.03.2020","1.450,18","1.462,21","1.474,00","1.447,98","","-0,79%"
"10.03.2020","1.461,70","1.467,91","1.470,44","1.452,30","","-0,36%"
"09.03.2020","1.467,01","1.482,68","1.498,62","1.453,46","","-1,08%"
"06.03.2020","1.482,99","1.487,74","1.496,63","1.457,96","","-0,29%"
"05.03.2020","1.487,28","1.469,86","1.494,79","1.467,95","","1,23%"
"04.03.2020","1.469,24","1.468,57","1.482,68","1.462,92","","0,09%"
"03.03.2020","1.467,86","1.427,78","1.477,80","1.424,73","","2,85%"
"02.03.2020","1.427,19","1.440,63","1.454,04","1.422,27","","-0,68%"
"28.02.2020","1.437,01","1.495,10","1.499,45","1.424,40","","-3,85%"
"27.02.2020","1.494,59","1.507,60","1.515,36","1.487,81","","-0,85%"
"26.02.2020","1.507,39","1.502,61","1.519,81","1.497,04","","0,36%"
"25.02.2020","1.501,97","1.528,71","1.529,75","1.496,85","","-1,72%"
"24.02.2020","1.528,30","1.516,19","1.560,95","1.515,22","","0,88%"
"21.02.2020","1.515,00","1.501,72","1.522,59","1.500,36","","0,91%"
"20.02.2020","1.501,30","1.491,37","1.505,50","1.485,51","","0,70%"
"19.02.2020","1.490,82","1.483,99","1.493,71","1.481,18","","0,49%"
"18.02.2020","1.483,55","1.458,85","1.485,69","1.458,78","","1,70%"
"17.02.2020","1.458,71","1.462,99","1.464,47","1.456,09","","-0,25%"
"14.02.2020","1.462,36","1.453,95","1.463,59","1.451,58","","0,62%"
"13.02.2020","1.453,41","1.440,10","1.455,82","1.439,62","","0,95%"
"12.02.2020","1.439,70","1.436,30","1.442,65","1.429,91","","0,27%"
"11.02.2020","1.435,77","1.440,88","1.444,42","1.431,22","","-0,32%"
"10.02.2020","1.440,40","1.433,92","1.445,36","1.431,69","","0,44%"
"07.02.2020","1.434,10","1.426,48","1.437,40","1.423,28","","0,53%"
"06.02.2020","1.426,47","1.414,63","1.428,03","1.411,77","","0,87%"
"05.02.2020","1.414,16","1.406,06","1.417,71","1.403,48","","0,60%"
"04.02.2020","1.405,67","1.425,74","1.427,90","1.403,22","","-1,37%"
"03.02.2020","1.425,14","1.433,65","1.435,46","1.421,16","","-0,54%"
"31.01.2020","1.432,91","1.427,05","1.435,60","1.423,86","","0,45%"
"30.01.2020","1.426,51","1.432,24","1.437,80","1.425,57","","-0,35%"
"29.01.2020","1.431,49","1.422,20","1.434,28","1.418,97","","0,70%"
"28.01.2020","1.421,59","1.435,67","1.436,92","1.420,41","","-0,95%"
"27.01.2020","1.435,28","1.425,15","1.438,71","1.422,82","","0,78%"
"24.01.2020","1.424,11","1.413,77","1.429,39","1.408,69","","0,76%"
"23.01.2020","1.413,31","1.405,29","1.419,59","1.399,00","","0,61%"
"22.01.2020","1.404,70","1.405,92","1.407,45","1.398,43","","-0,05%"
"21.01.2020","1.405,40","1.409,88","1.414,25","1.391,90","","-0,29%"
"20.01.2020","1.409,48","1.403,34","1.411,22","1.402,83","","0,46%"
"17.01.2020","1.402,99","1.394,08","1.407,85","1.391,09","","0,68%"
"16.01.2020","1.393,54","1.395,66","1.396,91","1.390,44","","-0,12%"
"15.01.2020","1.395,19","1.389,49","1.397,39","1.388,42","","0,44%"
"14.01.2020","1.389,01","1.390,14","1.391,98","1.379,04","","-0,05%"
"13.01.2020","1.389,66","1.404,30","1.405,89","1.389,41","","-1,04%"
"10.01.2020","1.404,21","1.397,79","1.405,67","1.391,05","","0,47%"
"09.01.2020","1.397,62","1.401,57","1.404,63","1.385,92","","-0,22%"
"08.01.2020","1.400,69","1.411,70","1.443,46","1.397,09","","-0,74%"
"07.01.2020","1.411,17","1.398,68","1.415,08","1.389,47","","0,94%"
"06.01.2020","1.398,09","1.389,38","1.415,49","1.389,00","","0,60%"
"03.01.2020","1.389,77","1.368,73","1.394,77","1.367,56","","1,57%"
"02.01.2020","1.368,35","1.353,28","1.370,57","1.351,62","","1,16%"
"01.01.2020","1.352,68","1.353,31","1.354,13","1.351,95","","-0,01%"
"31.12.2019","1.352,78","1.353,04","1.361,33","1.350,73","","0,01%"
"30.12.2019","1.352,59","1.351,82","1.354,52","1.348,74","","0,10%"
"27.12.2019","1.351,24","1.361,84","1.362,14","1.351,03","","-0,73%"
"26.12.2019","1.361,18","1.352,04","1.363,40","1.350,16","","0,76%"
"25.12.2019","1.350,94","1.352,30","1.354,06","1.350,03","","-0,05%"
"24.12.2019","1.351,62","1.339,63","1.353,69","1.338,33","","0,92%"
"23.12.2019","1.339,28","1.334,00","1.340,42","1.333,49","","0,40%"
"20.12.2019","1.333,89","1.329,73","1.335,93","1.327,53","","0,34%"
"19.12.2019","1.329,40","1.327,77","1.332,06","1.322,60","","0,16%"
"18.12.2019","1.327,30","1.323,98","1.329,80","1.322,77","","0,28%"
"17.12.2019","1.323,64","1.324,64","1.329,25","1.321,55","","-0,02%"
"16.12.2019","1.323,88","1.326,93","1.327,99","1.322,39","","-0,20%"
"13.12.2019","1.326,58","1.320,52","1.329,23","1.307,18","","0,49%"
"12.12.2019","1.320,16","1.325,07","1.334,85","1.316,32","","-0,35%"
"11.12.2019","1.324,74","1.320,32","1.327,85","1.318,80","","0,37%"
"10.12.2019","1.319,86","1.321,13","1.326,35","1.318,32","","-0,06%"
"09.12.2019","1.320,62","1.320,51","1.323,52","1.318,94","","0,08%"
"06.12.2019","1.319,51","1.329,37","1.334,26","1.318,54","","-0,72%"
"05.12.2019","1.329,04","1.330,84","1.334,38","1.327,56","","-0,11%"
"04.12.2019","1.330,49","1.333,24","1.340,63","1.326,31","","-0,17%"
"03.12.2019","1.332,73","1.319,98","1.337,39","1.317,67","","1,00%"
"02.12.2019","1.319,56","1.331,47","1.331,49","1.318,53","","-0,83%"
"29.11.2019","1.330,59","1.324,74","1.331,35","1.321,42","","0,48%"
"28.11.2019","1.324,21","1.322,23","1.325,08","1.320,96","","0,19%"
"27.11.2019","1.321,73","1.326,13","1.327,50","1.320,71","","-0,29%"
"26.11.2019","1.325,52","1.321,24","1.327,18","1.317,45","","0,35%"
"25.11.2019","1.320,94","1.326,46","1.327,73","1.320,16","","-0,38%"
"22.11.2019","1.325,99","1.324,26","1.332,53","1.321,21","","0,15%"
"21.11.2019","1.324,03","1.328,88","1.332,60","1.321,08","","-0,36%"
"20.11.2019","1.328,79","1.329,18","1.337,24","1.324,29","","0,00%"
"19.11.2019","1.328,85","1.329,03","1.332,94","1.322,90","","0,01%"
"18.11.2019","1.328,70","1.327,70","1.331,10","1.316,70","","0,11%"
"15.11.2019","1.327,23","1.334,76","1.335,15","1.325,86","","-0,53%"
"14.11.2019","1.334,29","1.329,64","1.338,56","1.327,44","","0,40%"
"13.11.2019","1.328,94","1.322,96","1.333,02","1.322,05","","0,48%"
"12.11.2019","1.322,55","1.319,56","1.326,39","1.312,45","","0,26%"
"11.11.2019","1.319,15","1.323,41","1.329,80","1.312,30","","-0,30%"
"08.11.2019","1.323,18","1.329,02","1.333,01","1.320,01","","-0,40%"
"07.11.2019","1.328,55","1.346,84","1.349,56","1.322,87","","-1,36%"
"06.11.2019","1.346,87","1.339,75","1.349,49","1.338,19","","0,55%"
"05.11.2019","1.339,51","1.356,57","1.357,28","1.337,05","","-1,21%"
"04.11.2019","1.355,98","1.356,28","1.357,98","1.350,27","","0,02%"
"01.11.2019","1.355,65","1.356,68","1.357,84","1.349,94","","-0,04%"
"31.10.2019","1.356,25","1.341,29","1.359,79","1.338,67","","1,13%"
"30.10.2019","1.341,08","1.338,85","1.345,55","1.335,79","","0,19%"
"29.10.2019","1.338,52","1.344,61","1.349,25","1.336,84","","-0,42%"
"28.10.2019","1.344,15","1.357,82","1.360,32","1.342,72","","-0,98%"
"25.10.2019","1.357,43","1.354,44","1.367,28","1.351,74","","0,25%"
"24.10.2019","1.354,09","1.340,45","1.354,66","1.333,32","","1,04%"
"23.10.2019","1.340,10","1.337,30","1.345,82","1.336,49","","0,23%"
"22.10.2019","1.336,96","1.331,38","1.338,62","1.328,02","","0,46%"
"21.10.2019","1.330,90","1.337,25","1.340,21","1.329,29","","-0,18%"
"18.10.2019","1.333,30","1.341,08","1.343,21","1.333,55","","-0,55%"
"17.10.2019","1.340,73","1.345,77","1.347,94","1.331,92","","-0,34%"
"16.10.2019","1.345,30","1.342,45","1.351,01","1.337,70","","0,25%"
"15.10.2019","1.341,97","1.353,89","1.360,00","1.338,20","","-0,86%"
"14.10.2019","1.353,67","1.349,02","1.357,73","1.344,19","","0,42%"
"11.10.2019","1.348,02","1.357,32","1.365,47","1.333,73","","-0,65%"
"10.10.2019","1.356,84","1.372,28","1.381,17","1.353,83","","-1,09%"
"09.10.2019","1.371,80","1.374,17","1.377,49","1.366,15","","-0,14%"
"08.10.2019","1.373,75","1.361,23","1.375,66","1.355,33","","0,95%"
"07.10.2019","1.360,87","1.370,81","1.374,11","1.357,73","","-0,67%"
"04.10.2019","1.370,08","1.372,52","1.378,26","1.365,21","","-0,14%"
"03.10.2019","1.372,04","1.368,69","1.381,55","1.365,65","","0,27%"
"02.10.2019","1.368,33","1.353,16","1.373,20","1.348,97","","1,16%"
"01.10.2019","1.352,68","1.350,83","1.360,34","1.339,83","","0,17%"
"30.09.2019","1.350,35","1.368,32","1.370,95","1.343,59","","-1,30%"
"27.09.2019","1.368,09","1.377,90","1.381,56","1.360,31","","-0,69%"
"26.09.2019","1.377,55","1.374,32","1.382,37","1.371,41","","0,28%"
"25.09.2019","1.373,65","1.390,11","1.394,93","1.372,08","","-1,14%"
"24.09.2019","1.389,50","1.384,67","1.394,39","1.378,26","","0,36%"
"23.09.2019","1.384,45","1.377,23","1.388,85","1.371,82","","0,59%"
"20.09.2019","1.376,28","1.357,67","1.376,99","1.356,07","","1,39%"
"19.09.2019","1.357,36","1.354,52","1.359,87","1.350,44","","0,23%"
"18.09.2019","1.354,31","1.355,87","1.366,22","1.346,66","","-0,09%"
"17.09.2019","1.355,52","1.362,14","1.365,70","1.355,33","","-0,43%"
"16.09.2019","1.361,41","1.342,75","1.368,82","1.342,02","","1,32%"
"13.09.2019","1.343,73","1.355,16","1.361,28","1.341,91","","-0,80%"
"12.09.2019","1.354,63","1.359,74","1.393,03","1.351,99","","-0,36%"
"11.09.2019","1.359,51","1.345,41","1.361,82","1.344,00","","1,07%"
"10.09.2019","1.345,16","1.356,81","1.359,58","1.344,08","","-0,81%"
"09.09.2019","1.356,20","1.366,98","1.373,49","1.354,39","","-0,71%"
"06.09.2019","1.365,88","1.376,71","1.382,26","1.362,38","","-0,76%"
"05.09.2019","1.376,40","1.406,87","1.407,75","1.364,15","","-2,13%"
"04.09.2019","1.406,33","1.410,15","1.412,92","1.392,61","","-0,23%"
"03.09.2019","1.409,53","1.395,25","1.413,80","1.391,03","","1,04%"
"02.09.2019","1.395,02","1.383,49","1.396,33","1.382,05","","0,88%"
"30.08.2019","1.382,85","1.381,72","1.393,52","1.376,83","","0,12%"
"29.08.2019","1.381,23","1.389,32","1.399,37","1.374,62","","-0,54%"
"28.08.2019","1.388,78","1.390,34","1.395,99","1.381,42","","-0,08%"
"27.08.2019","1.389,96","1.375,67","1.392,93","1.373,49","","1,06%"
"26.08.2019","1.375,36","1.369,93","1.393,92","1.367,54","","0,41%"
"23.08.2019","1.369,72","1.352,32","1.374,02","1.348,82","","1,40%"
"22.08.2019","1.350,78","1.355,64","1.356,76","1.346,24","","-0,28%"
"21.08.2019","1.354,56","1.357,37","1.359,35","1.347,52","","-0,17%"
"20.08.2019","1.356,87","1.349,77","1.361,54","1.347,04","","0,57%"
"19.08.2019","1.349,19","1.365,09","1.365,58","1.344,74","","-1,12%"
"16.08.2019","1.364,44","1.371,34","1.376,26","1.354,41","","-0,47%"
"15.08.2019","1.370,90","1.361,38","1.373,74","1.353,41","","0,73%"
"14.08.2019","1.361,03","1.344,07","1.367,89","1.337,34","","1,29%"
"13.08.2019","1.343,66","1.347,78","1.369,65","1.325,50","","-0,28%"
"12.08.2019","1.347,44","1.336,35","1.352,62","1.330,18","","0,82%"
"09.08.2019","1.336,46","1.342,49","1.348,06","1.334,08","","-0,41%"
"08.08.2019","1.341,90","1.340,48","1.349,48","1.328,44","","0,14%"
"07.08.2019","1.340,07","1.316,63","1.345,13","1.314,25","","1,82%"
"06.08.2019","1.316,06","1.306,80","1.316,96","1.300,03","","0,72%"
"05.08.2019","1.306,71","1.297,58","1.313,29","1.293,93","","0,80%"
"02.08.2019","1.296,28","1.303,83","1.304,96","1.289,76","","-0,54%"
"01.08.2019","1.303,37","1.276,69","1.304,28","1.269,11","","2,14%"
"31.07.2019","1.276,05","1.282,61","1.287,33","1.274,08","","-0,44%"
"30.07.2019","1.281,71","1.280,42","1.284,32","1.276,77","","0,13%"
"29.07.2019","1.280,08","1.275,06","1.281,48","1.273,74","","0,45%"
"26.07.2019","1.274,38","1.268,95","1.279,12","1.268,38","","0,44%"
"25.07.2019","1.268,75","1.279,78","1.290,63","1.265,66","","-0,83%"
"24.07.2019","1.279,43","1.271,22","1.282,37","1.270,00","","0,69%"
"23.07.2019","1.270,65","1.271,05","1.280,86","1.263,95","","0,01%"
"22.07.2019","1.270,48","1.270,54","1.274,76","1.268,69","","0,07%"
"19.07.2019","1.269,62","1.282,35","1.287,97","1.267,31","","-0,97%"
"18.07.2019","1.282,03","1.270,82","1.284,29","1.261,37","","0,89%"
"17.07.2019","1.270,73","1.254,17","1.271,55","1.248,41","","1,36%"
"16.07.2019","1.253,72","1.256,17","1.262,34","1.250,71","","-0,16%"
"15.07.2019","1.255,78","1.256,32","1.259,39","1.250,01","","0,02%"
"12.07.2019","1.255,57","1.247,38","1.257,28","1.246,01","","0,68%"
"11.07.2019","1.247,09","1.261,10","1.266,67","1.245,57","","-1,10%"
"10.07.2019","1.261,00","1.246,97","1.261,51","1.239,43","","1,16%"
"09.07.2019","1.246,57","1.244,37","1.248,76","1.237,50","","0,22%"
"08.07.2019","1.243,86","1.247,40","1.254,39","1.240,79","","-0,18%"
"05.07.2019","1.246,09","1.254,45","1.261,80","1.236,20","","-0,63%"
"04.07.2019","1.253,93","1.257,98","1.259,61","1.249,99","","-0,30%"
"03.07.2019","1.257,74","1.257,07","1.271,73","1.250,96","","0,10%"
"02.07.2019","1.256,50","1.226,63","1.258,13","1.225,57","","2,46%"
"01.07.2019","1.226,35","1.239,61","1.241,09","1.219,86","","-1,04%"
"28.06.2019","1.239,23","1.240,14","1.253,32","1.235,67","","-0,03%"
"27.06.2019","1.239,63","1.239,12","1.241,74","1.231,78","","0,09%"
"26.06.2019","1.238,55","1.252,34","1.252,57","1.233,82","","-1,08%"
"25.06.2019","1.252,01","1.245,44","1.261,49","1.244,37","","0,57%"
"24.06.2019","1.244,88","1.231,45","1.247,22","1.229,40","","1,16%"
"21.06.2019","1.230,60","1.229,63","1.248,08","1.222,34","","0,11%"
"20.06.2019","1.229,21","1.211,76","1.233,82","1.208,26","","1,48%"
"19.06.2019","1.211,32","1.203,19","1.213,32","1.196,74","","0,72%"
"18.06.2019","1.202,64","1.194,30","1.210,78","1.192,20","","0,73%"
"17.06.2019","1.193,97","1.196,13","1.197,53","1.188,30","","-0,21%"
"14.06.2019","1.196,44","1.189,68","1.205,04","1.189,24","","0,56%"
"13.06.2019","1.189,82","1.181,49","1.191,11","1.179,74","","0,78%"
"12.06.2019","1.180,62","1.171,56","1.182,17","1.170,23","","0,86%"
"11.06.2019","1.170,51","1.173,91","1.176,14","1.165,47","","-0,23%"
"10.06.2019","1.173,17","1.183,95","1.185,30","1.171,49","","-0,78%"
"07.06.2019","1.182,41","1.184,42","1.189,22","1.180,84","","-0,10%"
"06.06.2019","1.183,58","1.184,70","1.190,90","1.181,28","","-0,13%"
"05.06.2019","1.185,16","1.178,10","1.190,11","1.176,69","","0,64%"
"04.06.2019","1.177,66","1.178,72","1.180,93","1.174,21","","-0,05%"
"03.06.2019","1.178,27","1.169,10","1.180,19","1.168,37","","0,97%"
"31.05.2019","1.166,99","1.157,86","1.170,51","1.156,50","","0,82%"
"30.05.2019","1.157,45","1.149,93","1.158,18","1.145,18","","0,69%"
"29.05.2019","1.149,50","1.146,45","1.153,18","1.145,15","","0,30%"
"28.05.2019","1.146,01","1.148,01","1.149,40","1.140,51","","-0,13%"
"27.05.2019","1.147,52","1.147,64","1.150,16","1.145,42","","0,12%"
"24.05.2019","1.146,17","1.148,01","1.149,13","1.143,97","","-0,15%"
"23.05.2019","1.147,89","1.142,09","1.154,64","1.141,21","","0,53%"
"22.05.2019","1.141,80","1.141,62","1.144,39","1.139,76","","0,00%"
"21.05.2019","1.141,80","1.143,95","1.145,26","1.138,20","","-0,15%"
"20.05.2019","1.143,47","1.144,96","1.145,90","1.140,76","","-0,08%"
"17.05.2019","1.144,41","1.151,42","1.153,43","1.141,92","","-0,58%"
"16.05.2019","1.151,04","1.157,42","1.159,05","1.148,89","","-0,51%"
"15.05.2019","1.156,99","1.156,77","1.163,76","1.153,30","","0,06%"
"14.05.2019","1.156,29","1.158,26","1.160,24","1.153,19","","-0,14%"
"13.05.2019","1.157,93","1.144,03","1.158,59","1.141,12","","1,20%"
"10.05.2019","1.144,21","1.144,22","1.147,13","1.142,82","","-0,02%"
"09.05.2019","1.144,46","1.144,40","1.150,60","1.142,82","","0,03%"
"08.05.2019","1.144,16","1.147,89","1.154,07","1.142,38","","-0,30%"
"07.05.2019","1.147,56","1.143,31","1.150,88","1.141,93","","0,41%"
"06.05.2019","1.142,88","1.141,78","1.149,11","1.140,97","","0,12%"
"03.05.2019","1.141,51","1.136,59","1.146,49","1.135,88","","0,48%"
"02.05.2019","1.136,11","1.139,61","1.141,06","1.131,01","","-0,33%"
"01.05.2019","1.139,84","1.144,53","1.144,90","1.136,71","","-0,38%"
"30.04.2019","1.144,21","1.144,11","1.148,79","1.140,64","","0,05%"
"29.04.2019","1.143,68","1.153,33","1.154,57","1.143,28","","-0,83%"
"26.04.2019","1.153,23","1.147,37","1.155,47","1.146,26","","0,56%"
"25.04.2019","1.146,84","1.143,01","1.151,12","1.141,84","","0,33%"
"24.04.2019","1.143,11","1.133,34","1.145,15","1.131,12","","0,92%"
"23.04.2019","1.132,71","1.132,52","1.135,86","1.128,49","","0,08%"
"22.04.2019","1.131,85","1.134,24","1.138,94","1.130,95","","-0,12%"
"19.04.2019","1.133,24","1.134,65","1.135,86","1.133,28","","-0,16%"
"18.04.2019","1.135,06","1.127,55","1.135,96","1.124,65","","0,72%"
"17.04.2019","1.127,00","1.131,90","1.132,11","1.126,03","","-0,42%"
"16.04.2019","1.131,71","1.139,37","1.140,41","1.126,76","","-0,58%"
"15.04.2019","1.138,29","1.141,95","1.143,20","1.133,86","","-0,26%"
"12.04.2019","1.141,26","1.148,58","1.148,84","1.140,21","","-0,61%"
"11.04.2019","1.148,25","1.160,34","1.161,21","1.145,86","","-1,01%"
"10.04.2019","1.160,01","1.157,89","1.162,92","1.154,35","","0,21%"
"09.04.2019","1.157,62","1.151,05","1.158,82","1.150,90","","0,51%"
"08.04.2019","1.151,69","1.151,45","1.158,31","1.150,80","","0,04%"
"05.04.2019","1.151,19","1.151,43","1.153,76","1.144,46","","-0,01%"
"04.04.2019","1.151,36","1.148,18","1.153,64","1.142,17","","0,30%"
"03.04.2019","1.147,90","1.153,95","1.154,60","1.146,71","","-0,47%"
"02.04.2019","1.153,28","1.148,03","1.155,22","1.147,38","","0,45%"
"01.04.2019","1.148,06","1.151,86","1.154,49","1.146,64","","-0,30%"
"29.03.2019","1.151,53","1.149,83","1.157,46","1.145,29","","0,24%"
"28.03.2019","1.148,72","1.164,47","1.166,13","1.147,99","","-1,36%"
"27.03.2019","1.164,54","1.167,43","1.171,55","1.162,28","","-0,24%"
"26.03.2019","1.167,39","1.168,47","1.169,65","1.159,95","","-0,07%"
"25.03.2019","1.168,18","1.160,64","1.169,78","1.160,18","","0,66%"
"22.03.2019","1.160,52","1.151,18","1.164,77","1.148,81","","0,84%"
"21.03.2019","1.150,85","1.149,91","1.158,46","1.148,13","","0,12%"
"20.03.2019","1.149,43","1.151,06","1.153,31","1.142,92","","-0,10%"
"19.03.2019","1.150,53","1.149,95","1.155,36","1.148,84","","0,07%"
"18.03.2019","1.149,72","1.149,33","1.151,90","1.145,13","","0,08%"
"15.03.2019","1.148,80","1.146,72","1.152,90","1.143,44","","0,21%"
"14.03.2019","1.146,35","1.155,78","1.156,43","1.143,70","","-0,79%"
"13.03.2019","1.155,45","1.153,01","1.159,20","1.151,88","","0,25%"
"12.03.2019","1.152,53","1.149,82","1.153,58","1.147,22","","0,28%"
"11.03.2019","1.149,34","1.155,31","1.156,71","1.147,99","","-0,45%"
"08.03.2019","1.154,51","1.148,58","1.158,78","1.148,08","","0,56%"
"07.03.2019","1.148,10","1.137,40","1.150,46","1.132,97","","0,98%"
"06.03.2019","1.136,97","1.138,30","1.142,81","1.134,55","","-0,13%"
"05.03.2019","1.138,43","1.134,77","1.139,62","1.132,58","","0,37%"
"04.03.2019","1.134,25","1.136,81","1.141,64","1.132,82","","-0,21%"
"01.03.2019","1.136,59","1.154,03","1.156,73","1.135,00","","-1,57%"
"28.02.2019","1.154,74","1.160,66","1.164,15","1.153,41","","-0,49%"
"27.02.2019","1.160,44","1.166,70","1.168,50","1.158,30","","-0,43%"
"26.02.2019","1.165,49","1.167,86","1.171,14","1.164,31","","-0,23%"
"25.02.2019","1.168,20","1.171,16","1.174,87","1.166,87","","-0,17%"
"22.02.2019","1.170,20","1.167,43","1.175,55","1.165,49","","0,28%"
"21.02.2019","1.166,88","1.180,67","1.182,96","1.166,22","","-1,10%"
"20.02.2019","1.179,85","1.182,92","1.187,14","1.178,82","","-0,20%"
"19.02.2019","1.182,16","1.173,21","1.183,41","1.170,62","","0,85%"
"18.02.2019","1.172,24","1.170,79","1.174,18","1.168,47","","0,23%"
"15.02.2019","1.169,55","1.161,91","1.173,14","1.160,21","","0,72%"
"14.02.2019","1.161,24","1.159,25","1.163,92","1.156,27","","0,15%"
"13.02.2019","1.159,49","1.157,34","1.166,99","1.155,29","","0,21%"
"12.02.2019","1.157,01","1.159,68","1.165,59","1.155,61","","-0,21%"
"11.02.2019","1.159,46","1.160,07","1.162,08","1.153,26","","0,00%"
"08.02.2019","1.159,44","1.155,38","1.162,12","1.152,99","","0,46%"
"07.02.2019","1.154,14","1.149,94","1.157,70","1.146,38","","0,42%"
"06.02.2019","1.149,35","1.153,14","1.156,11","1.148,61","","-0,21%"
"05.02.2019","1.151,73","1.147,04","1.154,29","1.145,53","","0,49%"
"04.02.2019","1.146,14","1.150,59","1.151,57","1.143,55","","-0,36%"
"01.02.2019","1.150,23","1.155,06","1.155,67","1.146,80","","-0,35%"
"31.01.2019","1.154,22","1.149,58","1.155,55","1.145,76","","0,46%"
"30.01.2019","1.148,94","1.147,36","1.151,12","1.144,74","","0,23%"
"29.01.2019","1.146,32","1.140,42","1.149,26","1.138,97","","0,56%"
"28.01.2019","1.139,99","1.142,52","1.143,28","1.136,78","","-0,19%"
"25.01.2019","1.142,20","1.133,32","1.142,82","1.131,01","","0,86%"
"24.01.2019","1.132,42","1.127,15","1.134,70","1.124,40","","0,51%"
"23.01.2019","1.126,63","1.131,37","1.132,88","1.124,97","","-0,38%"
"22.01.2019","1.130,97","1.126,51","1.132,70","1.123,54","","0,49%"
"21.01.2019","1.125,46","1.127,15","1.129,63","1.122,82","","-0,15%"
"18.01.2019","1.127,10","1.133,32","1.135,28","1.123,37","","-0,52%"
"17.01.2019","1.133,03","1.135,30","1.137,22","1.131,26","","-0,11%"
"16.01.2019","1.134,32","1.129,92","1.136,21","1.129,02","","0,42%"
"15.01.2019","1.129,52","1.125,66","1.133,52","1.122,47","","0,45%"
"14.01.2019","1.124,49","1.122,97","1.130,86","1.122,80","","0,19%"
"11.01.2019","1.122,40","1.118,71","1.125,62","1.118,28","","0,39%"
"10.01.2019","1.118,07","1.120,27","1.123,90","1.117,96","","-0,15%"
"09.01.2019","1.119,80","1.123,49","1.124,28","1.116,68","","-0,28%"
"08.01.2019","1.122,90","1.123,39","1.125,63","1.117,92","","0,03%"
"07.01.2019","1.122,59","1.127,92","1.131,51","1.121,38","","-0,42%"
"04.01.2019","1.127,34","1.136,37","1.139,05","1.123,74","","-0,70%"
"03.01.2019","1.135,31","1.132,28","1.137,86","1.129,36","","0,33%"
"02.01.2019","1.131,57","1.118,72","1.134,39","1.116,36","","1,19%"
"01.01.2019","1.118,24","1.118,63","1.122,69","1.110,68","","0,05%"
"31.12.2018","1.117,65","1.119,24","1.122,07","1.115,96","","-0,13%"
"28.12.2018","1.119,08","1.115,30","1.119,89","1.112,87","","0,42%"
"27.12.2018","1.114,41","1.116,05","1.122,05","1.111,89","","-0,09%"
"26.12.2018","1.115,41","1.116,99","1.121,61","1.108,26","","-0,07%"
"25.12.2018","1.116,24","1.113,32","1.117,14","1.110,40","","0,32%"
"24.12.2018","1.112,71","1.104,62","1.114,45","1.103,83","","0,76%"
"21.12.2018","1.104,30","1.100,64","1.106,34","1.098,71","","0,38%"
"20.12.2018","1.100,10","1.092,51","1.104,13","1.090,53","","0,74%"
"19.12.2018","1.091,98","1.099,80","1.101,07","1.090,97","","-0,67%"
"18.12.2018","1.099,35","1.097,93","1.101,03","1.094,95","","0,17%"
"17.12.2018","1.097,43","1.095,04","1.099,49","1.091,76","","0,26%"
"14.12.2018","1.094,62","1.093,16","1.098,33","1.089,80","","0,20%"
"13.12.2018","1.092,43","1.095,51","1.096,72","1.090,80","","-0,25%"
"12.12.2018","1.095,22","1.098,02","1.100,03","1.094,01","","-0,21%"
"11.12.2018","1.097,47","1.095,82","1.100,71","1.094,09","","0,26%"
"10.12.2018","1.094,64","1.094,69","1.097,78","1.088,95","","-0,17%"
"07.12.2018","1.096,45","1.088,03","1.096,99","1.086,87","","0,83%"
"06.12.2018","1.087,38","1.090,57","1.093,89","1.086,24","","-0,26%"
"05.12.2018","1.090,17","1.092,03","1.093,34","1.088,40","","-0,10%"
"04.12.2018","1.091,23","1.084,04","1.094,76","1.083,57","","0,71%"
"03.12.2018","1.083,50","1.080,05","1.089,24","1.074,78","","0,37%"
"30.11.2018","1.079,49","1.074,22","1.080,95","1.072,46","","0,57%"
"29.11.2018","1.073,39","1.074,37","1.080,17","1.073,35","","-0,05%"
"28.11.2018","1.073,97","1.076,07","1.080,12","1.073,01","","-0,18%"
"27.11.2018","1.075,95","1.078,98","1.082,68","1.073,30","","-0,22%"
"26.11.2018","1.078,31","1.078,46","1.081,36","1.076,77","","0,06%"
"23.11.2018","1.077,70","1.076,38","1.081,10","1.071,28","","0,23%"
"22.11.2018","1.075,20","1.076,92","1.077,92","1.073,35","","-0,12%"
"21.11.2018","1.076,46","1.074,39","1.078,42","1.071,36","","0,20%"
"20.11.2018","1.074,28","1.068,86","1.076,93","1.066,11","","0,59%"
"19.11.2018","1.068,02","1.070,79","1.072,47","1.066,36","","-0,12%"
"16.11.2018","1.069,30","1.071,03","1.075,95","1.069,22","","-0,12%"
"15.11.2018","1.070,58","1.070,74","1.076,40","1.067,51","","0,02%"
"14.11.2018","1.070,32","1.064,78","1.075,59","1.059,32","","0,58%"
"13.11.2018","1.064,14","1.070,29","1.073,05","1.063,66","","-0,51%"
"12.11.2018","1.069,62","1.067,51","1.073,43","1.067,09","","0,29%"
"09.11.2018","1.066,51","1.076,73","1.078,34","1.065,20","","-0,88%"
"08.11.2018","1.075,99","1.073,49","1.078,02","1.067,64","","0,31%"
"07.11.2018","1.072,65","1.073,42","1.076,21","1.069,29","","0,00%"
"06.11.2018","1.072,62","1.079,76","1.084,64","1.072,35","","-0,59%"
"05.11.2018","1.079,01","1.082,29","1.084,42","1.076,19","","-0,29%"
"02.11.2018","1.082,17","1.081,03","1.083,87","1.076,88","","0,17%"
"01.11.2018","1.080,36","1.073,88","1.083,89","1.072,53","","0,68%"
"31.10.2018","1.073,08","1.078,19","1.079,20","1.069,82","","-0,44%"
"30.10.2018","1.077,80","1.081,03","1.082,27","1.073,78","","-0,25%"
"29.10.2018","1.080,51","1.081,43","1.084,92","1.075,88","","-0,05%"
"26.10.2018","1.081,06","1.083,19","1.093,88","1.079,93","","-0,14%"
"25.10.2018","1.082,53","1.083,41","1.085,93","1.077,63","","0,04%"
"24.10.2018","1.082,09","1.072,69","1.083,65","1.072,22","","0,93%"
"23.10.2018","1.072,14","1.066,00","1.081,96","1.065,37","","0,65%"
"22.10.2018","1.065,26","1.065,71","1.068,34","1.061,42","","0,07%"
"19.10.2018","1.064,48","1.070,34","1.074,17","1.063,92","","-0,47%"
"18.10.2018","1.069,50","1.062,78","1.072,10","1.060,47","","0,70%"
"17.10.2018","1.062,04","1.057,87","1.065,94","1.056,22","","0,44%"
"16.10.2018","1.057,39","1.059,53","1.064,07","1.056,53","","-0,16%"
"15.10.2018","1.059,10","1.053,67","1.065,24","1.053,12","","0,59%"
"12.10.2018","1.052,86","1.056,14","1.059,31","1.048,78","","-0,24%"
"11.10.2018","1.055,39","1.037,14","1.058,53","1.030,93","","1,81%"
"10.10.2018","1.036,59","1.035,26","1.037,52","1.028,42","","0,17%"
"09.10.2018","1.034,78","1.033,86","1.039,19","1.032,83","","0,15%"
"08.10.2018","1.033,25","1.044,15","1.045,12","1.031,52","","-0,97%"
"05.10.2018","1.043,35","1.041,82","1.046,72","1.039,91","","0,18%"
"04.10.2018","1.041,48","1.043,19","1.046,93","1.040,10","","-0,11%"
"03.10.2018","1.042,61","1.041,82","1.045,96","1.037,90","","0,13%"
"02.10.2018","1.041,28","1.026,44","1.045,79","1.026,16","","1,52%"
"01.10.2018","1.025,67","1.027,00","1.028,99","1.020,23","","-0,07%"
"28.09.2018","1.026,43","1.016,06","1.028,10","1.015,67","","1,07%"
"27.09.2018","1.015,56","1.017,43","1.023,46","1.011,68","","-0,15%"
"26.09.2018","1.017,09","1.020,93","1.022,80","1.013,76","","-0,29%"
"25.09.2018","1.020,03","1.020,48","1.022,10","1.018,68","","0,00%"
"24.09.2018","1.019,98","1.020,89","1.022,65","1.016,42","","-0,04%"
"21.09.2018","1.020,42","1.025,37","1.027,62","1.014,73","","-0,41%"
"20.09.2018","1.024,59","1.031,51","1.033,30","1.023,55","","-0,62%"
"19.09.2018","1.030,99","1.027,13","1.033,39","1.025,71","","0,46%"
"18.09.2018","1.026,23","1.028,13","1.028,85","1.023,22","","-0,15%"
"17.09.2018","1.027,79","1.026,85","1.030,90","1.025,53","","0,19%"
"14.09.2018","1.025,80","1.027,75","1.032,49","1.024,84","","-0,11%"
"13.09.2018","1.026,94","1.037,41","1.039,45","1.026,37","","-0,94%"
"12.09.2018","1.036,68","1.032,70","1.039,29","1.028,96","","0,50%"
"11.09.2018","1.031,57","1.031,47","1.034,03","1.025,78","","0,06%"
"10.09.2018","1.030,90","1.034,61","1.035,69","1.029,22","","-0,35%"
"07.09.2018","1.034,50","1.032,47","1.036,54","1.029,16","","0,22%"
"06.09.2018","1.032,24","1.029,07","1.037,81","1.028,37","","0,36%"
"05.09.2018","1.028,54","1.028,67","1.033,76","1.027,74","","0,03%"
"04.09.2018","1.028,20","1.033,34","1.036,47","1.027,96","","-0,43%"
"03.09.2018","1.032,60","1.035,78","1.037,31","1.030,97","","-0,20%"
"31.08.2018","1.034,65","1.028,08","1.036,90","1.027,38","","0,67%"
"30.08.2018","1.027,77","1.030,70","1.033,62","1.025,86","","-0,21%"
"29.08.2018","1.029,97","1.027,07","1.033,72","1.026,58","","0,34%"
"28.08.2018","1.026,50","1.037,29","1.038,74","1.025,74","","-1,00%"
"27.08.2018","1.036,89","1.036,90","1.040,12","1.034,28","","-0,02%"
"24.08.2018","1.037,12","1.027,22","1.040,17","1.025,23","","1,01%"
"23.08.2018","1.026,79","1.030,96","1.032,60","1.025,01","","-0,35%"
"22.08.2018","1.030,44","1.033,76","1.034,74","1.029,73","","-0,25%"
"21.08.2018","1.033,07","1.036,86","1.038,46","1.028,65","","-0,33%"
"20.08.2018","1.036,46","1.035,46","1.042,86","1.033,95","","0,10%"
"17.08.2018","1.035,45","1.032,10","1.036,46","1.030,41","","0,40%"
"16.08.2018","1.031,34","1.035,59","1.039,51","1.023,22","","-0,34%"
"15.08.2018","1.034,88","1.052,57","1.053,37","1.033,64","","-1,63%"
"14.08.2018","1.052,03","1.046,14","1.055,41","1.045,57","","0,60%"
"13.08.2018","1.045,78","1.063,62","1.065,85","1.045,51","","-1,44%"
"10.08.2018","1.061,03","1.051,70","1.065,03","1.050,41","","0,92%"
"09.08.2018","1.051,33","1.045,31","1.052,15","1.044,33","","0,63%"
"08.08.2018","1.044,78","1.044,12","1.047,14","1.041,97","","0,12%"
"07.08.2018","1.043,57","1.044,66","1.049,90","1.042,53","","-0,03%"
"06.08.2018","1.043,88","1.048,50","1.053,43","1.044,07","","-0,45%"
"03.08.2018","1.048,61","1.042,61","1.053,17","1.040,64","","0,64%"
"02.08.2018","1.041,97","1.042,93","1.048,81","1.041,80","","-0,03%"
"01.08.2018","1.042,27","1.046,82","1.048,28","1.042,09","","-0,39%"
"31.07.2018","1.046,37","1.043,65","1.049,44","1.036,12","","0,31%"
"30.07.2018","1.043,13","1.049,30","1.049,96","1.042,74","","-0,56%"
"27.07.2018","1.049,04","1.050,14","1.053,48","1.046,57","","-0,06%"
"26.07.2018","1.049,70","1.050,06","1.053,40","1.045,85","","0,00%"
"25.07.2018","1.049,67","1.047,88","1.055,07","1.047,12","","0,22%"
"24.07.2018","1.047,36","1.047,33","1.050,29","1.043,06","","0,05%"
"23.07.2018","1.046,82","1.050,37","1.052,06","1.044,97","","-0,35%"
"20.07.2018","1.050,48","1.050,16","1.053,07","1.044,85","","0,07%"
"19.07.2018","1.049,72","1.054,37","1.055,03","1.045,62","","-0,37%"
"18.07.2018","1.053,63","1.052,58","1.055,41","1.050,38","","0,13%"
"17.07.2018","1.052,24","1.059,62","1.061,51","1.049,04","","-0,64%"
"16.07.2018","1.058,98","1.063,22","1.065,22","1.057,69","","-0,28%"
"13.07.2018","1.061,95","1.068,63","1.069,86","1.061,72","","-0,57%"
"12.07.2018","1.067,99","1.064,03","1.069,19","1.063,21","","0,42%"
"11.07.2018","1.063,51","1.069,14","1.072,19","1.062,42","","-0,48%"
"10.07.2018","1.068,64","1.070,31","1.073,20","1.065,89","","-0,11%"
"09.07.2018","1.069,79","1.068,39","1.075,59","1.067,24","","0,21%"
"06.07.2018","1.067,50","1.075,93","1.077,06","1.066,53","","-0,72%"
"05.07.2018","1.075,28","1.078,37","1.079,19","1.069,92","","-0,21%"
"04.07.2018","1.077,54","1.074,82","1.080,96","1.073,60","","0,31%"
"03.07.2018","1.074,22","1.067,08","1.079,32","1.064,08","","0,71%"
"02.07.2018","1.066,65","1.075,49","1.077,25","1.066,05","","-0,45%"
"29.06.2018","1.071,49","1.078,96","1.080,76","1.071,07","","-0,64%"
"28.06.2018","1.078,43","1.083,62","1.085,65","1.076,53","","-0,44%"
"27.06.2018","1.083,18","1.080,95","1.086,10","1.075,63","","0,25%"
"26.06.2018","1.080,47","1.081,68","1.083,15","1.074,47","","-0,02%"
"25.06.2018","1.080,64","1.088,91","1.092,21","1.080,07","","-0,68%"
"22.06.2018","1.087,99","1.092,08","1.093,65","1.086,95","","-0,33%"
"21.06.2018","1.091,61","1.095,82","1.097,73","1.089,49","","-0,33%"
"20.06.2018","1.095,24","1.099,85","1.103,11","1.094,62","","-0,37%"
"19.06.2018","1.099,31","1.099,86","1.109,64","1.098,87","","-0,01%"
"18.06.2018","1.099,37","1.102,46","1.107,43","1.099,55","","-0,20%"
"15.06.2018","1.101,54","1.125,71","1.127,28","1.098,32","","-2,09%"
"14.06.2018","1.125,08","1.102,29","1.126,37","1.099,85","","2,12%"
"13.06.2018","1.101,76","1.103,47","1.104,66","1.099,79","","-0,10%"
"12.06.2018","1.102,89","1.103,31","1.105,82","1.097,12","","0,01%"
"11.06.2018","1.102,78","1.103,91","1.105,03","1.096,94","","0,00%"
"08.06.2018","1.102,80","1.098,94","1.108,97","1.096,26","","0,42%"
"07.06.2018","1.098,21","1.101,63","1.102,32","1.096,32","","-0,23%"
"06.06.2018","1.100,73","1.106,72","1.108,34","1.099,02","","-0,48%"
"05.06.2018","1.105,99","1.104,42","1.111,93","1.102,86","","0,17%"
"04.06.2018","1.104,10","1.109,47","1.109,99","1.102,27","","-0,41%"
"01.06.2018","1.108,60","1.109,86","1.114,64","1.105,87","","-0,08%"
"31.05.2018","1.109,54","1.115,72","1.119,65","1.109,66","","-0,52%"
"30.05.2018","1.115,33","1.125,58","1.129,57","1.114,43","","-0,82%"
"29.05.2018","1.124,55","1.116,65","1.133,63","1.115,35","","0,74%"
"28.05.2018","1.116,30","1.117,07","1.119,06","1.105,27","","-0,02%"
"25.05.2018","1.116,50","1.113,38","1.121,63","1.110,99","","0,31%"
"24.05.2018","1.113,03","1.106,05","1.114,42","1.104,05","","0,69%"
"23.05.2018","1.105,41","1.096,29","1.109,78","1.095,41","","0,87%"
"22.05.2018","1.095,86","1.096,28","1.099,62","1.092,97","","0,00%"
"21.05.2018","1.095,81","1.098,83","1.099,07","1.091,79","","-0,05%"
"18.05.2018","1.096,35","1.094,53","1.099,46","1.090,56","","0,25%"
"17.05.2018","1.093,59","1.093,39","1.095,36","1.089,58","","0,08%"
"16.05.2018","1.092,67","1.090,27","1.095,88","1.089,55","","0,24%"
"15.05.2018","1.090,00","1.100,71","1.102,32","1.087,51","","-0,93%"
"14.05.2018","1.100,19","1.103,48","1.105,68","1.099,47","","-0,26%"
"11.05.2018","1.103,03","1.108,97","1.111,24","1.103,38","","-0,49%"
"10.05.2018","1.108,51","1.107,78","1.110,78","1.104,85","","0,10%"
"09.05.2018","1.107,42","1.107,95","1.110,54","1.100,80","","0,00%"
"08.05.2018","1.107,43","1.102,41","1.110,10","1.100,14","","0,50%"
"07.05.2018","1.101,91","1.100,19","1.103,34","1.098,30","","0,26%"
"04.05.2018","1.099,02","1.094,41","1.100,11","1.092,59","","0,49%"
"03.05.2018","1.093,61","1.091,82","1.099,92","1.090,34","","0,21%"
"02.05.2018","1.091,32","1.087,28","1.093,71","1.087,05","","0,41%"
"01.05.2018","1.086,88","1.089,09","1.090,19","1.085,85","","-0,15%"
"30.04.2018","1.088,53","1.090,97","1.092,70","1.085,24","","-0,10%"
"27.04.2018","1.089,59","1.088,17","1.094,60","1.086,69","","0,17%"
"26.04.2018","1.087,79","1.088,18","1.089,41","1.084,43","","0,01%"
"25.04.2018","1.087,68","1.087,86","1.088,80","1.082,60","","0,04%"
"24.04.2018","1.087,27","1.085,26","1.089,71","1.084,16","","0,28%"
"23.04.2018","1.084,27","1.086,44","1.088,57","1.081,28","","-0,16%"
"20.04.2018","1.086,02","1.089,95","1.092,24","1.086,21","","-0,31%"
"19.04.2018","1.089,39","1.090,54","1.094,19","1.086,23","","-0,06%"
"18.04.2018","1.090,04","1.089,20","1.094,07","1.084,58","","0,12%"
"17.04.2018","1.088,76","1.087,17","1.090,63","1.081,59","","0,18%"
"16.04.2018","1.086,78","1.091,25","1.092,99","1.085,26","","-0,35%"
"13.04.2018","1.090,58","1.083,30","1.092,97","1.082,99","","0,72%"
"12.04.2018","1.082,80","1.094,27","1.094,89","1.081,92","","-1,00%"
"11.04.2018","1.093,79","1.084,54","1.102,47","1.083,38","","0,94%"
"10.04.2018","1.083,59","1.084,57","1.086,79","1.080,63","","-0,06%"
"09.04.2018","1.084,22","1.085,76","1.087,43","1.080,49","","-0,07%"
"06.04.2018","1.084,97","1.083,78","1.088,15","1.080,16","","0,16%"
"05.04.2018","1.083,28","1.086,01","1.087,03","1.079,39","","-0,21%"
"04.04.2018","1.085,56","1.086,20","1.097,98","1.084,59","","-0,03%"
"03.04.2018","1.085,85","1.090,31","1.092,01","1.082,74","","-0,37%"
"02.04.2018","1.089,86","1.075,22","1.093,22","1.074,36","","1,45%"
"30.03.2018","1.074,33","1.077,15","1.077,85","1.074,40","","-0,19%"
"29.03.2018","1.076,34","1.076,46","1.078,26","1.072,21","","0,03%"
"28.03.2018","1.076,00","1.084,18","1.085,22","1.073,64","","-0,71%"
"27.03.2018","1.083,68","1.087,64","1.088,55","1.081,53","","-0,34%"
"26.03.2018","1.087,41","1.091,09","1.092,62","1.085,16","","-0,24%"
"23.03.2018","1.090,05","1.080,32","1.093,43","1.079,40","","0,95%"
"22.03.2018","1.079,80","1.079,73","1.081,92","1.074,68","","0,05%"
"21.03.2018","1.079,25","1.071,12","1.082,95","1.069,16","","0,81%"
"20.03.2018","1.070,57","1.067,65","1.071,45","1.064,22","","0,32%"
"19.03.2018","1.067,16","1.069,69","1.070,55","1.064,28","","-0,10%"
"16.03.2018","1.068,26","1.069,74","1.072,32","1.066,84","","-0,10%"
"15.03.2018","1.069,37","1.071,40","1.072,72","1.067,45","","-0,14%"
"14.03.2018","1.070,90","1.070,54","1.073,23","1.068,39","","0,08%"
"13.03.2018","1.070,06","1.072,59","1.074,73","1.066,82","","-0,20%"
"12.03.2018","1.072,20","1.075,26","1.075,91","1.068,49","","-0,29%"
"09.03.2018","1.075,34","1.073,85","1.075,97","1.068,90","","0,22%"
"08.03.2018","1.072,98","1.067,86","1.074,84","1.065,64","","0,51%"
"07.03.2018","1.067,57","1.076,01","1.079,37","1.065,85","","-0,74%"
"06.03.2018","1.075,52","1.070,39","1.078,36","1.069,26","","0,52%"
"05.03.2018","1.069,99","1.072,87","1.080,88","1.068,88","","-0,31%"
"02.03.2018","1.073,36","1.073,64","1.077,46","1.069,52","","0,01%"
"01.03.2018","1.073,21","1.080,99","1.082,13","1.068,60","","-0,67%"
"28.02.2018","1.080,47","1.077,90","1.081,93","1.075,82","","0,28%"
"27.02.2018","1.077,41","1.082,55","1.083,99","1.073,73","","-0,43%"
"26.02.2018","1.082,07","1.080,62","1.088,28","1.079,67","","0,11%"
"23.02.2018","1.080,91","1.080,30","1.082,53","1.078,19","","0,11%"
"22.02.2018","1.079,76","1.078,41","1.081,15","1.075,62","","0,18%"
"21.02.2018","1.077,80","1.077,57","1.082,49","1.074,91","","0,07%"
"20.02.2018","1.077,07","1.085,39","1.087,51","1.076,61","","-0,73%"
"19.02.2018","1.085,03","1.086,15","1.089,22","1.084,33","","-0,11%"
"16.02.2018","1.086,21","1.082,19","1.089,62","1.080,80","","0,41%"
"15.02.2018","1.081,79","1.084,68","1.087,86","1.080,91","","-0,22%"
"14.02.2018","1.084,19","1.076,30","1.090,33","1.071,11","","0,78%"
"13.02.2018","1.075,81","1.075,94","1.079,55","1.070,92","","0,02%"
"12.02.2018","1.075,55","1.074,46","1.080,91","1.072,71","","-0,01%"
"09.02.2018","1.075,64","1.077,21","1.079,51","1.070,33","","-0,08%"
"08.02.2018","1.076,51","1.075,66","1.079,78","1.067,78","","0,15%"
"07.02.2018","1.074,92","1.070,22","1.076,59","1.069,41","","0,48%"
"06.02.2018","1.069,77","1.083,04","1.088,76","1.066,36","","-1,18%"
"05.02.2018","1.082,55","1.070,07","1.083,86","1.067,41","","1,22%"
"02.02.2018","1.069,50","1.078,32","1.080,00","1.066,67","","-0,76%"
"01.02.2018","1.077,73","1.083,49","1.084,63","1.074,28","","-0,43%"
"31.01.2018","1.082,43","1.079,43","1.085,60","1.075,45","","0,32%"
"30.01.2018","1.078,93","1.082,49","1.084,68","1.077,81","","-0,29%"
"29.01.2018","1.082,05","1.086,47","1.088,78","1.081,71","","-0,41%"
"26.01.2018","1.086,50","1.087,78","1.090,09","1.085,07","","-0,07%"
"25.01.2018","1.087,27","1.094,86","1.097,63","1.083,43","","-0,64%"
"24.01.2018","1.094,27","1.090,57","1.097,23","1.087,63","","0,38%"
"23.01.2018","1.090,08","1.087,88","1.093,94","1.085,39","","0,24%"
"22.01.2018","1.087,43","1.085,72","1.090,24","1.084,96","","-0,17%"
"19.01.2018","1.089,27","1.084,38","1.091,75","1.083,43","","0,51%"
"18.01.2018","1.083,75","1.088,46","1.091,13","1.083,43","","-0,38%"
"17.01.2018","1.087,84","1.091,76","1.096,02","1.084,67","","-0,31%"
"16.01.2018","1.091,25","1.092,80","1.095,90","1.089,61","","-0,09%"
"15.01.2018","1.092,26","1.097,33","1.100,47","1.090,91","","-0,52%"
"12.01.2018","1.097,99","1.099,05","1.104,30","1.092,41","","-0,06%"
"11.01.2018","1.098,67","1.102,24","1.105,13","1.095,38","","-0,28%"
"10.01.2018","1.101,72","1.099,82","1.105,33","1.096,12","","0,22%"
"09.01.2018","1.099,30","1.103,36","1.104,03","1.097,51","","-0,32%"
"08.01.2018","1.102,86","1.097,53","1.103,81","1.095,89","","0,54%"
"05.01.2018","1.096,92","1.096,09","1.098,31","1.091,87","","0,12%"
"04.01.2018","1.095,63","1.093,07","1.098,61","1.085,94","","0,29%"
"03.01.2018","1.092,47","1.092,72","1.096,97","1.088,51","","0,03%"
"02.01.2018","1.092,13","1.084,37","1.093,74","1.083,83","","0,72%"
"01.01.2018","1.084,29","1.085,27","1.085,96","1.084,24","","-0,10%"
"29.12.2017","1.085,38","1.084,32","1.088,18","1.080,28","","0,14%"
"28.12.2017","1.083,83","1.082,78","1.084,84","1.080,21","","0,15%"
"27.12.2017","1.082,24","1.081,89","1.083,88","1.078,29","","0,07%"
"26.12.2017","1.081,50","1.074,57","1.082,36","1.072,58","","0,70%"
"25.12.2017","1.074,02","1.076,14","1.076,64","1.073,26","","-0,06%"
"22.12.2017","1.074,71","1.066,81","1.077,92","1.066,49","","0,78%"
"21.12.2017","1.066,43","1.066,03","1.068,99","1.064,39","","0,08%"
"20.12.2017","1.065,60","1.065,63","1.069,58","1.062,74","","0,05%"
"19.12.2017","1.065,12","1.070,94","1.072,45","1.063,63","","-0,51%"
"18.12.2017","1.070,56","1.067,85","1.072,30","1.065,66","","0,27%"
"15.12.2017","1.067,69","1.063,85","1.069,54","1.062,72","","0,43%"
"14.12.2017","1.063,12","1.061,78","1.066,07","1.057,60","","0,17%"
"13.12.2017","1.061,33","1.059,58","1.064,64","1.055,57","","0,21%"
"12.12.2017","1.059,06","1.055,47","1.060,19","1.054,01","","0,38%"
"11.12.2017","1.055,04","1.060,53","1.061,79","1.052,44","","-0,52%"
"08.12.2017","1.060,57","1.059,24","1.064,76","1.057,99","","0,18%"
"07.12.2017","1.058,68","1.071,03","1.071,62","1.056,24","","-1,11%"
"06.12.2017","1.070,53","1.070,51","1.074,88","1.068,86","","0,05%"
"05.12.2017","1.069,98","1.075,49","1.077,43","1.067,28","","-0,46%"
"04.12.2017","1.074,97","1.077,58","1.080,40","1.071,49","","-0,13%"
"01.12.2017","1.076,42","1.070,92","1.081,55","1.068,72","","0,56%"
"30.11.2017","1.070,40","1.083,48","1.085,89","1.067,62","","-1,18%"
"29.11.2017","1.083,14","1.092,82","1.094,31","1.081,72","","-0,85%"
"28.11.2017","1.092,38","1.087,88","1.094,00","1.084,97","","0,46%"
"27.11.2017","1.087,35","1.079,64","1.089,24","1.078,56","","0,74%"
"24.11.2017","1.079,40","1.089,53","1.091,37","1.078,28","","-0,89%"
"23.11.2017","1.089,09","1.093,02","1.093,61","1.086,86","","-0,31%"
"22.11.2017","1.092,50","1.090,93","1.096,17","1.089,65","","0,23%"
"21.11.2017","1.090,00","1.088,36","1.094,56","1.087,93","","0,18%"
"20.11.2017","1.087,99","1.097,76","1.104,09","1.085,32","","-0,84%"
"17.11.2017","1.097,17","1.086,24","1.099,05","1.085,28","","1,04%"
"16.11.2017","1.085,87","1.084,04","1.088,46","1.081,78","","0,21%"
"15.11.2017","1.083,58","1.085,06","1.089,74","1.082,24","","-0,11%"
"14.11.2017","1.084,75","1.095,66","1.096,07","1.081,37","","-0,97%"
"13.11.2017","1.095,39","1.093,89","1.098,82","1.092,64","","0,15%"
"10.11.2017","1.093,73","1.103,76","1.104,91","1.091,89","","-0,88%"
"09.11.2017","1.103,43","1.105,23","1.108,57","1.102,52","","-0,11%"
"08.11.2017","1.104,65","1.100,65","1.111,13","1.099,87","","0,40%"
"07.11.2017","1.100,22","1.104,26","1.106,23","1.099,40","","-0,33%"
"06.11.2017","1.103,83","1.093,75","1.105,61","1.091,55","","0,95%"
"03.11.2017","1.093,41","1.094,47","1.098,20","1.090,00","","-0,05%"
"02.11.2017","1.094,01","1.096,88","1.099,67","1.092,80","","-0,21%"
"01.11.2017","1.096,34","1.091,86","1.101,17","1.089,01","","0,46%"
"31.10.2017","1.091,35","1.095,45","1.097,88","1.088,49","","-0,32%"
"30.10.2017","1.094,88","1.097,44","1.099,31","1.091,24","","-0,10%"
"27.10.2017","1.095,93","1.087,65","1.098,94","1.086,85","","0,80%"
"26.10.2017","1.087,23","1.081,36","1.089,72","1.079,91","","0,58%"
"25.10.2017","1.080,93","1.085,56","1.085,91","1.078,99","","-0,38%"
"24.10.2017","1.085,04","1.091,22","1.092,12","1.082,79","","-0,52%"
"23.10.2017","1.090,70","1.087,85","1.092,19","1.083,57","","0,40%"
"20.10.2017","1.086,31","1.088,16","1.089,77","1.083,43","","-0,13%"
"19.10.2017","1.087,73","1.086,89","1.091,48","1.081,91","","0,11%"
"18.10.2017","1.086,50","1.092,30","1.094,90","1.085,00","","-0,49%"
"17.10.2017","1.091,83","1.097,56","1.099,57","1.090,78","","-0,45%"
"16.10.2017","1.096,80","1.103,49","1.107,63","1.094,88","","-0,56%"
"13.10.2017","1.102,99","1.093,57","1.103,70","1.090,26","","0,92%"
"12.10.2017","1.092,89","1.089,16","1.094,12","1.088,26","","0,38%"
"11.10.2017","1.088,79","1.090,66","1.093,13","1.083,60","","-0,15%"
"10.10.2017","1.090,42","1.093,78","1.096,74","1.089,84","","-0,26%"
"09.10.2017","1.093,25","1.087,93","1.095,14","1.086,20","","0,60%"
"06.10.2017","1.086,75","1.082,78","1.088,37","1.077,47","","0,41%"
"05.10.2017","1.082,35","1.083,93","1.089,78","1.082,21","","-0,10%"
"04.10.2017","1.083,41","1.082,57","1.088,54","1.081,28","","0,16%"
"03.10.2017","1.081,64","1.083,47","1.086,25","1.080,20","","-0,11%"
"02.10.2017","1.082,85","1.082,68","1.086,91","1.080,24","","0,03%"
"29.09.2017","1.082,48","1.092,18","1.093,35","1.081,07","","-0,85%"
"28.09.2017","1.091,71","1.090,83","1.094,22","1.087,16","","0,12%"
"27.09.2017","1.090,35","1.097,22","1.100,64","1.090,36","","-0,58%"
"26.09.2017","1.096,66","1.106,19","1.108,76","1.096,74","","-0,81%"
"25.09.2017","1.105,61","1.085,40","1.107,40","1.082,29","","1,87%"
"22.09.2017","1.085,33","1.081,44","1.086,55","1.079,89","","0,41%"
"21.09.2017","1.080,89","1.093,95","1.095,57","1.080,93","","-1,15%"
"20.09.2017","1.093,43","1.093,28","1.096,50","1.091,13","","0,04%"
"19.09.2017","1.093,01","1.093,74","1.094,92","1.088,88","","0,01%"
"18.09.2017","1.092,87","1.104,38","1.107,12","1.092,91","","-1,04%"
"15.09.2017","1.104,41","1.115,72","1.119,77","1.103,09","","-0,98%"
"14.09.2017","1.115,29","1.112,89","1.117,01","1.109,44","","0,30%"
"13.09.2017","1.111,90","1.113,06","1.114,72","1.109,16","","-0,02%"
"12.09.2017","1.112,13","1.110,49","1.113,72","1.106,83","","0,20%"
"11.09.2017","1.109,93","1.118,49","1.121,19","1.109,44","","-0,76%"
"08.09.2017","1.118,48","1.122,14","1.124,47","1.116,91","","-0,28%"
"07.09.2017","1.121,66","1.119,57","1.124,87","1.113,83","","0,24%"
"06.09.2017","1.119,02","1.124,17","1.126,18","1.117,22","","-0,37%"
"05.09.2017","1.123,16","1.122,00","1.128,08","1.116,96","","0,14%"
"04.09.2017","1.121,54","1.117,27","1.126,81","1.114,36","","0,43%"
"01.09.2017","1.116,74","1.110,05","1.118,40","1.103,31","","0,66%"
"31.08.2017","1.109,47","1.101,42","1.112,69","1.095,34","","0,79%"
"30.08.2017","1.100,76","1.093,67","1.101,73","1.092,43","","0,66%"
"29.08.2017","1.093,54","1.094,03","1.105,10","1.089,26","","0,05%"
"28.08.2017","1.092,98","1.082,69","1.095,99","1.079,11","","0,96%"
"25.08.2017","1.082,62","1.090,20","1.094,76","1.081,45","","-0,67%"
"24.08.2017","1.089,91","1.093,10","1.093,81","1.088,13","","-0,19%"
"23.08.2017","1.092,02","1.092,22","1.095,49","1.089,72","","0,02%"
"22.08.2017","1.091,75","1.093,64","1.097,32","1.088,26","","-0,09%"
"21.08.2017","1.092,76","1.092,72","1.098,26","1.089,49","","0,11%"
"18.08.2017","1.091,55","1.098,70","1.107,51","1.091,75","","-0,60%"
"17.08.2017","1.098,17","1.090,14","1.101,70","1.089,36","","0,76%"
"16.08.2017","1.089,91","1.084,09","1.090,87","1.080,15","","0,62%"
"15.08.2017","1.083,22","1.088,24","1.088,94","1.080,43","","-0,44%"
"14.08.2017","1.087,98","1.091,91","1.091,91","1.084,24","","-0,21%"
"11.08.2017","1.090,27","1.092,97","1.097,21","1.084,57","","-0,21%"
"10.08.2017","1.092,53","1.086,45","1.098,79","1.083,69","","0,61%"
"09.08.2017","1.085,92","1.072,89","1.088,86","1.072,07","","1,29%"
"08.08.2017","1.072,09","1.066,21","1.073,97","1.065,17","","0,60%"
"07.08.2017","1.065,70","1.069,51","1.069,72","1.063,85","","-0,24%"
"04.08.2017","1.068,29","1.068,74","1.071,55","1.064,33","","0,01%"
"03.08.2017","1.068,19","1.068,30","1.070,92","1.061,89","","0,04%"
"02.08.2017","1.067,78","1.075,33","1.076,43","1.067,46","","-0,66%"
"01.08.2017","1.074,86","1.072,07","1.079,74","1.069,96","","0,31%"
"31.07.2017","1.071,56","1.081,37","1.082,69","1.071,55","","-0,74%"
"28.07.2017","1.079,51","1.078,23","1.081,30","1.073,66","","0,17%"
"27.07.2017","1.077,71","1.074,74","1.081,51","1.072,57","","0,32%"
"26.07.2017","1.074,22","1.072,42","1.076,79","1.069,20","","0,27%"
"25.07.2017","1.071,35","1.078,21","1.080,00","1.069,15","","-0,57%"
"24.07.2017","1.077,50","1.076,24","1.081,12","1.073,57","","0,18%"
"21.07.2017","1.075,61","1.070,20","1.076,43","1.068,10","","0,57%"
"20.07.2017","1.069,49","1.077,81","1.079,73","1.067,24","","-0,72%"
"19.07.2017","1.077,28","1.075,31","1.079,48","1.072,34","","0,24%"
"18.07.2017","1.074,68","1.075,24","1.077,24","1.069,62","","-0,02%"
"17.07.2017","1.074,90","1.072,03","1.078,42","1.070,70","","0,36%"
"14.07.2017","1.071,03","1.068,30","1.076,08","1.065,57","","0,31%"
"13.07.2017","1.067,67","1.069,29","1.075,28","1.066,31","","-0,10%"
"12.07.2017","1.068,71","1.061,83","1.072,26","1.060,34","","0,72%"
"11.07.2017","1.061,12","1.065,30","1.066,49","1.057,84","","-0,33%"
"10.07.2017","1.064,67","1.064,65","1.067,18","1.056,42","","0,09%"
"07.07.2017","1.063,67","1.072,53","1.073,96","1.059,58","","-0,78%"
"06.07.2017","1.072,00","1.080,72","1.082,86","1.070,82","","-0,77%"
"05.07.2017","1.080,29","1.078,82","1.081,78","1.075,17","","0,20%"
"04.07.2017","1.078,16","1.073,97","1.081,08","1.073,53","","0,42%"
"03.07.2017","1.073,60","1.087,17","1.088,16","1.072,29","","-1,14%"
"30.06.2017","1.086,01","1.088,83","1.092,94","1.085,96","","-0,23%"
"29.06.2017","1.088,47","1.097,88","1.099,79","1.086,57","","-0,80%"
"28.06.2017","1.097,28","1.099,93","1.110,77","1.096,43","","-0,20%"
"27.06.2017","1.099,52","1.112,90","1.119,94","1.099,13","","-1,15%"
"26.06.2017","1.112,26","1.122,09","1.124,09","1.105,62","","-0,89%"
"23.06.2017","1.122,28","1.121,28","1.127,26","1.120,01","","0,14%"
"22.06.2017","1.120,72","1.116,13","1.123,88","1.115,38","","0,46%"
"21.06.2017","1.115,63","1.116,58","1.120,42","1.113,12","","-0,04%"
"20.06.2017","1.116,03","1.115,36","1.119,76","1.113,85","","0,12%"
"19.06.2017","1.114,70","1.119,32","1.121,02","1.114,71","","-0,40%"
"16.06.2017","1.119,15","1.125,13","1.126,21","1.118,90","","-0,48%"
"15.06.2017","1.124,52","1.124,55","1.129,45","1.122,12","","0,05%"
"14.06.2017","1.123,95","1.129,57","1.135,76","1.120,71","","-0,46%"
"13.06.2017","1.129,10","1.129,72","1.132,97","1.123,76","","0,02%"
"12.06.2017","1.128,88","1.131,22","1.133,72","1.126,69","","-0,18%"
"09.06.2017","1.130,90","1.140,36","1.145,01","1.130,79","","-0,70%"
"08.06.2017","1.138,89","1.143,43","1.146,17","1.133,95","","-0,35%"
"07.06.2017","1.142,87","1.147,57","1.152,35","1.139,54","","-0,35%"
"06.06.2017","1.146,85","1.137,20","1.150,61","1.136,24","","0,91%"
"05.06.2017","1.136,54","1.134,84","1.141,21","1.133,74","","0,23%"
"02.06.2017","1.133,98","1.128,78","1.134,64","1.122,44","","0,51%"
"01.06.2017","1.128,19","1.128,29","1.132,18","1.124,52","","0,05%"
"31.05.2017","1.127,59","1.129,22","1.134,82","1.125,34","","-0,09%"
"30.05.2017","1.128,63","1.134,78","1.142,22","1.127,15","","-0,50%"
"29.05.2017","1.134,34","1.133,37","1.135,88","1.131,57","","0,15%"
"26.05.2017","1.132,65","1.120,16","1.136,47","1.117,56","","1,16%"
"25.05.2017","1.119,66","1.121,76","1.123,32","1.117,75","","-0,13%"
"24.05.2017","1.121,17","1.118,80","1.122,69","1.116,32","","0,26%"
"23.05.2017","1.118,25","1.121,66","1.125,21","1.118,15","","-0,27%"
"22.05.2017","1.121,25","1.120,83","1.125,08","1.117,11","","0,14%"
"19.05.2017","1.119,68","1.123,18","1.126,64","1.116,80","","-0,26%"
"18.05.2017","1.122,61","1.129,75","1.136,51","1.121,99","","-0,60%"
"17.05.2017","1.129,35","1.115,94","1.131,82","1.114,92","","1,23%"
"16.05.2017","1.115,58","1.121,14","1.124,80","1.114,05","","-0,45%"
"15.05.2017","1.120,62","1.124,64","1.127,63","1.120,35","","-0,25%"
"12.05.2017","1.123,40","1.127,65","1.132,41","1.122,92","","-0,34%"
"11.05.2017","1.127,28","1.121,63","1.129,86","1.120,26","","0,53%"
"10.05.2017","1.121,34","1.123,19","1.128,52","1.120,09","","-0,11%"
"09.05.2017","1.122,56","1.122,58","1.126,51","1.116,03","","0,06%"
"08.05.2017","1.121,91","1.116,22","1.130,22","1.112,86","","0,53%"
"05.05.2017","1.115,99","1.117,22","1.127,73","1.115,68","","-0,12%"
"04.05.2017","1.117,31","1.137,47","1.140,34","1.116,76","","-1,71%"
"03.05.2017","1.136,75","1.150,01","1.150,63","1.134,88","","-1,12%"
"02.05.2017","1.149,64","1.153,11","1.153,60","1.147,28","","-0,28%"
"01.05.2017","1.152,90","1.162,70","1.166,42","1.149,97","","-0,88%"
"28.04.2017","1.163,09","1.162,69","1.165,57","1.156,74","","0,08%"
"27.04.2017","1.162,13","1.163,90","1.166,49","1.155,37","","-0,12%"
"26.04.2017","1.163,47","1.156,65","1.165,65","1.152,84","","0,63%"
"25.04.2017","1.156,18","1.173,49","1.176,75","1.152,40","","-1,46%"
"24.04.2017","1.173,33","1.176,01","1.180,72","1.163,28","","-1,95%"
"21.04.2017","1.196,64","1.196,04","1.204,82","1.191,71","","0,09%"
"20.04.2017","1.195,61","1.194,66","1.196,63","1.185,74","","0,15%"
"19.04.2017","1.193,79","1.201,51","1.203,28","1.191,21","","-0,62%"
"18.04.2017","1.201,21","1.207,24","1.208,72","1.196,79","","-0,42%"
"17.04.2017","1.206,26","1.211,26","1.221,42","1.204,19","","-0,38%"
"14.04.2017","1.210,84","1.213,31","1.214,82","1.208,68","","-0,16%"
"13.04.2017","1.212,77","1.206,38","1.214,38","1.202,96","","0,59%"
"12.04.2017","1.205,66","1.201,80","1.207,19","1.198,45","","0,34%"
"11.04.2017","1.201,60","1.184,15","1.202,80","1.183,30","","1,54%"
"10.04.2017","1.183,33","1.183,91","1.187,27","1.178,76","","-0,06%"
"07.04.2017","1.184,05","1.176,06","1.194,17","1.174,56","","0,75%"
"06.04.2017","1.175,26","1.177,53","1.180,14","1.172,62","","-0,15%"
"05.04.2017","1.177,05","1.176,90","1.178,04","1.166,55","","0,08%"
"04.04.2017","1.176,08","1.174,55","1.184,57","1.174,39","","0,15%"
"03.04.2017","1.174,28","1.171,74","1.177,51","1.165,94","","0,20%"
"31.03.2017","1.171,96","1.164,74","1.172,80","1.160,78","","0,68%"
"30.03.2017","1.164,09","1.163,34","1.166,68","1.160,09","","0,12%"
"29.03.2017","1.162,66","1.157,53","1.166,72","1.152,80","","0,46%"
"28.03.2017","1.157,31","1.154,65","1.160,18","1.152,49","","0,30%"
"27.03.2017","1.153,87","1.152,39","1.160,07","1.146,86","","0,21%"
"24.03.2017","1.151,45","1.154,88","1.158,41","1.149,95","","-0,24%"
"23.03.2017","1.154,20","1.156,82","1.162,03","1.152,41","","-0,19%"
"22.03.2017","1.156,42","1.151,72","1.158,46","1.150,82","","0,49%"
"21.03.2017","1.150,82","1.148,94","1.154,49","1.137,76","","0,24%"
"20.03.2017","1.148,08","1.144,62","1.150,99","1.143,93","","0,35%"
"17.03.2017","1.144,09","1.139,49","1.147,27","1.136,82","","0,45%"
"16.03.2017","1.138,93","1.136,41","1.151,09","1.134,34","","0,31%"
"15.03.2017","1.135,45","1.130,78","1.140,63","1.125,86","","0,49%"
"14.03.2017","1.129,86","1.130,50","1.135,70","1.127,36","","0,01%"
"13.03.2017","1.129,74","1.128,53","1.134,18","1.126,47","","0,13%"
"10.03.2017","1.128,31","1.135,39","1.136,69","1.123,17","","-0,57%"
"09.03.2017","1.134,80","1.146,15","1.147,19","1.133,74","","-0,93%"
"08.03.2017","1.145,51","1.150,69","1.153,80","1.142,86","","-0,42%"
"07.03.2017","1.150,32","1.158,11","1.160,46","1.148,69","","-0,62%"
"06.03.2017","1.157,46","1.162,63","1.165,72","1.157,29","","-0,35%"
"03.03.2017","1.161,51","1.174,99","1.177,05","1.159,26","","-1,11%"
"02.03.2017","1.174,55","1.184,76","1.185,59","1.171,45","","-0,81%"
"01.03.2017","1.184,09","1.180,39","1.185,69","1.175,22","","0,37%"
"28.02.2017","1.179,67","1.183,38","1.186,92","1.176,60","","-0,29%"
"27.02.2017","1.183,06","1.190,01","1.191,28","1.181,09","","-0,52%"
"24.02.2017","1.189,25","1.180,59","1.192,34","1.178,88","","0,78%"
"23.02.2017","1.179,99","1.172,09","1.183,59","1.169,80","","0,70%"
"22.02.2017","1.171,84","1.172,85","1.180,35","1.166,48","","-0,04%"
"21.02.2017","1.172,32","1.166,74","1.175,18","1.163,96","","0,55%"
"20.02.2017","1.165,94","1.163,62","1.167,52","1.161,41","","0,21%"
"17.02.2017","1.163,44","1.161,10","1.168,22","1.159,18","","0,26%"
"16.02.2017","1.160,41","1.163,10","1.165,27","1.160,20","","-0,16%"
"15.02.2017","1.162,30","1.161,61","1.164,30","1.155,88","","0,10%"
"14.02.2017","1.161,17","1.156,51","1.164,44","1.154,64","","0,47%"
"13.02.2017","1.155,76","1.160,37","1.161,96","1.150,34","","-0,31%"
"10.02.2017","1.159,35","1.153,57","1.161,99","1.146,32","","0,53%"
"09.02.2017","1.153,20","1.161,26","1.164,13","1.152,29","","-0,63%"
"08.02.2017","1.160,50","1.154,60","1.164,26","1.152,66","","0,61%"
"07.02.2017","1.153,47","1.149,44","1.156,13","1.147,68","","0,39%"
"06.02.2017","1.149,01","1.131,30","1.149,95","1.129,15","","1,61%"
"03.02.2017","1.130,81","1.130,28","1.132,31","1.123,31","","0,10%"
"02.02.2017","1.129,71","1.123,55","1.133,24","1.122,40","","0,62%"
"01.02.2017","1.122,73","1.121,05","1.124,70","1.115,24","","0,22%"
"31.01.2017","1.120,32","1.117,37","1.126,92","1.115,21","","0,28%"
"30.01.2017","1.117,15","1.114,58","1.124,11","1.110,22","","0,39%"
"27.01.2017","1.112,86","1.112,53","1.114,53","1.104,92","","0,09%"
"26.01.2017","1.111,85","1.116,97","1.118,22","1.107,28","","-0,37%"
"25.01.2017","1.115,94","1.126,75","1.127,96","1.112,66","","-0,92%"
"24.01.2017","1.126,32","1.131,73","1.133,12","1.125,08","","-0,40%"
"23.01.2017","1.130,79","1.131,84","1.135,36","1.128,09","","0,12%"
"20.01.2017","1.129,46","1.129,64","1.135,68","1.125,40","","0,02%"
"19.01.2017","1.129,26","1.133,11","1.134,17","1.126,10","","-0,25%"
"18.01.2017","1.132,07","1.135,87","1.139,01","1.130,11","","-0,28%"
"17.01.2017","1.135,28","1.135,13","1.142,03","1.132,43","","0,11%"
"16.01.2017","1.134,08","1.128,01","1.137,40","1.126,31","","0,85%"
"13.01.2017","1.124,50","1.126,61","1.127,63","1.119,35","","-0,13%"
"12.01.2017","1.125,91","1.126,31","1.135,68","1.124,47","","0,01%"
"11.01.2017","1.125,81","1.125,20","1.132,53","1.123,34","","0,12%"
"10.01.2017","1.124,46","1.116,84","1.125,92","1.114,96","","0,72%"
"09.01.2017","1.116,40","1.112,83","1.123,53","1.112,30","","0,30%"
"06.01.2017","1.113,06","1.112,47","1.116,92","1.108,90","","0,13%"
"05.01.2017","1.111,58","1.108,63","1.118,72","1.108,15","","0,29%"
"04.01.2017","1.108,38","1.113,74","1.119,42","1.108,08","","-0,43%"
"03.01.2017","1.113,14","1.102,12","1.116,18","1.098,34","","1,12%"
"02.01.2017","1.100,79","1.093,76","1.102,70","1.093,20","","0,56%"
"30.12.2016","1.094,65","1.103,71","1.104,82","1.088,34","","-0,76%"
"29.12.2016","1.103,02","1.096,23","1.105,88","1.093,96","","0,71%"
"28.12.2016","1.095,28","1.089,15","1.098,70","1.088,16","","0,66%"
"27.12.2016","1.088,10","1.084,65","1.099,81","1.082,97","","0,40%"
"26.12.2016","1.083,81","1.084,38","1.086,47","1.082,79","","0,04%"
"23.12.2016","1.083,38","1.081,44","1.086,90","1.080,19","","0,26%"
"22.12.2016","1.080,57","1.084,28","1.086,14","1.079,49","","-0,28%"
"21.12.2016","1.083,59","1.089,77","1.093,03","1.082,85","","-0,48%"
"20.12.2016","1.088,87","1.094,44","1.095,51","1.085,34","","-0,51%"
"19.12.2016","1.094,47","1.085,56","1.096,60","1.084,96","","0,91%"
"16.12.2016","1.084,59","1.083,52","1.091,24","1.082,03","","0,11%"
"15.12.2016","1.083,36","1.085,04","1.090,41","1.078,26","","-0,10%"
"14.12.2016","1.084,42","1.089,99","1.097,20","1.084,04","","-0,46%"
"13.12.2016","1.089,48","1.093,05","1.095,68","1.084,66","","-0,28%"
"12.12.2016","1.092,57","1.097,19","1.099,90","1.087,96","","-0,30%"
"09.12.2016","1.095,83","1.102,87","1.106,58","1.095,68","","-0,59%"
"08.12.2016","1.102,35","1.091,85","1.105,07","1.082,35","","1,03%"
"07.12.2016","1.091,07","1.091,69","1.098,99","1.087,47","","0,02%"
"06.12.2016","1.090,87","1.087,65","1.094,69","1.085,72","","0,36%"
"05.12.2016","1.086,98","1.102,34","1.130,76","1.078,07","","-1,41%"
"02.12.2016","1.102,56","1.098,91","1.104,97","1.097,25","","0,35%"
"01.12.2016","1.098,72","1.108,22","1.109,48","1.095,36","","-0,82%"
"30.11.2016","1.107,79","1.115,82","1.122,17","1.105,24","","-0,68%"
"29.11.2016","1.115,35","1.124,22","1.126,86","1.115,06","","-0,69%"
"28.11.2016","1.123,13","1.116,74","1.127,01","1.113,48","","0,55%"
"25.11.2016","1.116,98","1.121,85","1.125,21","1.111,45","","-0,34%"
"24.11.2016","1.120,77","1.125,55","1.128,78","1.119,39","","-0,35%"
"23.11.2016","1.124,74","1.140,77","1.144,12","1.121,87","","-1,36%"
"22.11.2016","1.140,29","1.142,09","1.147,92","1.138,34","","-0,09%"
"21.11.2016","1.141,35","1.141,97","1.145,53","1.138,51","","0,02%"
"18.11.2016","1.141,17","1.144,84","1.146,24","1.134,35","","-0,27%"
"17.11.2016","1.144,25","1.144,97","1.152,68","1.139,55","","-0,03%"
"16.11.2016","1.144,55","1.146,01","1.149,45","1.141,61","","-0,08%"
"15.11.2016","1.145,44","1.137,37","1.146,41","1.132,52","","0,77%"
"14.11.2016","1.136,69","1.129,66","1.143,17","1.124,30","","0,73%"
"11.11.2016","1.128,45","1.156,05","1.162,52","1.123,66","","-2,33%"
"10.11.2016","1.155,33","1.171,60","1.182,49","1.149,80","","-1,36%"
"09.11.2016","1.171,22","1.156,90","1.189,15","1.153,52","","1,29%"
"08.11.2016","1.156,34","1.160,82","1.167,95","1.152,78","","-0,32%"
"07.11.2016","1.160,10","1.171,20","1.181,07","1.158,04","","-0,85%"
"04.11.2016","1.170,08","1.172,98","1.177,40","1.166,41","","-0,19%"
"03.11.2016","1.172,32","1.168,45","1.175,43","1.160,68","","0,37%"
"02.11.2016","1.168,00","1.165,17","1.177,88","1.163,88","","0,29%"
"01.11.2016","1.164,65","1.163,32","1.169,69","1.162,20","","0,15%"
"31.10.2016","1.162,96","1.161,64","1.166,61","1.159,67","","0,18%"
"28.10.2016","1.160,87","1.164,08","1.169,68","1.155,05","","-0,22%"
"27.10.2016","1.163,39","1.161,42","1.166,45","1.158,10","","0,22%"
"26.10.2016","1.160,86","1.170,24","1.173,83","1.158,93","","-0,76%"
"25.10.2016","1.169,76","1.162,01","1.171,93","1.161,10","","0,73%"
"24.10.2016","1.161,29","1.164,08","1.168,30","1.158,11","","-0,16%"
"21.10.2016","1.163,19","1.158,15","1.167,37","1.156,84","","0,47%"
"20.10.2016","1.157,70","1.156,86","1.164,03","1.149,45","","0,12%"
"19.10.2016","1.156,26","1.150,07","1.160,99","1.147,64","","0,61%"
"18.10.2016","1.149,27","1.141,78","1.151,01","1.138,31","","0,69%"
"17.10.2016","1.141,43","1.139,56","1.144,14","1.138,35","","0,20%"
"14.10.2016","1.139,16","1.137,90","1.143,90","1.133,56","","0,19%"
"13.10.2016","1.136,97","1.140,53","1.145,92","1.136,55","","-0,22%"
"12.10.2016","1.139,42","1.133,71","1.141,57","1.132,50","","0,55%"
"11.10.2016","1.133,18","1.130,98","1.138,89","1.127,61","","0,23%"
"10.10.2016","1.130,59","1.122,59","1.132,13","1.121,89","","0,81%"
"07.10.2016","1.121,56","1.125,23","1.132,17","1.113,07","","-0,28%"
"06.10.2016","1.124,76","1.130,47","1.134,15","1.119,95","","-0,43%"
"05.10.2016","1.129,59","1.131,96","1.139,35","1.126,09","","-0,15%"
"04.10.2016","1.131,27","1.170,24","1.174,39","1.130,86","","-3,28%"
"03.10.2016","1.169,58","1.171,20","1.175,10","1.167,15","","-0,05%"
"30.09.2016","1.170,22","1.176,40","1.189,79","1.169,45","","-0,50%"
"29.09.2016","1.176,11","1.178,04","1.182,30","1.171,47","","-0,14%"
"28.09.2016","1.177,78","1.183,56","1.184,18","1.177,39","","-0,45%"
"27.09.2016","1.183,08","1.188,94","1.191,46","1.181,49","","-0,45%"
"26.09.2016","1.188,41","1.191,47","1.193,45","1.186,20","","-0,20%"
"23.09.2016","1.190,74","1.193,16","1.194,96","1.188,47","","-0,16%"
"22.09.2016","1.192,60","1.194,21","1.196,78","1.184,35","","-0,12%"
"21.09.2016","1.194,01","1.178,71","1.195,11","1.175,84","","1,34%"
"20.09.2016","1.178,27","1.175,30","1.179,96","1.173,62","","0,27%"
"19.09.2016","1.175,04","1.174,01","1.181,86","1.173,26","","0,10%"
"16.09.2016","1.173,89","1.169,39","1.175,97","1.167,65","","0,41%"
"15.09.2016","1.169,13","1.175,98","1.179,51","1.165,40","","-0,55%"
"14.09.2016","1.175,54","1.175,63","1.180,24","1.173,47","","0,05%"
"13.09.2016","1.175,01","1.181,69","1.186,30","1.173,61","","-0,52%"
"12.09.2016","1.181,16","1.182,42","1.184,68","1.174,53","","-0,05%"
"09.09.2016","1.181,71","1.188,59","1.190,43","1.181,54","","-0,52%"
"08.09.2016","1.187,92","1.196,89","1.198,94","1.186,39","","-0,68%"
"07.09.2016","1.196,09","1.199,31","1.202,44","1.194,42","","-0,21%"
"06.09.2016","1.198,65","1.190,47","1.202,16","1.188,23","","0,74%"
"05.09.2016","1.189,85","1.188,03","1.191,66","1.184,41","","0,23%"
"02.09.2016","1.187,15","1.173,34","1.189,09","1.169,07","","1,22%"
"01.09.2016","1.172,85","1.173,06","1.176,37","1.169,11","","0,05%"
"31.08.2016","1.172,22","1.176,68","1.181,03","1.171,42","","-0,32%"
"30.08.2016","1.175,93","1.182,78","1.185,86","1.174,74","","-0,53%"
"29.08.2016","1.182,19","1.180,40","1.185,93","1.174,31","","0,27%"
"26.08.2016","1.179,05","1.171,64","1.185,21","1.169,65","","0,69%"
"25.08.2016","1.170,94","1.175,66","1.178,26","1.167,64","","-0,36%"
"24.08.2016","1.175,15","1.183,03","1.188,71","1.174,65","","-0,63%"
"23.08.2016","1.182,56","1.183,03","1.186,72","1.178,66","","0,03%"
"22.08.2016","1.182,24","1.186,99","1.187,05","1.179,73","","-0,18%"
"19.08.2016","1.184,33","1.191,07","1.192,55","1.181,37","","-0,52%"
"18.08.2016","1.190,58","1.194,30","1.199,46","1.189,74","","-0,29%"
"17.08.2016","1.194,03","1.193,54","1.195,78","1.188,61","","0,10%"
"16.08.2016","1.192,78","1.197,67","1.204,23","1.190,71","","-0,36%"
"15.08.2016","1.197,06","1.196,93","1.202,02","1.194,61","","0,05%"
"12.08.2016","1.196,43","1.202,08","1.211,45","1.194,65","","-0,43%"
"11.08.2016","1.201,54","1.204,92","1.211,10","1.198,71","","-0,23%"
"10.08.2016","1.204,28","1.206,04","1.216,16","1.202,62","","-0,07%"
"09.08.2016","1.205,10","1.203,86","1.209,67","1.201,21","","0,15%"
"08.08.2016","1.203,33","1.204,83","1.208,17","1.198,68","","-0,13%"
"05.08.2016","1.204,85","1.223,04","1.225,76","1.203,46","","-1,45%"
"04.08.2016","1.222,53","1.218,31","1.225,75","1.211,19","","0,40%"
"03.08.2016","1.217,70","1.214,96","1.220,31","1.212,60","","0,31%"
"02.08.2016","1.213,89","1.212,34","1.219,44","1.206,53","","0,19%"
"01.08.2016","1.211,58","1.208,65","1.214,39","1.204,87","","0,26%"
"29.07.2016","1.208,38","1.206,07","1.213,01","1.198,31","","0,22%"
"28.07.2016","1.205,68","1.211,61","1.213,26","1.201,99","","-0,43%"
"27.07.2016","1.210,91","1.201,66","1.214,72","1.196,90","","0,81%"
"26.07.2016","1.201,17","1.196,34","1.204,04","1.194,15","","0,45%"
"25.07.2016","1.195,81","1.205,46","1.207,07","1.194,81","","-0,69%"
"22.07.2016","1.204,15","1.207,34","1.210,09","1.198,05","","-0,22%"
"21.07.2016","1.206,82","1.194,69","1.210,84","1.189,41","","1,05%"
"20.07.2016","1.194,23","1.208,67","1.213,78","1.191,14","","-1,15%"
"19.07.2016","1.208,14","1.199,81","1.211,41","1.197,61","","0,74%"
"18.07.2016","1.199,23","1.211,55","1.211,93","1.196,18","","-1,03%"
"15.07.2016","1.211,68","1.200,70","1.214,01","1.191,19","","0,98%"
"14.07.2016","1.199,96","1.210,81","1.214,10","1.185,06","","-0,85%"
"13.07.2016","1.210,29","1.203,92","1.217,26","1.200,38","","0,57%"
"12.07.2016","1.203,44","1.225,59","1.227,46","1.199,72","","-1,76%"
"11.07.2016","1.225,00","1.236,70","1.244,78","1.220,86","","-0,87%"
"08.07.2016","1.235,78","1.229,97","1.237,41","1.217,66","","0,55%"
"07.07.2016","1.229,06","1.228,68","1.236,97","1.219,89","","0,05%"
"06.07.2016","1.228,39","1.224,40","1.243,66","1.223,85","","0,37%"
"05.07.2016","1.223,88","1.211,02","1.226,56","1.201,71","","1,14%"
"04.07.2016","1.210,14","1.204,72","1.218,89","1.202,20","","0,43%"
"01.07.2016","1.204,91","1.190,57","1.207,91","1.188,71","","1,25%"
"30.06.2016","1.190,04","1.185,52","1.198,05","1.180,05","","0,43%"
"29.06.2016","1.184,96","1.186,18","1.196,44","1.181,22","","-0,05%"
"28.06.2016","1.185,50","1.201,79","1.204,38","1.177,34","","-1,30%"
"27.06.2016","1.201,15","1.188,51","1.214,11","1.187,87","","1,53%"
"24.06.2016","1.183,09","1.102,32","1.244,94","1.096,57","","7,37%"
"23.06.2016","1.101,87","1.120,93","1.122,02","1.101,78","","-1,65%"
"22.06.2016","1.120,37","1.127,76","1.130,30","1.115,96","","-0,66%"
"21.06.2016","1.127,87","1.140,32","1.142,73","1.121,67","","-1,03%"
"20.06.2016","1.139,56","1.150,94","1.150,99","1.124,92","","-0,99%"
"17.06.2016","1.150,90","1.139,55","1.152,60","1.133,68","","1,08%"
"16.06.2016","1.138,65","1.147,08","1.182,13","1.138,49","","-0,68%"
"15.06.2016","1.146,43","1.147,36","1.150,90","1.136,51","","-0,02%"
"14.06.2016","1.146,71","1.137,19","1.150,60","1.132,46","","0,89%"
"13.06.2016","1.136,58","1.132,32","1.144,25","1.131,21","","0,41%"
"10.06.2016","1.131,96","1.121,55","1.134,55","1.118,89","","0,99%"
"09.06.2016","1.120,90","1.107,19","1.123,71","1.104,72","","1,24%"
"08.06.2016","1.107,20","1.095,13","1.108,69","1.094,03","","1,16%"
"07.06.2016","1.094,53","1.096,65","1.097,72","1.088,14","","-0,14%"
"06.06.2016","1.096,02","1.096,18","1.100,21","1.091,57","","0,16%"
"03.06.2016","1.094,28","1.086,01","1.097,72","1.080,79","","0,82%"
"02.06.2016","1.085,40","1.084,51","1.088,32","1.081,81","","0,19%"
"01.06.2016","1.083,37","1.091,67","1.097,21","1.080,26","","-0,69%"
"31.05.2016","1.090,88","1.082,35","1.095,01","1.081,19","","0,91%"
"30.05.2016","1.080,99","1.090,78","1.092,22","1.080,28","","-0,87%"
"27.05.2016","1.090,50","1.090,00","1.094,51","1.083,23","","0,11%"
"26.05.2016","1.089,35","1.097,43","1.104,35","1.089,26","","-0,69%"
"25.05.2016","1.096,97","1.101,34","1.104,32","1.092,00","","-0,35%"
"24.05.2016","1.100,79","1.113,36","1.115,75","1.100,61","","-1,06%"
"23.05.2016","1.112,54","1.116,43","1.118,49","1.110,90","","-0,24%"
"20.05.2016","1.115,19","1.119,79","1.123,99","1.114,23","","-0,37%"
"19.05.2016","1.119,33","1.121,78","1.124,31","1.111,40","","-0,17%"
"18.05.2016","1.121,22","1.131,21","1.133,22","1.118,39","","-0,83%"
"17.05.2016","1.130,56","1.125,22","1.131,80","1.121,02","","0,52%"
"16.05.2016","1.124,67","1.126,09","1.136,98","1.122,44","","-0,10%"
"13.05.2016","1.125,83","1.110,57","1.128,21","1.110,28","","1,42%"
"12.05.2016","1.110,04","1.118,14","1.122,67","1.109,75","","-0,69%"
"11.05.2016","1.117,70","1.113,61","1.121,94","1.111,47","","0,43%"
"10.05.2016","1.112,87","1.110,30","1.116,68","1.103,36","","0,28%"
"09.05.2016","1.109,76","1.130,29","1.131,23","1.106,64","","-1,73%"
"06.05.2016","1.129,30","1.120,26","1.134,66","1.114,72","","0,82%"
"05.05.2016","1.120,16","1.113,77","1.125,70","1.112,16","","0,61%"
"04.05.2016","1.113,33","1.118,60","1.120,93","1.106,65","","-0,42%"
"03.05.2016","1.118,01","1.119,72","1.124,71","1.113,51","","-0,11%"
"02.05.2016","1.119,29","1.130,30","1.134,53","1.118,03","","-0,84%"
"29.04.2016","1.128,78","1.115,55","1.132,67","1.113,82","","1,24%"
"28.04.2016","1.115,00","1.100,65","1.118,51","1.094,74","","1,36%"
"27.04.2016","1.100,05","1.100,54","1.107,44","1.096,61","","0,03%"
"26.04.2016","1.099,73","1.098,80","1.102,22","1.090,07","","0,15%"
"25.04.2016","1.098,05","1.097,32","1.103,07","1.093,86","","0,16%"
"22.04.2016","1.096,30","1.106,35","1.108,80","1.094,01","","-0,86%"
"21.04.2016","1.105,81","1.101,44","1.119,09","1.099,77","","0,45%"
"20.04.2016","1.100,89","1.101,14","1.108,70","1.096,43","","0,04%"
"19.04.2016","1.100,44","1.088,51","1.105,38","1.085,17","","1,15%"
"18.04.2016","1.087,97","1.092,37","1.098,57","1.087,67","","-0,47%"
"15.04.2016","1.093,09","1.089,23","1.094,67","1.086,28","","0,40%"
"14.04.2016","1.088,74","1.102,67","1.105,55","1.086,62","","-1,21%"
"13.04.2016","1.102,13","1.103,11","1.107,14","1.097,30","","-0,04%"
"12.04.2016","1.102,53","1.102,66","1.107,53","1.098,41","","0,06%"
"11.04.2016","1.101,82","1.087,35","1.103,11","1.085,97","","1,33%"
"08.04.2016","1.087,35","1.090,44","1.091,64","1.080,95","","-0,24%"
"07.04.2016","1.089,98","1.072,33","1.096,30","1.071,51","","1,71%"
"06.04.2016","1.071,70","1.081,47","1.083,78","1.067,98","","-0,85%"
"05.04.2016","1.080,88","1.066,89","1.087,21","1.065,28","","1,39%"
"04.04.2016","1.066,04","1.073,03","1.073,64","1.065,92","","-0,65%"
"01.04.2016","1.073,06","1.083,17","1.085,42","1.064,66","","-0,86%"
"31.03.2016","1.082,37","1.080,30","1.088,39","1.079,03","","0,25%"
"30.03.2016","1.079,67","1.100,49","1.101,41","1.078,78","","-1,81%"
"29.03.2016","1.099,61","1.090,61","1.102,10","1.085,72","","0,88%"
"28.03.2016","1.090,06","1.089,64","1.093,64","1.083,96","","0,11%"
"25.03.2016","1.088,82","1.089,03","1.091,28","1.087,72","","0,05%"
"24.03.2016","1.088,31","1.091,30","1.096,59","1.086,49","","-0,21%"
"23.03.2016","1.090,57","1.112,93","1.114,40","1.086,68","","-1,96%"
"22.03.2016","1.112,40","1.106,14","1.124,38","1.105,47","","0,59%"
"21.03.2016","1.105,83","1.113,84","1.115,43","1.101,16","","-0,64%"
"18.03.2016","1.112,92","1.111,50","1.120,18","1.105,18","","0,19%"
"17.03.2016","1.110,86","1.125,34","1.126,90","1.109,41","","-1,22%"
"16.03.2016","1.124,60","1.109,35","1.126,39","1.102,88","","1,41%"
"15.03.2016","1.108,91","1.112,61","1.114,87","1.103,84","","-0,25%"
"14.03.2016","1.111,72","1.120,79","1.133,71","1.107,83","","-0,72%"
"11.03.2016","1.119,77","1.136,88","1.144,97","1.119,59","","-1,45%"
"10.03.2016","1.136,28","1.136,66","1.155,64","1.130,97","","0,01%"
"09.03.2016","1.136,15","1.146,15","1.150,31","1.135,15","","-0,81%"
"08.03.2016","1.145,44","1.150,80","1.161,36","1.144,47","","-0,40%"
"07.03.2016","1.150,05","1.143,75","1.163,30","1.143,13","","0,57%"
"04.03.2016","1.143,55","1.154,92","1.164,72","1.142,47","","-0,91%"
"03.03.2016","1.154,04","1.140,34","1.156,61","1.137,31","","1,20%"
"02.03.2016","1.140,35","1.133,83","1.145,67","1.127,12","","0,62%"
"01.03.2016","1.133,27","1.139,35","1.147,85","1.131,74","","-0,47%"
"29.02.2016","1.138,67","1.118,37","1.141,41","1.114,82","","1,89%"
"26.02.2016","1.117,50","1.119,30","1.123,47","1.109,43","","-0,06%"
"25.02.2016","1.118,22","1.116,35","1.127,49","1.108,26","","0,21%"
"24.02.2016","1.115,90","1.113,68","1.136,25","1.109,45","","0,27%"
"23.02.2016","1.112,91","1.096,18","1.114,97","1.094,59","","1,58%"
"22.02.2016","1.095,62","1.104,53","1.106,43","1.086,66","","-0,62%"
"19.02.2016","1.102,46","1.107,99","1.111,36","1.098,16","","-0,43%"
"18.02.2016","1.107,24","1.086,00","1.117,39","1.078,90","","2,00%"
"17.02.2016","1.085,55","1.076,76","1.089,87","1.075,17","","0,88%"
"16.02.2016","1.076,11","1.084,68","1.091,59","1.067,74","","-0,72%"
"15.02.2016","1.083,89","1.100,34","1.102,49","1.078,04","","-1,36%"
"12.02.2016","1.098,87","1.100,92","1.103,49","1.090,98","","-0,17%"
"11.02.2016","1.100,71","1.060,83","1.110,03","1.059,80","","3,80%"
"10.02.2016","1.060,38","1.052,91","1.065,47","1.048,97","","0,76%"
"09.02.2016","1.052,38","1.062,05","1.067,72","1.051,99","","-0,86%"
"08.02.2016","1.061,46","1.051,89","1.076,68","1.044,74","","0,98%"
"05.02.2016","1.051,15","1.031,05","1.053,65","1.028,17","","2,00%"
"04.02.2016","1.030,52","1.028,91","1.033,33","1.023,58","","0,21%"
"03.02.2016","1.028,37","1.033,93","1.034,88","1.024,80","","-0,49%"
"02.02.2016","1.033,43","1.036,33","1.037,61","1.028,84","","-0,23%"
"01.02.2016","1.035,77","1.032,07","1.037,61","1.030,03","","0,45%"
"29.01.2016","1.031,13","1.019,39","1.033,94","1.016,54","","1,21%"
"28.01.2016","1.018,83","1.032,87","1.033,36","1.016,21","","-1,30%"
"27.01.2016","1.032,26","1.030,40","1.035,07","1.024,92","","0,24%"
"26.01.2016","1.029,76","1.022,20","1.035,60","1.020,11","","0,79%"
"25.01.2016","1.021,64","1.017,04","1.024,18","1.016,43","","0,50%"
"22.01.2016","1.016,58","1.012,61","1.019,57","1.008,39","","0,44%"
"21.01.2016","1.012,10","1.010,91","1.018,30","1.006,57","","0,16%"
"20.01.2016","1.010,49","996,13","1.015,44","995,41","","1,50%"
"19.01.2016","995,54","999,72","1.006,64","994,40","","-0,36%"
"18.01.2016","999,17","997,12","1.003,82","995,07","","0,25%"
"15.01.2016","996,70","992,32","1.000,98","989,76","","0,50%"
"14.01.2016","991,76","1.004,92","1.006,52","986,85","","-1,27%"
"13.01.2016","1.004,51","1.001,15","1.007,58","997,75","","0,37%"
"12.01.2016","1.000,83","1.007,83","1.010,29","998,80","","-0,64%"
"11.01.2016","1.007,28","1.010,71","1.016,37","1.006,44","","-0,22%"
"08.01.2016","1.009,47","1.014,32","1.018,68","1.006,96","","-0,43%"
"07.01.2016","1.013,81","1.014,43","1.021,25","1.008,96","","-0,02%"
"06.01.2016","1.014,00","1.002,37","1.018,33","998,63","","1,22%"
"05.01.2016","1.001,82","991,79","1.007,38","990,90","","1,08%"
"04.01.2016","991,14","976,88","1.001,36","974,64","","1,54%"
"01.01.2016","976,10","976,80","978,33","975,99","","-0,02%"
"31.12.2015","976,25","971,01","978,84","970,49","","0,62%"
"30.12.2015","970,19","979,08","981,23","969,44","","-0,90%"
"29.12.2015","978,98","974,88","982,03","972,70","","0,49%"
"28.12.2015","974,21","982,09","982,58","971,71","","-0,53%"
"25.12.2015","979,42","980,53","983,21","980,03","","-0,07%"
"24.12.2015","980,06","980,30","984,03","977,36","","-0,01%"
"23.12.2015","980,11","978,65","984,63","978,51","","0,16%"
"22.12.2015","978,55","987,95","990,85","977,94","","-0,91%"
"21.12.2015","987,55","981,45","991,39","978,78","","0,73%"
"18.12.2015","980,42","971,59","986,57","969,69","","0,94%"
"17.12.2015","971,28","982,27","987,34","965,99","","-1,10%"
"16.12.2015","982,05","970,14","986,80","969,75","","1,22%"
"15.12.2015","970,26","964,73","977,31","961,38","","0,63%"
"14.12.2015","964,19","978,06","983,39","964,07","","-1,32%"
"11.12.2015","977,13","979,30","983,22","967,99","","-0,21%"
"10.12.2015","979,15","972,75","982,64","972,48","","0,66%"
"09.12.2015","972,70","986,96","989,72","972,57","","-1,38%"
"08.12.2015","986,32","988,52","991,05","981,43","","-0,20%"
"07.12.2015","988,28","1.000,27","1.003,21","987,50","","-0,96%"
"04.12.2015","997,90","970,82","1.001,50","969,37","","2,79%"
"03.12.2015","970,77","992,51","997,97","968,17","","-2,12%"
"02.12.2015","991,77","1.006,01","1.008,90","990,49","","-1,39%"
"01.12.2015","1.005,72","1.007,53","1.015,39","1.001,19","","-0,16%"
"30.11.2015","1.007,34","998,85","1.011,64","995,07","","0,96%"
"27.11.2015","997,76","1.010,56","1.012,64","995,46","","-1,16%"
"26.11.2015","1.009,52","1.008,18","1.012,37","1.007,20","","0,17%"
"25.11.2015","1.007,77","1.010,75","1.015,12","1.007,29","","-0,27%"
"24.11.2015","1.010,51","1.005,21","1.014,86","1.004,75","","0,58%"
"23.11.2015","1.004,70","1.012,54","1.013,64","1.004,12","","-0,71%"
"20.11.2015","1.011,88","1.008,48","1.018,36","1.007,31","","0,41%"
"19.11.2015","1.007,73","1.004,59","1.011,80","1.001,19","","0,37%"
"18.11.2015","1.004,04","1.005,64","1.008,39","1.000,19","","-0,07%"
"17.11.2015","1.004,74","1.012,96","1.017,31","1.002,13","","-0,78%"
"16.11.2015","1.012,59","1.007,82","1.023,77","1.005,34","","0,77%"
"13.11.2015","1.004,82","1.003,61","1.010,80","1.001,48","","0,19%"
"12.11.2015","1.002,92","1.010,71","1.017,68","1.000,13","","-0,73%"
"11.11.2015","1.010,25","1.016,10","1.018,14","1.009,01","","-0,54%"
"10.11.2015","1.015,72","1.016,06","1.023,19","1.013,90","","-0,01%"
"09.11.2015","1.015,87","1.015,24","1.018,08","1.010,57","","0,19%"
"06.11.2015","1.013,92","1.014,33","1.034,74","1.011,25","","0,02%"
"05.11.2015","1.013,73","1.019,61","1.023,10","1.013,94","","-0,51%"
"04.11.2015","1.018,95","1.019,15","1.029,58","1.018,97","","0,02%"
"03.11.2015","1.018,74","1.029,10","1.033,46","1.016,29","","-0,93%"
"02.11.2015","1.028,27","1.035,94","1.036,22","1.026,23","","-0,90%"
"30.10.2015","1.037,62","1.043,86","1.046,98","1.030,71","","-0,57%"
"29.10.2015","1.043,60","1.058,22","1.065,12","1.042,82","","-1,38%"
"28.10.2015","1.058,19","1.055,65","1.069,48","1.055,08","","0,25%"
"27.10.2015","1.055,53","1.052,20","1.058,48","1.049,80","","0,34%"
"26.10.2015","1.052,00","1.057,55","1.061,64","1.051,71","","-0,40%"
"23.10.2015","1.056,22","1.049,52","1.069,39","1.049,29","","0,65%"
"22.10.2015","1.049,35","1.029,28","1.050,88","1.026,58","","2,01%"
"21.10.2015","1.028,65","1.036,58","1.038,45","1.026,13","","-0,70%"
"20.10.2015","1.035,95","1.033,72","1.040,53","1.029,88","","0,23%"
"19.10.2015","1.033,55","1.037,05","1.040,13","1.029,88","","-0,35%"
"16.10.2015","1.037,19","1.039,41","1.042,43","1.032,90","","-0,17%"
"15.10.2015","1.038,91","1.032,98","1.043,33","1.028,92","","0,61%"
"14.10.2015","1.032,60","1.026,98","1.037,41","1.018,26","","0,62%"
"13.10.2015","1.026,27","1.025,06","1.027,78","1.011,94","","0,16%"
"12.10.2015","1.024,66","1.019,27","1.028,29","1.015,48","","0,70%"
"09.10.2015","1.017,52","1.009,98","1.022,07","1.009,16","","0,80%"
"08.10.2015","1.009,49","1.019,32","1.020,48","1.009,83","","-0,94%"
"07.10.2015","1.019,10","1.017,79","1.025,97","1.016,96","","0,17%"
"06.10.2015","1.017,38","1.014,74","1.024,30","1.013,43","","0,24%"
"05.10.2015","1.014,93","1.014,16","1.019,17","1.003,58","","-0,03%"
"02.10.2015","1.015,21","994,73","1.016,52","986,52","","2,14%"
"01.10.2015","993,98","997,60","1.000,92","994,42","","-0,31%"
"30.09.2015","997,10","1.002,18","1.003,76","994,76","","-0,43%"
"29.09.2015","1.001,42","1.006,67","1.010,63","998,67","","-0,46%"
"28.09.2015","1.006,09","1.023,85","1.026,17","1.006,40","","-1,71%"
"25.09.2015","1.023,55","1.027,61","1.033,51","1.021,00","","-0,35%"
"24.09.2015","1.027,17","1.010,51","1.028,35","1.008,81","","1,70%"
"23.09.2015","1.009,97","1.011,39","1.017,05","1.007,54","","-0,05%"
"22.09.2015","1.010,44","1.012,83","1.017,21","1.005,05","","-0,19%"
"21.09.2015","1.012,33","1.009,48","1.013,45","1.004,09","","0,51%"
"18.09.2015","1.007,16","989,42","1.011,70","987,19","","1,84%"
"17.09.2015","988,94","991,60","994,95","980,94","","-0,23%"
"16.09.2015","991,20","980,71","994,49","977,56","","1,08%"
"15.09.2015","980,62","980,29","982,43","975,45","","0,15%"
"14.09.2015","979,11","977,07","982,02","973,97","","0,27%"
"11.09.2015","976,46","984,63","987,03","971,43","","-0,77%"
"10.09.2015","984,01","988,45","995,29","982,95","","-0,42%"
"09.09.2015","988,18","1.001,35","1.007,60","987,45","","-1,30%"
"08.09.2015","1.001,21","1.002,17","1.007,75","996,84","","-0,08%"
"07.09.2015","1.002,06","1.006,36","1.010,62","1.000,18","","-0,39%"
"04.09.2015","1.005,97","1.011,73","1.017,29","1.003,43","","-0,51%"
"03.09.2015","1.011,15","1.009,97","1.016,53","1.001,38","","0,15%"
"02.09.2015","1.009,66","1.008,09","1.015,89","1.006,76","","0,25%"
"01.09.2015","1.007,16","1.012,45","1.018,77","1.006,79","","-0,42%"
"31.08.2015","1.011,45","1.014,69","1.016,05","1.002,85","","-0,23%"
"28.08.2015","1.013,82","1.000,19","1.016,69","997,16","","1,41%"
"27.08.2015","999,74","994,48","1.003,94","990,55","","0,58%"
"26.08.2015","993,99","990,63","995,75","979,27","","0,37%"
"25.08.2015","990,28","993,98","1.004,85","988,21","","-0,31%"
"24.08.2015","993,38","1.021,39","1.024,08","990,89","","-2,50%"
"21.08.2015","1.018,83","1.024,60","1.035,51","1.017,08","","-0,55%"
"20.08.2015","1.024,46","1.020,11","1.031,62","1.016,91","","0,49%"
"19.08.2015","1.019,47","1.014,08","1.023,38","1.010,01","","0,59%"
"18.08.2015","1.013,53","1.008,85","1.014,30","1.005,18","","0,53%"
"17.08.2015","1.008,17","1.003,07","1.011,72","1.001,67","","0,48%"
"14.08.2015","1.003,38","1.000,09","1.005,91","997,31","","0,37%"
"13.08.2015","999,69","1.007,98","1.010,90","998,60","","-0,78%"
"12.08.2015","1.007,57","1.004,44","1.009,21","997,87","","0,35%"
"11.08.2015","1.004,08","1.002,55","1.014,39","995,78","","0,20%"
"10.08.2015","1.002,10","996,34","1.009,62","994,57","","0,53%"
"07.08.2015","996,86","998,90","1.009,31","994,80","","0,00%"
"06.08.2015","996,89","994,60","1.001,53","992,20","","0,26%"
"05.08.2015","994,33","999,40","1.002,05","993,37","","-0,43%"
"04.08.2015","998,62","991,92","1.000,58","988,30","","0,73%"
"03.08.2015","991,37","998,82","999,79","990,91","","-0,55%"
"31.07.2015","996,81","996,06","998,56","983,03","","0,22%"
"30.07.2015","994,59","998,22","1.003,60","987,89","","-0,31%"
"29.07.2015","997,73","990,34","999,85","987,90","","0,83%"
"28.07.2015","989,52","986,35","995,81","984,88","","0,41%"
"27.07.2015","985,45","1.001,60","1.002,01","984,11","","-1,43%"
"24.07.2015","999,77","992,95","1.004,03","981,78","","0,74%"
"23.07.2015","992,45","1.001,25","1.006,40","988,82","","-0,76%"
"22.07.2015","1.000,10","1.006,82","1.009,10","996,11","","-0,62%"
"21.07.2015","1.006,36","1.013,08","1.024,15","1.003,90","","-0,56%"
"20.07.2015","1.012,00","1.046,90","1.047,33","1.005,59","","-3,34%"
"17.07.2015","1.047,00","1.053,13","1.054,26","1.041,85","","-0,52%"
"16.07.2015","1.052,52","1.049,93","1.054,36","1.047,85","","0,30%"
"15.07.2015","1.049,37","1.049,72","1.051,99","1.043,54","","0,06%"
"14.07.2015","1.048,71","1.052,42","1.053,91","1.042,53","","-0,29%"
"13.07.2015","1.051,78","1.048,38","1.053,30","1.034,78","","0,97%"
"10.07.2015","1.041,69","1.050,15","1.051,32","1.034,81","","-0,74%"
"09.07.2015","1.049,45","1.045,39","1.057,76","1.042,46","","0,46%"
"08.07.2015","1.044,61","1.050,40","1.054,14","1.040,86","","-0,49%"
"07.07.2015","1.049,76","1.058,57","1.068,17","1.046,27","","-0,78%"
"06.07.2015","1.057,97","1.061,62","1.067,57","1.049,70","","0,70%"
"03.07.2015","1.050,59","1.051,96","1.056,51","1.050,31","","-0,08%"
"02.07.2015","1.051,46","1.057,45","1.059,51","1.042,09","","-0,52%"
"01.07.2015","1.056,94","1.051,53","1.059,36","1.048,89","","0,52%"
"30.06.2015","1.051,52","1.049,93","1.057,38","1.040,38","","0,20%"
"29.06.2015","1.049,40","1.064,62","1.083,00","1.046,39","","-0,26%"
"26.06.2015","1.052,10","1.046,20","1.053,97","1.044,57","","0,56%"
"25.06.2015","1.046,19","1.049,08","1.054,04","1.044,15","","-0,24%"
"24.06.2015","1.048,68","1.055,16","1.056,66","1.046,74","","-0,57%"
"23.06.2015","1.054,70","1.045,64","1.058,34","1.043,66","","0,91%"
"22.06.2015","1.045,19","1.056,46","1.057,26","1.038,01","","-1,06%"
"19.06.2015","1.056,42","1.058,14","1.065,13","1.053,99","","-0,11%"
"18.06.2015","1.057,57","1.045,22","1.059,37","1.041,64","","1,26%"
"17.06.2015","1.044,42","1.050,95","1.051,92","1.042,72","","-0,56%"
"16.06.2015","1.050,33","1.051,54","1.056,25","1.046,05","","-0,08%"
"15.06.2015","1.051,13","1.051,84","1.058,66","1.045,11","","0,33%"
"12.06.2015","1.047,66","1.049,84","1.057,55","1.045,11","","-0,16%"
"11.06.2015","1.049,39","1.047,36","1.053,78","1.045,47","","0,27%"
"10.06.2015","1.046,57","1.043,13","1.056,01","1.040,24","","0,40%"
"09.06.2015","1.042,42","1.039,72","1.052,07","1.037,09","","0,31%"
"08.06.2015","1.039,25","1.054,58","1.061,62","1.038,09","","-1,36%"
"05.06.2015","1.053,53","1.046,72","1.055,95","1.042,55","","0,73%"
"04.06.2015","1.045,86","1.051,09","1.053,71","1.038,29","","-0,43%"
"03.06.2015","1.050,38","1.069,63","1.073,49","1.047,52","","-1,72%"
"02.06.2015","1.068,72","1.088,22","1.089,68","1.066,51","","-1,74%"
"01.06.2015","1.087,65","1.083,60","1.102,58","1.081,93","","0,46%"
"29.05.2015","1.082,63","1.085,49","1.087,94","1.081,31","","-0,21%"
"28.05.2015","1.084,88","1.089,51","1.091,22","1.084,62","","-0,34%"
"27.05.2015","1.088,57","1.091,88","1.096,88","1.086,86","","-0,23%"
"26.05.2015","1.091,04","1.099,68","1.102,99","1.087,02","","-0,73%"
"25.05.2015","1.099,09","1.096,21","1.102,40","1.094,09","","0,48%"
"22.05.2015","1.093,84","1.085,53","1.096,15","1.082,05","","0,83%"
"21.05.2015","1.084,81","1.090,26","1.091,88","1.080,42","","-0,50%"
"20.05.2015","1.090,23","1.083,33","1.092,75","1.082,19","","0,70%"
"19.05.2015","1.082,63","1.082,92","1.094,34","1.079,40","","0,02%"
"18.05.2015","1.082,38","1.067,71","1.084,78","1.067,71","","1,31%"
"15.05.2015","1.068,38","1.070,22","1.074,92","1.066,40","","-0,10%"
"14.05.2015","1.069,49","1.070,49","1.078,13","1.062,80","","-0,04%"
"13.05.2015","1.069,91","1.064,76","1.074,47","1.059,29","","0,56%"
"12.05.2015","1.063,98","1.061,30","1.065,37","1.050,08","","0,30%"
"11.05.2015","1.060,76","1.061,13","1.070,06","1.057,28","","0,05%"
"08.05.2015","1.060,28","1.051,29","1.062,04","1.048,57","","0,95%"
"07.05.2015","1.050,35","1.050,03","1.056,17","1.038,13","","0,12%"
"06.05.2015","1.049,14","1.066,64","1.069,37","1.046,28","","-1,59%"
"05.05.2015","1.066,04","1.066,17","1.076,30","1.064,12","","0,03%"
"04.05.2015","1.065,71","1.052,05","1.070,83","1.051,91","","1,37%"
"01.05.2015","1.051,33","1.056,01","1.056,01","1.040,09","","-0,31%"
"30.04.2015","1.054,56","1.082,29","1.087,93","1.050,79","","-2,51%"
"29.04.2015","1.081,73","1.103,68","1.105,63","1.080,80","","-1,94%"
"28.04.2015","1.103,16","1.103,99","1.107,68","1.098,36","","-0,02%"
"27.04.2015","1.103,43","1.084,78","1.108,17","1.084,69","","1,80%"
"24.04.2015","1.083,88","1.103,10","1.105,61","1.082,09","","-1,67%"
"23.04.2015","1.102,27","1.106,83","1.113,74","1.099,92","","-0,35%"
"22.04.2015","1.106,12","1.119,87","1.122,19","1.104,15","","-1,16%"
"21.04.2015","1.119,06","1.113,76","1.124,13","1.111,08","","0,55%"
"20.04.2015","1.112,92","1.113,10","1.121,80","1.107,93","","-0,07%"
"17.04.2015","1.113,71","1.113,69","1.120,53","1.110,93","","0,04%"
"16.04.2015","1.113,30","1.125,26","1.136,86","1.110,31","","-0,99%"
"15.04.2015","1.124,38","1.119,57","1.129,96","1.118,72","","0,48%"
"14.04.2015","1.118,99","1.134,57","1.138,15","1.115,09","","-1,32%"
"13.04.2015","1.133,98","1.139,41","1.143,32","1.130,44","","-0,33%"
"10.04.2015","1.137,68","1.120,88","1.141,45","1.118,28","","1,58%"
"09.04.2015","1.120,02","1.115,39","1.122,99","1.108,71","","0,49%"
"08.04.2015","1.114,59","1.118,07","1.118,77","1.108,48","","-0,25%"
"07.04.2015","1.117,43","1.111,83","1.119,95","1.106,99","","0,52%"
"06.04.2015","1.111,61","1.101,82","1.115,43","1.100,06","","0,85%"
"03.04.2015","1.102,19","1.104,70","1.106,92","1.089,05","","-0,17%"
"02.04.2015","1.104,02","1.118,45","1.119,67","1.098,44","","-1,26%"
"01.04.2015","1.118,06","1.102,86","1.122,27","1.098,03","","1,41%"
"31.03.2015","1.102,50","1.095,03","1.108,49","1.092,61","","0,72%"
"30.03.2015","1.094,66","1.101,34","1.102,74","1.091,14","","-0,52%"
"27.03.2015","1.100,37","1.107,09","1.111,12","1.097,03","","-0,56%"
"26.03.2015","1.106,57","1.089,64","1.110,01","1.088,57","","1,61%"
"25.03.2015","1.089,07","1.092,16","1.093,76","1.085,40","","-0,24%"
"24.03.2015","1.091,64","1.086,80","1.094,46","1.081,37","","0,50%"
"23.03.2015","1.086,17","1.091,18","1.098,44","1.082,34","","-0,55%"
"20.03.2015","1.092,14","1.098,92","1.100,08","1.086,12","","-0,55%"
"19.03.2015","1.098,21","1.074,59","1.104,38","1.072,62","","2,24%"
"18.03.2015","1.074,16","1.085,05","1.093,03","1.067,14","","-0,95%"
"17.03.2015","1.084,43","1.092,76","1.095,15","1.074,46","","-0,66%"
"16.03.2015","1.091,67","1.104,90","1.108,81","1.086,46","","-0,94%"
"13.03.2015","1.102,02","1.084,77","1.104,34","1.084,20","","1,62%"
"12.03.2015","1.084,48","1.095,49","1.104,38","1.082,82","","-0,95%"
"11.03.2015","1.094,89","1.086,17","1.098,13","1.084,76","","0,88%"
"10.03.2015","1.085,36","1.075,56","1.089,82","1.071,28","","0,96%"
"09.03.2015","1.075,04","1.077,78","1.082,99","1.073,94","","-0,09%"
"06.03.2015","1.076,00","1.086,16","1.095,24","1.072,51","","-0,90%"
"05.03.2015","1.085,77","1.083,46","1.095,51","1.082,67","","0,27%"
"04.03.2015","1.082,89","1.076,95","1.087,85","1.076,57","","0,60%"
"03.03.2015","1.076,40","1.079,09","1.085,88","1.067,85","","-0,21%"
"02.03.2015","1.078,71","1.084,38","1.095,19","1.076,41","","-0,40%"
"27.02.2015","1.083,05","1.080,17","1.088,92","1.072,62","","0,32%"
"26.02.2015","1.079,55","1.060,48","1.082,24","1.059,18","","1,88%"
"25.02.2015","1.059,58","1.058,49","1.068,07","1.057,47","","0,16%"
"24.02.2015","1.057,92","1.060,53","1.062,71","1.052,45","","-0,19%"
"23.02.2015","1.059,95","1.055,96","1.067,72","1.051,20","","0,44%"
"20.02.2015","1.055,30","1.061,74","1.076,46","1.050,01","","-0,57%"
"19.02.2015","1.061,34","1.063,90","1.076,46","1.059,93","","-0,19%"
"18.02.2015","1.063,33","1.059,93","1.065,18","1.053,89","","0,36%"
"17.02.2015","1.059,51","1.084,76","1.089,12","1.055,42","","-2,26%"
"16.02.2015","1.084,00","1.078,49","1.087,88","1.074,82","","0,45%"
"13.02.2015","1.079,10","1.071,36","1.082,04","1.070,70","","0,77%"
"12.02.2015","1.070,85","1.075,58","1.086,89","1.070,48","","-0,41%"
"11.02.2015","1.075,25","1.089,59","1.095,74","1.073,32","","-1,28%"
"10.02.2015","1.089,20","1.094,18","1.099,51","1.087,96","","-0,38%"
"09.02.2015","1.093,37","1.090,75","1.100,62","1.089,21","","0,34%"
"06.02.2015","1.089,71","1.101,91","1.108,13","1.084,05","","-1,07%"
"05.02.2015","1.101,49","1.118,87","1.127,05","1.098,07","","-1,47%"
"04.02.2015","1.117,90","1.097,95","1.122,61","1.095,67","","1,90%"
"03.02.2015","1.097,10","1.123,52","1.135,10","1.091,64","","-2,31%"
"02.02.2015","1.123,02","1.137,56","1.138,01","1.118,93","","-1,21%"
"30.01.2015","1.136,73","1.110,82","1.138,49","1.109,61","","2,40%"
"29.01.2015","1.110,06","1.138,12","1.140,51","1.107,41","","-2,39%"
"28.01.2015","1.137,20","1.135,35","1.140,44","1.130,80","","0,18%"
"27.01.2015","1.135,11","1.140,15","1.142,22","1.129,20","","-0,40%"
"26.01.2015","1.139,64","1.157,08","1.168,39","1.131,42","","-1,28%"
"23.01.2015","1.154,43","1.145,79","1.168,04","1.139,24","","0,83%"
"22.01.2015","1.144,92","1.114,01","1.150,84","1.099,92","","2,85%"
"21.01.2015","1.113,15","1.121,11","1.127,34","1.106,51","","-0,65%"
"20.01.2015","1.120,41","1.100,41","1.122,72","1.099,13","","1,87%"
"19.01.2015","1.099,84","1.108,82","1.109,30","1.093,59","","-0,54%"
"16.01.2015","1.105,86","1.085,32","1.113,13","1.077,99","","1,93%"
"15.01.2015","1.084,93","1.042,52","1.094,02","1.041,78","","4,15%"
"14.01.2015","1.041,73","1.045,26","1.053,11","1.038,11","","-0,31%"
"13.01.2015","1.045,02","1.042,21","1.055,12","1.039,96","","0,33%"
"12.01.2015","1.041,62","1.032,51","1.043,92","1.029,99","","0,90%"
"09.01.2015","1.032,29","1.025,19","1.033,95","1.023,49","","0,71%"
"08.01.2015","1.025,01","1.023,19","1.032,46","1.018,86","","0,22%"
"07.01.2015","1.022,80","1.025,03","1.030,37","1.020,35","","-0,18%"
"06.01.2015","1.024,64","1.009,68","1.025,74","1.006,53","","1,57%"
"05.01.2015","1.008,80","990,91","1.011,31","989,29","","1,93%"
"02.01.2015","989,67","976,52","994,80","971,09","","1,40%"
"01.01.2015","976,04","978,72","978,99","976,28","","-0,23%"
"31.12.2014","978,26","987,66","989,66","974,94","","-0,89%"
"30.12.2014","987,05","973,71","994,09","971,21","","1,43%"
"29.12.2014","973,09","981,84","983,17","968,12","","-0,90%"
"26.12.2014","981,89","960,36","984,20","959,32","","2,30%"
"25.12.2014","959,83","962,53","963,36","957,82","","-0,23%"
"24.12.2014","962,04","966,43","969,73","961,31","","-0,39%"
"23.12.2014","965,83","961,63","968,89","959,69","","0,47%"
"22.12.2014","961,27","962,08","962,08","961,96","","-1,66%"
"19.12.2014","977,46","975,26","979,82","972,21","","0,30%"
"18.12.2014","974,57","963,70","984,53","962,78","","1,17%"
"17.12.2014","963,30","956,72","967,89","954,77","","0,74%"
"16.12.2014","956,25","959,17","973,42","950,44","","-0,25%"
"15.12.2014","958,68","981,00","982,72","957,66","","-2,22%"
"12.12.2014","980,48","989,17","990,58","976,95","","-0,84%"
"11.12.2014","988,76","985,31","993,81","979,46","","0,38%"
"10.12.2014","985,00","994,87","999,59","984,54","","-0,95%"
"09.12.2014","994,42","977,13","996,27","974,04","","1,81%"
"08.12.2014","976,71","970,82","979,63","965,56","","0,68%"
"05.12.2014","970,09","973,59","979,84","965,77","","-0,32%"
"04.12.2014","973,19","982,34","983,16","970,85","","-0,90%"
"03.12.2014","982,04","967,78","986,46","964,52","","1,52%"
"02.12.2014","967,37","972,18","972,73","958,37","","-0,45%"
"01.12.2014","971,74","937,93","977,76","919,20","","3,70%"
"28.11.2014","937,08","955,37","956,77","937,16","","-1,88%"
"27.11.2014","955,04","957,90","960,18","948,15","","-0,26%"
"26.11.2014","957,57","962,68","964,28","956,33","","-0,50%"
"25.11.2014","962,36","962,16","967,85","959,02","","0,08%"
"24.11.2014","961,58","970,80","973,70","961,14","","-0,79%"
"21.11.2014","969,22","952,03","972,42","948,56","","1,86%"
"20.11.2014","951,56","942,04","955,99","938,99","","1,05%"
"19.11.2014","941,70","954,86","959,45","937,59","","-1,33%"
"18.11.2014","954,38","953,17","961,93","949,19","","0,16%"
"17.11.2014","952,83","949,37","954,33","942,97","","0,45%"
"14.11.2014","948,55","931,79","953,45","923,31","","1,82%"
"13.11.2014","931,56","934,79","938,40","926,76","","-0,30%"
"12.11.2014","934,37","933,23","937,87","931,03","","0,16%"
"11.11.2014","932,87","926,98","939,30","922,99","","0,68%"
"10.11.2014","926,57","946,78","946,96","923,62","","-1,96%"
"07.11.2014","945,09","922,75","946,32","914,93","","2,48%"
"06.11.2014","922,19","913,38","925,46","911,44","","1,00%"
"05.11.2014","913,03","931,32","931,92","911,58","","-1,92%"
"04.11.2014","930,92","933,71","937,98","929,43","","-0,28%"
"03.11.2014","933,51","938,02","939,56","930,31","","-0,31%"
"31.10.2014","936,45","950,43","954,34","925,74","","-1,42%"
"30.10.2014","949,95","959,61","963,48","948,38","","-0,94%"
"29.10.2014","958,98","964,75","966,43","955,68","","-0,58%"
"28.10.2014","964,53","965,79","969,56","962,60","","-0,10%"
"27.10.2014","965,46","970,98","971,72","964,75","","-0,58%"
"24.10.2014","971,12","974,09","975,80","970,02","","-0,26%"
"23.10.2014","973,70","981,39","985,40","969,69","","-0,75%"
"22.10.2014","981,07","982,03","985,18","979,56","","-0,07%"
"21.10.2014","981,76","974,11","984,97","972,78","","0,81%"
"20.10.2014","973,90","970,45","977,15","967,67","","0,42%"
"17.10.2014","969,80","967,14","971,22","963,79","","0,32%"
"16.10.2014","966,71","967,58","978,93","964,61","","-0,06%"
"15.10.2014","967,30","973,90","975,76","965,39","","-0,65%"
"14.10.2014","973,58","969,02","978,92","968,57","","0,51%"
"13.10.2014","968,64","968,11","976,43","965,82","","0,04%"
"10.10.2014","968,21","964,74","970,64","960,61","","0,39%"
"09.10.2014","964,46","958,97","967,19","957,34","","0,60%"
"08.10.2014","958,69","954,27","964,07","950,26","","0,50%"
"07.10.2014","953,90","953,94","959,88","952,56","","0,03%"
"06.10.2014","953,62","952,18","959,71","945,87","","0,22%"
"03.10.2014","951,51","958,84","959,72","949,96","","-0,74%"
"02.10.2014","958,57","961,70","965,95","956,23","","-0,27%"
"01.10.2014","961,19","956,46","966,53","955,21","","0,53%"
"30.09.2014","956,11","958,49","966,96","954,61","","-0,20%"
"29.09.2014","958,06","961,83","963,97","957,28","","-0,19%"
"26.09.2014","959,92","958,03","965,70","955,16","","0,23%"
"25.09.2014","957,76","952,31","960,54","947,16","","0,61%"
"24.09.2014","951,94","952,27","957,52","949,39","","0,01%"
"23.09.2014","951,83","945,64","958,70","944,91","","0,70%"
"22.09.2014","945,23","948,13","951,53","940,85","","-0,21%"
"19.09.2014","947,23","948,06","952,71","943,57","","-0,05%"
"18.09.2014","947,73","950,79","953,24","944,85","","-0,28%"
"17.09.2014","950,37","953,42","959,41","948,98","","-0,28%"
"16.09.2014","953,06","953,08","959,15","951,44","","0,03%"
"15.09.2014","952,79","946,83","958,36","945,03","","0,49%"
"12.09.2014","948,10","960,12","960,97","947,74","","-1,20%"
"11.09.2014","959,62","967,53","968,64","955,49","","-0,81%"
"10.09.2014","967,49","970,51","972,91","964,36","","-0,26%"
"09.09.2014","970,05","973,40","976,33","965,68","","-0,31%"
"08.09.2014","973,10","980,14","983,10","967,66","","-0,64%"
"05.09.2014","979,33","974,33","982,36","971,72","","0,52%"
"04.09.2014","974,31","965,59","981,95","964,41","","0,98%"
"03.09.2014","964,83","963,53","967,29","959,27","","0,18%"
"02.09.2014","963,14","980,77","981,89","962,33","","-1,77%"
"01.09.2014","980,53","980,09","982,60","976,93","","0,07%"
"29.08.2014","979,88","978,68","980,84","973,76","","0,18%"
"28.08.2014","978,11","972,38","984,20","971,93","","0,63%"
"27.08.2014","971,95","972,89","976,99","970,46","","-0,11%"
"26.08.2014","973,03","967,90","978,80","966,88","","0,57%"
"25.08.2014","967,55","969,18","971,79","965,81","","0,07%"
"22.08.2014","966,92","961,29","968,55","960,98","","0,62%"
"21.08.2014","960,97","974,36","974,73","959,19","","-1,32%"
"20.08.2014","973,80","972,74","977,04","971,33","","0,13%"
"19.08.2014","972,49","971,68","976,79","970,67","","0,11%"
"18.08.2014","971,45","974,16","974,93","968,53","","-0,21%"
"15.08.2014","973,46","982,76","983,60","965,03","","-0,91%"
"14.08.2014","982,44","982,32","986,40","978,55","","0,05%"
"13.08.2014","981,96","979,55","982,95","976,47","","0,30%"
"12.08.2014","978,98","977,53","987,55","976,19","","0,18%"
"11.08.2014","977,20","976,92","979,52","973,85","","0,13%"
"08.08.2014","975,92","982,31","988,84","975,36","","-0,60%"
"07.08.2014","981,85","975,95","983,99","973,51","","0,64%"
"06.08.2014","975,57","963,48","980,93","962,90","","1,31%"
"05.08.2014","963,00","959,77","967,42","959,25","","0,37%"
"04.08.2014","959,47","963,45","965,25","958,98","","-0,39%"
"01.08.2014","963,18","957,98","966,62","955,96","","0,58%"
"31.07.2014","957,65","967,05","968,99","956,77","","-0,93%"
"30.07.2014","966,64","968,68","973,30","965,76","","-0,14%"
"29.07.2014","968,01","970,26","977,02","966,44","","-0,21%"
"28.07.2014","970,01","974,05","975,23","968,73","","-0,31%"
"25.07.2014","973,05","960,34","974,68","957,99","","1,37%"
"24.07.2014","959,90","968,99","969,95","956,35","","-0,90%"
"23.07.2014","968,58","970,02","973,95","967,58","","-0,09%"
"22.07.2014","969,41","970,42","976,54","964,85","","-0,07%"
"21.07.2014","970,09","968,95","975,46","966,11","","0,12%"
"18.07.2014","968,91","975,01","979,81","965,89","","-0,58%"
"17.07.2014","974,57","960,56","978,58","959,05","","1,50%"
"16.07.2014","960,15","953,69","963,91","952,80","","0,74%"
"15.07.2014","953,11","959,51","966,70","952,31","","-0,63%"
"14.07.2014","959,18","983,92","984,79","956,73","","-2,45%"
"11.07.2014","983,25","981,52","985,36","980,08","","0,22%"
"10.07.2014","981,12","973,14","988,70","966,97","","0,86%"
"09.07.2014","972,74","969,15","976,16","967,52","","0,41%"
"08.07.2014","968,75","970,16","974,31","964,67","","-0,11%"
"07.07.2014","969,82","970,79","971,53","964,91","","-0,06%"
"04.07.2014","970,39","969,44","973,75","968,89","","0,14%"
"03.07.2014","969,00","971,35","972,22","960,39","","-0,20%"
"02.07.2014","970,90","969,73","975,78","968,17","","0,17%"
"01.07.2014","969,30","969,36","973,23","967,29","","0,02%"
"30.06.2014","969,11","963,70","970,94","959,55","","0,60%"
"27.06.2014","963,30","967,38","970,48","963,71","","-0,39%"
"26.06.2014","967,08","967,94","970,51","959,62","","-0,04%"
"25.06.2014","967,43","969,00","971,57","963,43","","-0,12%"
"24.06.2014","968,62","968,39","973,66","965,43","","0,06%"
"23.06.2014","968,07","966,99","969,89","963,60","","0,17%"
"20.06.2014","966,40","970,17","972,07","960,08","","-0,35%"
"19.06.2014","969,84","939,87","971,65","938,45","","3,24%"
"18.06.2014","939,44","937,96","940,91","934,27","","0,19%"
"17.06.2014","937,70","936,88","939,55","928,85","","0,11%"
"16.06.2014","936,65","943,31","949,72","936,09","","-0,63%"
"13.06.2014","942,58","939,65","944,28","936,42","","0,35%"
"12.06.2014","939,31","931,87","940,79","930,20","","0,84%"
"11.06.2014","931,47","929,96","934,59","928,58","","0,21%"
"10.06.2014","929,52","921,26","932,43","919,84","","0,94%"
"09.06.2014","920,89","918,15","924,14","917,14","","0,29%"
"06.06.2014","918,20","917,72","921,61","914,21","","0,10%"
"05.06.2014","917,29","914,70","929,40","912,74","","0,33%"
"04.06.2014","914,26","913,49","917,12","913,08","","0,11%"
"03.06.2014","913,26","914,71","917,84","910,54","","-0,12%"
"02.06.2014","914,37","917,47","918,43","910,35","","-0,23%"
"30.05.2014","916,45","923,10","926,40","910,47","","-0,69%"
"29.05.2014","922,81","925,83","927,01","919,17","","-0,28%"
"28.05.2014","925,36","927,72","931,50","923,64","","-0,20%"
"27.05.2014","927,22","947,50","948,44","927,36","","-2,11%"
"26.05.2014","947,20","948,95","950,33","946,54","","-0,06%"
"23.05.2014","947,77","947,75","950,47","944,67","","0,07%"
"22.05.2014","947,14","944,04","953,91","942,99","","0,37%"
"21.05.2014","943,61","944,60","946,26","939,41","","-0,07%"
"20.05.2014","944,24","943,21","947,07","938,28","","0,13%"
"19.05.2014","943,04","943,53","951,60","941,49","","-0,09%"
"16.05.2014","943,92","945,38","946,81","940,39","","-0,11%"
"15.05.2014","944,98","952,42","956,59","943,22","","-0,72%"
"14.05.2014","951,84","944,07","954,38","942,52","","0,90%"
"13.05.2014","943,38","941,95","947,53","937,15","","0,19%"
"12.05.2014","941,56","937,61","947,05","930,23","","0,58%"
"09.05.2014","936,16","931,68","939,61","931,09","","0,54%"
"08.05.2014","931,15","927,19","932,71","919,40","","0,47%"
"07.05.2014","926,83","939,22","944,15","924,62","","-1,26%"
"06.05.2014","938,68","944,25","946,01","936,16","","-0,54%"
"05.05.2014","943,75","937,37","948,26","935,82","","0,77%"
"02.05.2014","936,55","926,00","940,96","923,65","","1,20%"
"01.05.2014","925,44","931,35","932,35","920,99","","-0,59%"
"30.04.2014","930,93","938,22","938,96","927,56","","-0,74%"
"29.04.2014","937,89","936,35","941,53","927,57","","0,22%"
"28.04.2014","935,81","941,95","945,38","932,71","","-0,59%"
"25.04.2014","941,41","934,94","943,48","932,77","","0,76%"
"24.04.2014","934,33","929,26","939,64","917,76","","0,61%"
"23.04.2014","928,71","929,89","932,70","925,77","","-0,07%"
"22.04.2014","929,38","935,00","937,31","926,03","","-0,56%"
"21.04.2014","934,61","937,13","942,15","928,21","","-0,27%"
"18.04.2014","937,11","937,39","938,15","936,15","","0,01%"
"17.04.2014","937,03","942,75","943,58","935,61","","-0,55%"
"16.04.2014","942,25","943,10","944,95","935,39","","-0,03%"
"15.04.2014","942,49","960,61","961,34","935,19","","-1,86%"
"14.04.2014","960,32","952,71","963,72","951,16","","1,17%"
"11.04.2014","949,19","949,71","954,24","945,97","","-0,01%"
"10.04.2014","949,28","946,91","955,39","946,16","","0,31%"
"09.04.2014","946,30","948,61","953,00","942,15","","-0,18%"
"08.04.2014","948,03","944,05","955,16","943,19","","0,48%"
"07.04.2014","943,49","951,09","952,51","942,56","","-0,76%"
"04.04.2014","950,74","937,81","953,94","935,85","","1,42%"
"03.04.2014","937,40","936,85","940,61","931,02","","0,12%"
"02.04.2014","936,30","927,14","941,17","926,82","","1,03%"
"01.04.2014","926,71","932,50","934,18","926,25","","-0,55%"
"31.03.2014","931,88","940,68","944,35","930,57","","-1,02%"
"28.03.2014","941,44","939,78","946,07","934,39","","0,24%"
"27.03.2014","939,23","946,40","948,31","937,65","","-0,71%"
"26.03.2014","945,91","948,36","954,32","941,28","","-0,19%"
"25.03.2014","947,75","945,74","954,78","945,24","","0,25%"
"24.03.2014","945,34","967,48","967,88","944,75","","-2,26%"
"21.03.2014","967,16","963,76","973,48","963,30","","0,41%"
"20.03.2014","963,24","961,09","966,92","958,74","","0,27%"
"19.03.2014","960,67","973,05","976,40","959,27","","-1,21%"
"18.03.2014","972,47","981,90","982,30","970,39","","-0,91%"
"17.03.2014","981,36","993,73","1.001,22","978,25","","-1,16%"
"14.03.2014","992,84","988,04","999,91","985,38","","0,54%"
"13.03.2014","987,48","983,23","992,03","978,26","","0,49%"
"12.03.2014","982,66","974,17","985,89","970,72","","0,99%"
"11.03.2014","973,05","964,95","976,52","964,24","","0,84%"
"10.03.2014","964,91","965,72","969,78","957,22","","-0,09%"
"07.03.2014","965,79","974,90","976,35","958,62","","-0,85%"
"06.03.2014","974,11","973,75","976,66","966,84","","0,04%"
"05.03.2014","973,71","971,30","977,19","970,43","","0,25%"
"04.03.2014","971,24","983,55","985,35","966,91","","-1,22%"
"03.03.2014","983,25","964,61","985,31","962,24","","2,48%"
"28.02.2014","959,41","971,19","973,14","955,76","","-1,15%"
"27.02.2014","970,57","972,31","977,39","967,56","","-0,07%"
"26.02.2014","971,28","975,45","979,22","967,43","","-0,40%"
"25.02.2014","975,20","973,50","977,97","968,52","","0,25%"
"24.02.2014","972,80","965,31","975,21","960,25","","1,04%"
"21.02.2014","962,83","964,39","967,19","959,34","","-0,13%"
"20.02.2014","964,05","955,22","965,99","952,20","","1,02%"
"19.02.2014","954,27","960,61","961,70","952,64","","-0,69%"
"18.02.2014","960,90","969,87","972,28","956,10","","-0,85%"
"17.02.2014","969,13","961,71","970,80","961,47","","0,75%"
"14.02.2014","961,93","952,10","965,41","950,41","","1,14%"
"13.02.2014","951,09","949,84","952,81","941,69","","0,18%"
"12.02.2014","949,42","947,31","954,48","942,15","","0,36%"
"11.02.2014","945,98","934,37","947,71","933,36","","1,31%"
"10.02.2014","933,73","930,73","937,39","928,52","","0,47%"
"07.02.2014","929,33","925,28","934,30","924,24","","0,51%"
"06.02.2014","924,66","929,59","935,85","920,86","","-0,43%"
"05.02.2014","928,66","928,43","940,24","926,70","","0,07%"
"04.02.2014","928,01","929,42","933,28","922,79","","-0,04%"
"03.02.2014","928,38","923,33","937,01","919,83","","0,70%"
"31.01.2014","921,89","917,52","929,42","913,48","","0,53%"
"30.01.2014","917,02","928,35","929,14","911,77","","-1,21%"
"29.01.2014","928,28","919,30","931,87","914,69","","1,16%"
"28.01.2014","917,64","919,48","922,46","913,96","","0,00%"
"27.01.2014","917,64","928,15","933,89","915,86","","-0,96%"
"24.01.2014","926,55","923,22","928,55","918,21","","0,56%"
"23.01.2014","921,37","912,98","925,64","907,86","","0,97%"
"22.01.2014","912,56","915,42","917,52","912,32","","-0,26%"
"21.01.2014","914,96","924,80","927,67","912,91","","-0,98%"
"20.01.2014","924,05","926,46","931,51","922,11","","-0,19%"
"17.01.2014","925,79","912,24","927,69","910,27","","1,51%"
"16.01.2014","912,03","912,65","914,76","907,70","","0,04%"
"15.01.2014","911,71","910,21","914,04","907,51","","0,23%"
"14.01.2014","909,59","916,87","918,66","907,87","","-0,79%"
"13.01.2014","916,84","912,96","918,89","911,21","","0,56%"
"10.01.2014","911,72","902,45","913,84","900,97","","1,01%"
"09.01.2014","902,61","902,93","906,42","900,17","","0,11%"
"08.01.2014","901,66","904,90","906,54","896,61","","-0,37%"
"07.01.2014","904,97","908,26","915,16","899,83","","-0,23%"
"06.01.2014","907,07","910,69","917,35","905,56","","-0,33%"
"03.01.2014","910,08","896,31","912,11","894,10","","1,57%"
"02.01.2014","896,03","876,54","900,42","874,16","","2,23%"
"01.01.2014","876,45","876,51","877,52","875,87","","0,02%"
"31.12.2013","876,24","866,95","881,63","859,36","","1,07%"
"30.12.2013","866,93","881,87","884,79","866,34","","-1,87%"
"27.12.2013","883,46","884,34","885,50","872,58","","-0,09%"
"26.12.2013","884,26","880,70","888,84","878,72","","0,46%"
"25.12.2013","880,22","880,69","882,21","878,85","","0,08%"
"24.12.2013","879,54","875,32","881,58","874,11","","0,56%"
"23.12.2013","874,65","880,19","881,93","872,05","","-0,44%"
"20.12.2013","878,53","871,11","883,11","867,51","","0,95%"
"19.12.2013","870,26","890,11","897,15","869,56","","-2,20%"
"18.12.2013","889,83","893,52","904,70","887,74","","-0,42%"
"17.12.2013","893,59","901,32","906,35","891,75","","-0,82%"
"16.12.2013","900,99","897,11","910,10","890,88","","0,07%"
"13.12.2013","900,37","889,78","902,12","863,92","","0,97%"
"12.12.2013","891,69","907,95","911,96","889,81","","-1,87%"
"11.12.2013","908,72","916,09","917,95","907,30","","-0,86%"
"10.12.2013","916,64","903,30","920,60","899,97","","1,52%"
"09.12.2013","902,88","896,64","905,07","894,03","","0,74%"
"06.12.2013","896,28","896,17","909,38","887,49","","-0,01%"
"05.12.2013","896,39","914,93","915,37","891,76","","-1,97%"
"04.12.2013","914,40","900,70","919,83","891,62","","1,67%"
"03.12.2013","899,42","901,04","905,20","895,06","","-0,06%"
"02.12.2013","900,00","921,83","921,97","899,35","","-2,34%"
"29.11.2013","921,53","914,48","923,08","911,27","","0,83%"
"28.11.2013","913,90","911,29","916,04","909,90","","0,22%"
"27.11.2013","911,93","916,08","922,69","910,89","","-0,35%"
"26.11.2013","915,16","926,62","929,60","914,44","","-0,95%"
"25.11.2013","923,94","917,57","927,06","907,73","","0,79%"
"22.11.2013","916,74","922,13","925,36","916,53","","-0,52%"
"21.11.2013","921,56","925,17","930,91","919,58","","-0,48%"
"20.11.2013","926,04","941,95","942,73","924,66","","-1,64%"
"19.11.2013","941,47","943,48","946,91","939,94","","-0,14%"
"18.11.2013","942,80","956,21","956,79","940,59","","-1,22%"
"15.11.2013","954,43","956,25","959,65","952,35","","-0,14%"
"14.11.2013","955,76","948,20","961,21","947,83","","1,03%"
"13.11.2013","946,01","943,73","953,06","941,90","","0,20%"
"12.11.2013","944,08","956,95","958,63","939,36","","-1,28%"
"11.11.2013","956,34","965,11","965,60","955,65","","-0,77%"
"08.11.2013","963,73","975,03","978,84","960,48","","-1,03%"
"07.11.2013","973,76","975,56","991,92","971,11","","-0,09%"
"06.11.2013","974,67","973,25","977,90","970,57","","0,19%"
"05.11.2013","972,85","972,77","977,68","970,69","","0,02%"
"04.11.2013","972,62","974,99","978,80","971,48","","-0,20%"
"01.11.2013","974,60","974,50","979,82","967,95","","0,09%"
"31.10.2013","973,71","977,51","978,79","969,48","","-0,32%"
"30.10.2013","976,85","977,85","987,47","973,08","","-0,12%"
"29.10.2013","978,00","980,85","987,30","972,96","","-0,27%"
"28.10.2013","980,66","979,65","987,95","975,31","","0,16%"
"25.10.2013","979,10","976,27","981,98","968,72","","0,35%"
"24.10.2013","975,69","967,02","979,36","965,61","","0,87%"
"23.10.2013","967,30","973,21","974,14","965,81","","-0,50%"
"22.10.2013","972,20","962,19","976,06","958,77","","1,08%"
"21.10.2013","961,79","961,81","968,03","959,55","","0,04%"
"18.10.2013","961,45","965,33","968,54","958,04","","-0,34%"
"17.10.2013","964,74","947,09","969,46","939,79","","1,83%"
"16.10.2013","947,42","946,71","952,48","938,65","","0,13%"
"15.10.2013","946,15","939,02","952,66","926,93","","0,84%"
"14.10.2013","938,29","938,83","950,68","935,81","","-0,15%"
"11.10.2013","939,69","951,47","956,23","930,98","","-1,14%"
"10.10.2013","950,51","966,69","969,33","948,43","","-1,54%"
"09.10.2013","965,41","971,71","977,30","958,25","","-0,60%"
"08.10.2013","971,19","973,59","978,77","969,50","","-0,25%"
"07.10.2013","973,60","966,54","979,15","964,08","","0,71%"
"04.10.2013","966,73","966,97","974,04","960,93","","0,06%"
"03.10.2013","966,19","968,45","969,84","957,78","","-0,25%"
"02.10.2013","968,63","951,31","974,06","946,31","","1,89%"
"01.10.2013","950,69","981,73","986,11","948,46","","-3,10%"
"30.09.2013","981,11","990,37","996,36","977,09","","-0,67%"
"27.09.2013","987,73","981,43","992,47","978,41","","0,69%"
"26.09.2013","980,98","986,10","991,47","978,48","","-0,44%"
"25.09.2013","985,32","982,26","989,70","975,37","","0,37%"
"24.09.2013","981,64","979,88","985,24","969,59","","0,25%"
"23.09.2013","979,17","979,52","985,91","971,03","","-0,04%"
"20.09.2013","979,59","1.008,65","1.011,50","979,45","","-2,83%"
"19.09.2013","1.008,08","1.010,18","1.016,74","1.003,88","","-0,14%"
"18.09.2013","1.009,47","980,50","1.012,81","967,74","","3,04%"
"17.09.2013","979,67","985,27","991,68","978,12","","-0,50%"
"16.09.2013","984,55","992,49","998,58","978,08","","-1,30%"
"13.09.2013","997,49","993,35","1.001,42","981,90","","0,43%"
"12.09.2013","993,19","1.026,67","1.027,28","992,86","","-3,17%"
"11.09.2013","1.025,72","1.028,53","1.032,34","1.022,77","","-0,13%"
"10.09.2013","1.027,03","1.046,93","1.049,51","1.023,90","","-1,79%"
"09.09.2013","1.045,71","1.056,34","1.057,49","1.043,81","","-0,91%"
"06.09.2013","1.055,29","1.042,76","1.058,75","1.039,49","","1,30%"
"05.09.2013","1.041,73","1.053,85","1.059,22","1.040,46","","-1,07%"
"04.09.2013","1.053,03","1.072,88","1.074,96","1.048,26","","-1,76%"
"03.09.2013","1.071,92","1.056,99","1.075,35","1.051,16","","1,44%"
"02.09.2013","1.056,68","1.056,33","1.058,31","1.045,07","","0,11%"
"30.08.2013","1.055,50","1.063,76","1.065,79","1.051,69","","-0,64%"
"29.08.2013","1.062,26","1.063,30","1.068,95","1.055,19","","0,05%"
"28.08.2013","1.061,68","1.058,03","1.071,99","1.056,14","","0,47%"
"27.08.2013","1.056,75","1.050,59","1.066,34","1.043,83","","0,63%"
"26.08.2013","1.050,10","1.043,49","1.051,36","1.039,29","","0,62%"
"23.08.2013","1.043,59","1.030,22","1.046,57","1.025,43","","1,36%"
"22.08.2013","1.029,54","1.022,91","1.035,38","1.015,91","","0,63%"
"21.08.2013","1.023,05","1.021,73","1.031,05","1.015,37","","0,16%"
"20.08.2013","1.021,38","1.024,36","1.027,28","1.013,89","","-0,23%"
"19.08.2013","1.023,75","1.031,55","1.037,99","1.020,71","","-0,81%"
"16.08.2013","1.032,10","1.023,26","1.035,09","1.018,29","","0,88%"
"15.08.2013","1.023,11","1.007,02","1.031,32","996,58","","1,58%"
"14.08.2013","1.007,20","996,50","1.008,91","992,55","","1,15%"
"13.08.2013","995,76","1.004,96","1.008,04","995,46","","-0,88%"
"12.08.2013","1.004,58","986,46","1.011,10","985,64","","2,02%"
"09.08.2013","984,71","980,50","986,93","975,42","","0,46%"
"08.08.2013","980,23","965,62","982,09","961,67","","1,56%"
"07.08.2013","965,17","963,47","967,46","957,59","","0,21%"
"06.08.2013","963,13","983,23","985,59","962,55","","-1,98%"
"05.08.2013","982,61","987,83","993,90","979,36","","-0,47%"
"02.08.2013","987,28","990,58","993,67","970,92","","-0,31%"
"01.08.2013","990,38","994,82","1.004,45","989,73","","-0,34%"
"31.07.2013","993,72","1.000,71","1.009,66","983,17","","-0,64%"
"30.07.2013","1.000,08","1.001,06","1.003,54","992,44","","-0,05%"
"29.07.2013","1.000,60","1.005,48","1.007,90","997,14","","-0,33%"
"26.07.2013","1.003,91","1.004,49","1.009,27","989,30","","-0,04%"
"25.07.2013","1.004,29","1.000,99","1.006,69","993,59","","0,33%"
"24.07.2013","1.000,98","1.019,67","1.019,78","996,40","","-1,71%"
"23.07.2013","1.018,44","1.013,04","1.019,55","1.006,94","","0,64%"
"22.07.2013","1.012,01","986,76","1.014,81","986,53","","2,65%"
"19.07.2013","985,88","980,02","988,83","978,75","","0,74%"
"18.07.2013","978,68","972,19","984,78","971,22","","0,76%"
"17.07.2013","971,27","982,37","990,10","970,51","","-1,06%"
"16.07.2013","981,68","981,86","987,02","977,09","","-0,02%"
"15.07.2013","981,84","983,24","991,38","979,11","","-0,08%"
"12.07.2013","982,62","981,56","984,68","972,79","","0,12%"
"11.07.2013","981,48","971,68","989,75","970,03","","0,87%"
"10.07.2013","973,03","977,48","982,59","968,48","","-0,47%"
"09.07.2013","977,62","961,49","979,71","958,75","","1,80%"
"08.07.2013","960,36","955,32","963,85","948,03","","0,74%"
"05.07.2013","953,33","968,24","969,75","941,08","","-1,44%"
"04.07.2013","967,24","962,61","971,25","958,66","","0,48%"
"03.07.2013","962,60","957,35","972,07","954,68","","0,60%"
"02.07.2013","956,86","959,39","970,71","953,59","","-0,20%"
"01.07.2013","958,82","949,17","966,09","942,25","","1,17%"
"28.06.2013","947,69","920,81","949,88","906,20","","3,00%"
"27.06.2013","920,08","942,70","955,63","918,68","","-2,14%"
"26.06.2013","940,22","976,31","977,90","939,07","","-3,63%"
"25.06.2013","975,65","976,84","982,19","971,42","","-0,14%"
"24.06.2013","977,04","990,38","993,33","974,36","","-1,15%"
"21.06.2013","988,38","966,66","990,19","960,22","","2,32%"
"20.06.2013","965,96","1.016,63","1.017,00","965,66","","-4,94%"
"19.06.2013","1.016,17","1.021,65","1.028,21","1.015,26","","-0,46%"
"18.06.2013","1.020,89","1.036,26","1.037,55","1.016,01","","-1,43%"
"17.06.2013","1.035,65","1.041,76","1.044,97","1.034,37","","-0,56%"
"14.06.2013","1.041,50","1.036,49","1.045,34","1.034,99","","0,47%"
"13.06.2013","1.036,64","1.040,97","1.044,48","1.031,07","","-0,37%"
"12.06.2013","1.040,53","1.036,32","1.045,70","1.031,80","","0,56%"
"11.06.2013","1.034,77","1.046,37","1.046,86","1.028,95","","-1,05%"
"10.06.2013","1.045,71","1.048,55","1.051,28","1.041,78","","-0,11%"
"07.06.2013","1.046,82","1.067,63","1.070,80","1.042,68","","-1,87%"
"06.06.2013","1.066,77","1.071,76","1.073,53","1.060,72","","-0,35%"
"05.06.2013","1.070,47","1.069,77","1.077,78","1.067,05","","0,10%"
"04.06.2013","1.069,40","1.079,82","1.082,62","1.063,94","","-0,86%"
"03.06.2013","1.078,64","1.067,72","1.081,72","1.066,86","","1,15%"
"31.05.2013","1.066,38","1.083,46","1.090,19","1.064,90","","-1,54%"
"30.05.2013","1.083,03","1.076,09","1.089,05","1.072,64","","0,69%"
"29.05.2013","1.075,57","1.074,34","1.081,51","1.068,16","","0,20%"
"28.05.2013","1.073,40","1.078,47","1.087,61","1.064,23","","-0,42%"
"27.05.2013","1.077,91","1.071,81","1.080,19","1.069,96","","0,63%"
"24.05.2013","1.071,16","1.071,76","1.071,76","1.071,76","","-0,38%"
"23.05.2013","1.075,23","1.065,35","1.082,90","1.057,82","","1,01%"
"22.05.2013","1.064,44","1.066,40","1.089,20","1.053,69","","-0,10%"
"21.05.2013","1.065,49","1.081,76","1.087,18","1.057,28","","-1,48%"
"20.05.2013","1.081,52","1.057,91","1.085,68","1.043,35","","2,15%"
"17.05.2013","1.058,75","1.075,86","1.081,20","1.056,72","","-1,59%"
"16.05.2013","1.075,88","1.081,65","1.086,14","1.065,21","","-0,41%"
"15.05.2013","1.080,32","1.102,78","1.106,09","1.078,84","","-1,98%"
"14.05.2013","1.102,12","1.101,99","1.110,29","1.096,55","","0,00%"
"13.05.2013","1.102,16","1.115,87","1.116,67","1.099,72","","-1,05%"
"10.05.2013","1.113,89","1.118,21","1.122,11","1.095,44","","-0,32%"
"09.05.2013","1.117,50","1.119,36","1.123,22","1.113,13","","-0,20%"
"08.05.2013","1.119,74","1.110,81","1.121,13","1.103,97","","0,86%"
"07.05.2013","1.110,19","1.123,94","1.125,21","1.101,05","","-1,23%"
"06.05.2013","1.124,00","1.121,09","1.127,79","1.118,37","","0,29%"
"03.05.2013","1.120,79","1.123,14","1.134,11","1.113,74","","-0,18%"
"02.05.2013","1.122,85","1.105,53","1.127,56","1.099,32","","1,59%"
"01.05.2013","1.105,33","1.121,95","1.122,73","1.091,74","","-1,39%"
"30.04.2013","1.120,96","1.127,60","1.131,21","1.110,95","","-0,52%"
"29.04.2013","1.126,78","1.119,82","1.129,82","1.118,17","","0,42%"
"26.04.2013","1.122,07","1.128,12","1.140,51","1.111,61","","-0,50%"
"25.04.2013","1.127,73","1.099,82","1.129,35","1.095,57","","2,60%"
"24.04.2013","1.099,13","1.086,94","1.103,37","1.086,01","","1,18%"
"23.04.2013","1.086,33","1.091,87","1.098,33","1.079,76","","-0,47%"
"22.04.2013","1.091,42","1.074,82","1.103,29","1.074,31","","1,49%"
"19.04.2013","1.075,42","1.065,76","1.090,67","1.061,98","","0,92%"
"18.04.2013","1.065,63","1.056,30","1.075,23","1.029,03","","0,89%"
"17.04.2013","1.056,22","1.038,42","1.067,61","1.036,10","","1,74%"
"16.04.2013","1.038,12","1.037,49","1.067,32","1.013,02","","0,17%"
"15.04.2013","1.036,32","1.127,73","1.141,91","1.025,38","","-8,10%"
"12.04.2013","1.127,65","1.191,19","1.193,72","1.127,13","","-5,30%"
"11.04.2013","1.190,81","1.192,94","1.196,43","1.185,62","","-0,11%"
"10.04.2013","1.192,13","1.211,84","1.214,86","1.190,35","","-1,57%"
"09.04.2013","1.211,20","1.208,91","1.218,38","1.202,49","","0,28%"
"08.04.2013","1.207,78","1.217,35","1.218,66","1.205,31","","-0,77%"
"05.04.2013","1.217,19","1.201,24","1.218,56","1.195,96","","1,36%"
"04.04.2013","1.200,80","1.212,72","1.218,15","1.200,17","","-0,97%"
"03.04.2013","1.212,51","1.228,69","1.231,70","1.206,79","","-1,35%"
"02.04.2013","1.229,11","1.244,47","1.247,14","1.227,16","","-1,23%"
"01.04.2013","1.244,38","1.251,96","1.252,79","1.241,12","","-0,11%"
"29.03.2013","1.245,80","1.245,90","1.252,94","1.242,89","","0,05%"
"28.03.2013","1.245,16","1.256,38","1.258,93","1.242,71","","-0,85%"
"27.03.2013","1.255,78","1.243,69","1.260,67","1.239,68","","0,96%"
"26.03.2013","1.243,78","1.249,39","1.250,59","1.239,22","","-0,37%"
"25.03.2013","1.248,46","1.240,14","1.252,95","1.227,10","","0,87%"
"22.03.2013","1.237,71","1.252,09","1.253,52","1.235,64","","-1,08%"
"21.03.2013","1.251,22","1.241,55","1.254,47","1.240,03","","0,81%"
"20.03.2013","1.241,22","1.254,15","1.255,07","1.236,39","","-0,86%"
"19.03.2013","1.251,98","1.237,98","1.257,00","1.236,07","","1,09%"
"18.03.2013","1.238,48","1.232,69","1.246,78","1.232,60","","1,77%"
"15.03.2013","1.216,91","1.222,98","1.224,79","1.215,51","","-0,44%"
"14.03.2013","1.222,30","1.225,24","1.228,28","1.219,80","","-0,21%"
"13.03.2013","1.224,86","1.222,47","1.234,62","1.218,56","","0,23%"
"12.03.2013","1.222,09","1.212,20","1.228,16","1.211,69","","0,86%"
"11.03.2013","1.211,63","1.214,43","1.217,37","1.210,91","","-0,14%"
"08.03.2013","1.213,38","1.204,76","1.219,22","1.198,12","","0,82%"
"07.03.2013","1.203,53","1.220,39","1.222,36","1.201,55","","-1,13%"
"06.03.2013","1.217,30","1.207,38","1.219,43","1.204,24","","0,84%"
"05.03.2013","1.207,16","1.208,03","1.217,04","1.205,82","","-0,10%"
"04.03.2013","1.208,34","1.211,99","1.217,53","1.204,13","","-0,13%"
"01.03.2013","1.209,88","1.209,59","1.222,53","1.199,24","","0,10%"
"28.02.2013","1.208,62","1.215,97","1.220,40","1.203,80","","-0,49%"
"27.02.2013","1.214,61","1.235,38","1.237,19","1.212,01","","-1,68%"
"26.02.2013","1.235,37","1.218,70","1.240,99","1.208,79","","1,30%"
"25.02.2013","1.219,57","1.196,54","1.222,93","1.192,03","","1,83%"
"22.02.2013","1.197,71","1.195,11","1.201,74","1.188,78","","0,26%"
"21.02.2013","1.194,64","1.176,49","1.199,53","1.171,28","","1,43%"
"20.02.2013","1.177,80","1.198,31","1.202,42","1.173,40","","-1,70%"
"19.02.2013","1.198,14","1.205,89","1.210,82","1.195,56","","-0,62%"
"18.02.2013","1.205,66","1.205,98","1.214,19","1.203,49","","0,17%"
"15.02.2013","1.203,62","1.223,96","1.229,84","1.196,16","","-1,67%"
"14.02.2013","1.224,03","1.221,37","1.238,26","1.220,59","","0,24%"
"13.02.2013","1.221,06","1.227,05","1.229,89","1.217,99","","-0,50%"
"12.02.2013","1.227,21","1.229,45","1.231,36","1.220,91","","-0,23%"
"11.02.2013","1.230,04","1.247,70","1.248,49","1.226,51","","-1,42%"
"08.02.2013","1.247,77","1.247,61","1.251,03","1.242,87","","0,07%"
"07.02.2013","1.246,87","1.240,80","1.258,97","1.234,57","","0,52%"
"06.02.2013","1.240,48","1.231,55","1.243,01","1.229,36","","0,76%"
"05.02.2013","1.231,12","1.238,88","1.247,01","1.228,08","","-0,56%"
"04.02.2013","1.238,10","1.222,18","1.240,62","1.219,99","","1,39%"
"01.02.2013","1.221,13","1.225,22","1.234,74","1.217,22","","-0,27%"
"31.01.2013","1.224,41","1.236,12","1.239,80","1.220,45","","-0,92%"
"30.01.2013","1.235,81","1.233,03","1.241,63","1.227,78","","0,28%"
"29.01.2013","1.232,40","1.229,84","1.239,32","1.229,66","","0,15%"
"28.01.2013","1.230,55","1.232,85","1.236,62","1.228,29","","-0,14%"
"25.01.2013","1.232,25","1.246,72","1.250,60","1.229,44","","-1,18%"
"24.01.2013","1.247,02","1.265,63","1.267,58","1.246,37","","-1,46%"
"23.01.2013","1.265,49","1.270,25","1.273,71","1.264,80","","-0,35%"
"22.01.2013","1.269,88","1.269,47","1.275,42","1.266,38","","0,05%"
"21.01.2013","1.269,29","1.266,32","1.270,29","1.264,42","","0,36%"
"18.01.2013","1.264,76","1.261,46","1.272,37","1.260,35","","0,26%"
"17.01.2013","1.261,46","1.263,93","1.269,29","1.248,87","","-0,17%"
"16.01.2013","1.263,67","1.261,91","1.268,80","1.259,72","","0,18%"
"15.01.2013","1.261,39","1.246,59","1.267,05","1.245,20","","1,24%"
"14.01.2013","1.245,98","1.243,66","1.254,47","1.241,31","","-0,02%"
"11.01.2013","1.246,18","1.263,36","1.263,94","1.238,39","","-1,29%"
"10.01.2013","1.262,42","1.269,11","1.272,95","1.262,01","","-0,48%"
"09.01.2013","1.268,48","1.268,25","1.275,45","1.263,86","","0,08%"
"08.01.2013","1.267,42","1.255,81","1.271,69","1.254,63","","0,91%"
"07.01.2013","1.255,94","1.266,41","1.275,22","1.253,49","","-0,87%"
"04.01.2013","1.266,94","1.274,24","1.277,03","1.250,24","","-0,64%"
"03.01.2013","1.275,13","1.279,40","1.286,34","1.270,29","","-0,24%"
"02.01.2013","1.278,15","1.268,82","1.284,17","1.260,18","","0,71%"
"01.01.2013","1.269,17","1.269,86","1.270,93","1.258,97","","0,09%"
"31.12.2012","1.268,07","1.253,22","1.273,47","1.251,58","","1,30%"
"28.12.2012","1.251,85","1.257,11","1.261,22","1.250,62","","-0,40%"
"27.12.2012","1.256,84","1.255,47","1.260,63","1.245,30","","0,18%"
"26.12.2012","1.254,56","1.258,18","1.262,70","1.252,24","","-0,21%"
"25.12.2012","1.257,23","1.256,57","1.262,79","1.255,94","","0,09%"
"24.12.2012","1.256,15","1.258,24","1.261,82","1.254,18","","-0,01%"
"21.12.2012","1.256,22","1.244,24","1.260,74","1.238,89","","0,97%"
"20.12.2012","1.244,12","1.260,04","1.267,49","1.236,67","","-1,26%"
"19.12.2012","1.260,03","1.262,73","1.267,99","1.252,22","","-0,31%"
"18.12.2012","1.263,89","1.290,08","1.293,80","1.255,96","","-1,99%"
"17.12.2012","1.289,53","1.287,40","1.290,79","1.281,86","","0,13%"
"14.12.2012","1.287,83","1.298,03","1.300,74","1.286,75","","-0,69%"
"13.12.2012","1.296,80","1.309,28","1.309,96","1.292,62","","-0,97%"
"12.12.2012","1.309,53","1.315,11","1.319,85","1.308,08","","-0,38%"
"11.12.2012","1.314,47","1.322,99","1.324,26","1.311,42","","-0,57%"
"10.12.2012","1.322,07","1.322,62","1.328,11","1.318,81","","0,27%"
"07.12.2012","1.318,46","1.310,01","1.322,41","1.307,46","","0,67%"
"06.12.2012","1.309,68","1.296,11","1.313,76","1.289,80","","1,16%"
"05.12.2012","1.294,70","1.296,59","1.305,36","1.289,24","","-0,08%"
"04.12.2012","1.295,78","1.313,97","1.315,46","1.291,63","","-1,41%"
"03.12.2012","1.314,33","1.321,16","1.323,58","1.311,81","","-0,31%"
"30.11.2012","1.318,37","1.329,69","1.332,72","1.314,45","","-0,85%"
"29.11.2012","1.329,72","1.328,87","1.337,12","1.324,75","","0,11%"
"28.11.2012","1.328,24","1.346,30","1.349,63","1.323,76","","-1,34%"
"27.11.2012","1.346,23","1.348,51","1.351,36","1.344,66","","-0,14%"
"26.11.2012","1.348,08","1.352,21","1.352,72","1.346,60","","-0,21%"
"23.11.2012","1.350,88","1.342,30","1.351,92","1.338,57","","0,68%"
"22.11.2012","1.341,70","1.348,08","1.348,72","1.341,93","","-0,43%"
"21.11.2012","1.347,56","1.348,77","1.358,69","1.343,61","","-0,02%"
"20.11.2012","1.347,79","1.351,55","1.356,97","1.345,26","","-0,28%"
"19.11.2012","1.351,62","1.344,39","1.356,60","1.344,19","","0,55%"
"16.11.2012","1.344,22","1.342,41","1.349,84","1.338,79","","0,17%"
"15.11.2012","1.341,97","1.355,57","1.357,83","1.334,93","","-0,90%"
"14.11.2012","1.354,18","1.358,07","1.360,13","1.350,15","","-0,25%"
"13.11.2012","1.357,52","1.360,00","1.363,71","1.354,49","","-0,13%"
"12.11.2012","1.359,23","1.361,69","1.367,89","1.357,75","","-0,19%"
"09.11.2012","1.361,88","1.358,03","1.367,60","1.356,66","","0,25%"
"08.11.2012","1.358,42","1.344,35","1.361,53","1.343,16","","1,06%"
"07.11.2012","1.344,18","1.339,07","1.355,59","1.333,79","","0,40%"
"06.11.2012","1.338,81","1.316,89","1.342,86","1.315,96","","1,71%"
"05.11.2012","1.316,25","1.307,94","1.318,94","1.307,38","","0,71%"
"02.11.2012","1.306,92","1.325,17","1.327,73","1.303,62","","-1,32%"
"01.11.2012","1.324,39","1.327,79","1.333,35","1.322,77","","-0,19%"
"31.10.2012","1.326,90","1.318,90","1.331,05","1.318,26","","0,65%"
"30.10.2012","1.318,28","1.325,21","1.327,14","1.317,38","","-0,44%"
"29.10.2012","1.324,07","1.322,24","1.328,97","1.321,40","","0,21%"
"26.10.2012","1.321,24","1.322,72","1.329,59","1.315,04","","-0,07%"
"25.10.2012","1.322,11","1.312,85","1.325,22","1.311,65","","0,81%"
"24.10.2012","1.311,52","1.316,01","1.323,46","1.311,00","","-0,16%"
"23.10.2012","1.313,67","1.323,21","1.324,63","1.310,74","","-0,73%"
"22.10.2012","1.323,36","1.321,05","1.324,53","1.315,78","","0,25%"
"19.10.2012","1.320,02","1.331,93","1.334,41","1.318,20","","-0,92%"
"18.10.2012","1.332,31","1.334,43","1.336,64","1.325,89","","-0,06%"
"17.10.2012","1.333,15","1.334,61","1.339,33","1.329,37","","-0,20%"
"16.10.2012","1.335,77","1.340,88","1.343,08","1.333,34","","-0,41%"
"15.10.2012","1.341,31","1.353,85","1.355,70","1.336,66","","-0,90%"
"12.10.2012","1.353,52","1.368,09","1.370,02","1.352,77","","-0,93%"
"11.10.2012","1.366,21","1.370,93","1.375,00","1.364,75","","-0,25%"
"10.10.2012","1.369,67","1.369,74","1.374,05","1.364,14","","0,05%"
"09.10.2012","1.369,00","1.368,79","1.374,57","1.366,21","","0,03%"
"08.10.2012","1.368,62","1.367,94","1.370,54","1.359,03","","0,17%"
"05.10.2012","1.366,24","1.376,79","1.380,09","1.361,91","","-0,54%"
"04.10.2012","1.373,59","1.377,39","1.384,21","1.373,32","","-0,30%"
"03.10.2012","1.377,75","1.374,60","1.379,99","1.371,97","","0,32%"
"02.10.2012","1.373,39","1.382,07","1.382,18","1.370,23","","-0,09%"
"01.10.2012","1.374,56","1.379,62","1.386,88","1.369,16","","-0,21%"
"28.09.2012","1.377,41","1.376,67","1.381,63","1.370,87","","0,12%"
"27.09.2012","1.375,79","1.361,09","1.380,56","1.360,49","","1,07%"
"26.09.2012","1.361,28","1.364,43","1.372,42","1.353,05","","-0,18%"
"25.09.2012","1.363,72","1.364,18","1.371,58","1.360,47","","-0,02%"
"24.09.2012","1.363,93","1.374,05","1.374,05","1.357,20","","-0,13%"
"21.09.2012","1.365,73","1.362,44","1.374,55","1.360,32","","0,28%"
"20.09.2012","1.361,86","1.357,84","1.367,81","1.355,30","","0,47%"
"19.09.2012","1.355,46","1.357,84","1.359,40","1.355,51","","-0,16%"
"18.09.2012","1.357,60","1.343,03","1.359,50","1.338,41","","1,14%"
"17.09.2012","1.342,35","1.348,42","1.354,89","1.339,32","","-0,52%"
"14.09.2012","1.349,32","1.360,67","1.366,23","1.344,39","","-0,83%"
"13.09.2012","1.360,59","1.342,20","1.369,04","1.330,84","","1,40%"
"12.09.2012","1.341,76","1.347,95","1.355,46","1.339,87","","-0,37%"
"11.09.2012","1.346,81","1.352,20","1.357,56","1.345,20","","-0,40%"
"10.09.2012","1.352,24","1.355,74","1.360,55","1.351,40","","-0,12%"
"07.09.2012","1.353,84","1.347,10","1.361,27","1.333,05","","0,58%"
"06.09.2012","1.346,04","1.343,90","1.356,45","1.342,54","","0,22%"
"05.09.2012","1.343,10","1.348,74","1.352,52","1.339,84","","-0,38%"
"04.09.2012","1.348,19","1.344,62","1.351,40","1.341,55","","0,38%"
"03.09.2012","1.343,04","1.344,24","1.346,40","1.340,88","","-0,04%"
"31.08.2012","1.343,62","1.324,34","1.346,18","1.309,87","","1,54%"
"30.08.2012","1.323,25","1.321,91","1.327,61","1.319,52","","0,15%"
"29.08.2012","1.321,28","1.326,89","1.330,16","1.319,35","","-0,37%"
"28.08.2012","1.326,19","1.331,44","1.333,05","1.323,54","","-0,35%"
"27.08.2012","1.330,87","1.335,32","1.341,11","1.330,00","","-0,25%"
"24.08.2012","1.334,19","1.331,36","1.336,13","1.325,27","","0,38%"
"23.08.2012","1.329,12","1.313,70","1.331,69","1.313,55","","0,67%"
"22.08.2012","1.320,30","1.313,90","1.323,38","1.310,86","","0,60%"
"21.08.2012","1.312,40","1.312,84","1.316,73","1.307,22","","0,02%"
"20.08.2012","1.312,12","1.309,46","1.314,70","1.306,64","","0,20%"
"17.08.2012","1.309,55","1.306,85","1.314,69","1.304,99","","0,35%"
"16.08.2012","1.304,93","1.304,99","1.309,67","1.300,17","","0,06%"
"15.08.2012","1.304,10","1.297,61","1.307,49","1.290,59","","0,57%"
"14.08.2012","1.296,65","1.305,77","1.315,78","1.292,43","","-0,63%"
"13.08.2012","1.304,84","1.318,51","1.322,55","1.303,50","","-0,96%"
"10.08.2012","1.317,50","1.314,28","1.322,55","1.308,86","","0,29%"
"09.08.2012","1.313,66","1.303,00","1.317,71","1.302,97","","0,77%"
"08.08.2012","1.303,60","1.299,15","1.309,65","1.297,54","","0,29%"
"07.08.2012","1.299,86","1.298,70","1.302,34","1.294,10","","0,06%"
"06.08.2012","1.299,03","1.292,85","1.303,41","1.290,14","","0,44%"
"03.08.2012","1.293,35","1.304,56","1.313,82","1.292,62","","-0,77%"
"02.08.2012","1.303,39","1.307,00","1.313,34","1.296,46","","-0,33%"
"01.08.2012","1.307,72","1.311,83","1.314,82","1.295,10","","-0,30%"
"31.07.2012","1.311,62","1.321,77","1.325,38","1.308,22","","-0,74%"
"30.07.2012","1.321,35","1.318,63","1.326,11","1.316,28","","0,32%"
"27.07.2012","1.317,19","1.315,36","1.326,03","1.306,80","","0,15%"
"26.07.2012","1.315,20","1.319,85","1.325,73","1.308,51","","-0,30%"
"25.07.2012","1.319,20","1.309,44","1.326,02","1.305,92","","0,75%"
"24.07.2012","1.309,41","1.301,73","1.312,46","1.298,24","","0,76%"
"23.07.2012","1.299,51","1.306,72","1.307,82","1.292,21","","-0,18%"
"20.07.2012","1.301,80","1.287,80","1.305,51","1.287,86","","1,14%"
"19.07.2012","1.287,09","1.280,16","1.297,30","1.279,82","","0,52%"
"18.07.2012","1.280,48","1.288,05","1.292,43","1.280,42","","-0,46%"
"17.07.2012","1.286,41","1.295,57","1.299,94","1.285,86","","-0,64%"
"16.07.2012","1.294,70","1.297,14","1.303,20","1.294,02","","-0,13%"
"13.07.2012","1.296,37","1.287,18","1.304,90","1.282,81","","0,63%"
"12.07.2012","1.288,25","1.287,38","1.291,92","1.276,07","","0,03%"
"11.07.2012","1.287,82","1.279,64","1.291,62","1.277,51","","0,84%"
"10.07.2012","1.277,04","1.288,28","1.304,47","1.276,33","","-0,84%"
"09.07.2012","1.287,87","1.289,31","1.294,27","1.284,44","","0,03%"
"06.07.2012","1.287,46","1.294,44","1.302,67","1.282,99","","-0,44%"
"05.07.2012","1.293,17","1.289,22","1.301,34","1.287,91","","0,29%"
"04.07.2012","1.289,42","1.282,80","1.292,00","1.280,97","","0,70%"
"03.07.2012","1.280,45","1.268,82","1.288,82","1.267,74","","0,96%"
"02.07.2012","1.268,27","1.259,85","1.274,11","1.257,87","","0,48%"
"29.06.2012","1.262,20","1.246,28","1.269,11","1.238,58","","1,22%"
"28.06.2012","1.247,02","1.262,25","1.266,51","1.245,79","","-1,18%"
"27.06.2012","1.261,88","1.258,13","1.269,24","1.252,07","","0,31%"
"26.06.2012","1.258,04","1.266,96","1.270,21","1.256,14","","-0,67%"
"25.06.2012","1.266,58","1.251,55","1.271,64","1.250,07","","1,32%"
"22.06.2012","1.250,03","1.247,35","1.253,11","1.242,93","","0,24%"
"21.06.2012","1.247,06","1.263,48","1.266,81","1.244,84","","-1,30%"
"20.06.2012","1.263,51","1.274,22","1.280,35","1.254,86","","-0,89%"
"19.06.2012","1.274,80","1.294,28","1.296,18","1.272,80","","-1,50%"
"18.06.2012","1.294,16","1.279,31","1.296,78","1.261,31","","0,59%"
"15.06.2012","1.286,60","1.284,68","1.296,18","1.282,47","","0,16%"
"14.06.2012","1.284,57","1.286,87","1.295,20","1.280,03","","-0,29%"
"13.06.2012","1.288,32","1.286,88","1.297,24","1.280,72","","0,16%"
"12.06.2012","1.286,21","1.279,23","1.296,82","1.269,22","","0,55%"
"11.06.2012","1.279,19","1.259,06","1.282,20","1.259,01","","0,48%"
"08.06.2012","1.273,14","1.264,84","1.276,28","1.246,93","","0,70%"
"07.06.2012","1.264,34","1.285,72","1.299,57","1.256,88","","-1,86%"
"06.06.2012","1.288,31","1.298,68","1.315,42","1.286,13","","-0,74%"
"05.06.2012","1.297,97","1.295,52","1.304,65","1.291,04","","0,38%"
"04.06.2012","1.293,12","1.307,49","1.311,50","1.288,35","","-1,07%"
"01.06.2012","1.307,10","1.264,22","1.314,09","1.252,94","","3,65%"
"31.05.2012","1.261,08","1.262,96","1.270,12","1.253,87","","-0,10%"
"30.05.2012","1.262,30","1.244,73","1.267,43","1.234,28","","1,45%"
"29.05.2012","1.244,20","1.254,01","1.262,22","1.241,14","","-0,77%"
"28.05.2012","1.253,85","1.251,83","1.257,67","1.249,09","","-0,20%"
"25.05.2012","1.256,36","1.242,52","1.257,85","1.238,41","","1,17%"
"24.05.2012","1.241,82","1.240,03","1.252,39","1.235,67","","0,20%"
"23.05.2012","1.239,28","1.235,83","1.243,33","1.220,35","","0,33%"
"22.05.2012","1.235,18","1.242,82","1.246,50","1.232,26","","-0,48%"
"21.05.2012","1.241,14","1.245,31","1.251,60","1.241,42","","-0,32%"
"18.05.2012","1.245,15","1.239,85","1.257,05","1.238,37","","0,55%"
"17.05.2012","1.238,28","1.209,55","1.243,85","1.209,35","","2,38%"
"16.05.2012","1.209,44","1.212,58","1.217,68","1.203,08","","-0,25%"
"15.05.2012","1.212,46","1.213,57","1.221,74","1.206,86","","-0,07%"
"14.05.2012","1.213,34","1.224,91","1.229,49","1.211,28","","-0,75%"
"11.05.2012","1.222,57","1.232,20","1.233,70","1.218,11","","-0,73%"
"10.05.2012","1.231,55","1.229,76","1.235,20","1.226,28","","0,25%"
"09.05.2012","1.228,53","1.234,43","1.236,68","1.218,49","","-0,42%"
"08.05.2012","1.233,67","1.254,38","1.257,16","1.228,75","","-1,62%"
"07.05.2012","1.253,94","1.259,92","1.265,40","1.251,67","","-0,10%"
"04.05.2012","1.255,19","1.243,88","1.257,57","1.238,96","","0,95%"
"03.05.2012","1.243,38","1.256,28","1.259,24","1.240,57","","-1,01%"
"02.05.2012","1.256,09","1.255,03","1.264,08","1.250,78","","0,18%"
"01.05.2012","1.253,85","1.256,38","1.259,93","1.251,94","","-0,21%"
"30.04.2012","1.256,52","1.255,34","1.259,42","1.244,75","","0,26%"
"27.04.2012","1.253,25","1.256,56","1.258,30","1.249,37","","0,03%"
"26.04.2012","1.252,86","1.243,27","1.255,80","1.241,26","","0,77%"
"25.04.2012","1.243,29","1.244,11","1.246,84","1.231,40","","0,02%"
"24.04.2012","1.243,00","1.244,68","1.250,37","1.240,09","","-0,09%"
"23.04.2012","1.244,07","1.244,41","1.247,43","1.235,49","","0,20%"
"20.04.2012","1.241,56","1.250,18","1.251,82","1.241,30","","-0,63%"
"19.04.2012","1.249,41","1.250,69","1.259,16","1.246,26","","-0,04%"
"18.04.2012","1.249,86","1.255,98","1.261,73","1.248,44","","-0,51%"
"17.04.2012","1.256,22","1.257,40","1.261,42","1.247,13","","-0,09%"
"16.04.2012","1.257,31","1.269,29","1.270,95","1.255,72","","-0,83%"
"13.04.2012","1.267,88","1.270,27","1.277,30","1.261,28","","-0,19%"
"12.04.2012","1.270,27","1.264,17","1.273,16","1.254,44","","0,49%"
"11.04.2012","1.264,07","1.264,17","1.264,79","1.264,50","","-0,34%"
"10.04.2012","1.268,32","1.251,53","1.271,52","1.247,34","","1,32%"
"09.04.2012","1.251,83","1.244,16","1.261,69","1.243,13","","0,10%"
"06.04.2012","1.250,56","1.248,15","1.254,16","1.244,76","","0,21%"
"05.04.2012","1.248,00","1.232,12","1.250,13","1.232,49","","1,25%"
"04.04.2012","1.232,58","1.242,88","1.246,95","1.227,92","","-0,81%"
"03.04.2012","1.242,60","1.259,01","1.262,35","1.239,49","","-1,34%"
"02.04.2012","1.259,48","1.259,01","1.260,23","1.259,34","","0,75%"
"30.03.2012","1.250,12","1.248,59","1.252,90","1.242,82","","0,11%"
"29.03.2012","1.248,69","1.248,87","1.253,27","1.240,38","","0,09%"
"28.03.2012","1.247,61","1.261,39","1.267,54","1.243,38","","-1,04%"
"27.03.2012","1.260,75","1.266,46","1.272,45","1.260,16","","-0,32%"
"26.03.2012","1.264,78","1.252,27","1.268,30","1.245,58","","0,99%"
"23.03.2012","1.252,34","1.246,31","1.256,72","1.241,21","","0,61%"
"22.03.2012","1.244,77","1.248,92","1.250,83","1.237,51","","-0,31%"
"21.03.2012","1.248,59","1.247,75","1.255,34","1.243,15","","0,16%"
"20.03.2012","1.246,58","1.253,98","1.258,57","1.242,93","","-0,72%"
"19.03.2012","1.255,61","1.254,26","1.264,11","1.254,62","","-0,34%"
"16.03.2012","1.259,90","1.267,09","1.272,88","1.252,35","","-0,54%"
"15.03.2012","1.266,80","1.260,25","1.271,95","1.256,84","","0,54%"
"14.03.2012","1.260,05","1.280,49","1.286,88","1.255,07","","-1,57%"
"13.03.2012","1.280,11","1.292,05","1.297,30","1.272,59","","-0,97%"
"12.03.2012","1.292,70","1.302,35","1.307,82","1.291,13","","-0,99%"
"09.03.2012","1.305,61","1.279,43","1.308,08","1.277,65","","1,93%"
"08.03.2012","1.280,89","1.281,30","1.289,73","1.276,01","","0,03%"
"07.03.2012","1.280,52","1.276,26","1.283,85","1.272,13","","0,35%"
"06.03.2012","1.276,10","1.290,21","1.292,71","1.268,87","","-1,15%"
"05.03.2012","1.290,89","1.297,48","1.300,29","1.282,29","","-0,47%"
"02.03.2012","1.296,98","1.289,79","1.299,78","1.289,19","","0,62%"
"01.03.2012","1.288,97","1.272,03","1.296,59","1.271,77","","1,40%"
"29.02.2012","1.271,19","1.324,61","1.331,42","1.267,16","","-4,09%"
"28.02.2012","1.325,38","1.318,37","1.331,93","1.316,87","","0,59%"
"27.02.2012","1.317,67","1.322,30","1.327,41","1.315,13","","0,03%"
"24.02.2012","1.317,31","1.330,46","1.332,95","1.315,18","","-1,01%"
"23.02.2012","1.330,71","1.340,52","1.343,12","1.328,61","","-0,80%"
"22.02.2012","1.341,48","1.328,74","1.344,70","1.322,53","","0,98%"
"21.02.2012","1.328,52","1.308,61","1.329,57","1.305,33","","1,51%"
"20.02.2012","1.308,70","1.306,73","1.315,46","1.304,86","","-0,04%"
"17.02.2012","1.309,26","1.315,48","1.321,27","1.306,09","","-0,45%"
"16.02.2012","1.315,23","1.321,89","1.325,84","1.311,91","","-0,58%"
"15.02.2012","1.322,90","1.309,49","1.326,84","1.308,46","","0,93%"
"14.02.2012","1.310,72","1.305,27","1.312,46","1.300,46","","0,44%"
"13.02.2012","1.304,96","1.301,48","1.307,69","1.297,05","","0,02%"
"10.02.2012","1.304,74","1.302,88","1.308,37","1.293,97","","0,25%"
"09.02.2012","1.301,45","1.307,23","1.317,30","1.298,28","","-0,43%"
"08.02.2012","1.307,03","1.315,78","1.320,86","1.301,05","","-0,68%"
"07.02.2012","1.316,04","1.308,77","1.321,22","1.303,79","","0,50%"
"06.02.2012","1.309,44","1.315,80","1.328,66","1.309,39","","-0,20%"
"03.02.2012","1.312,06","1.337,96","1.340,84","1.310,24","","-1,95%"
"02.02.2012","1.338,12","1.324,70","1.339,94","1.323,26","","1,04%"
"01.02.2012","1.324,41","1.328,37","1.333,43","1.320,48","","-0,38%"
"31.01.2012","1.329,43","1.315,67","1.331,37","1.314,53","","0,91%"
"30.01.2012","1.317,41","1.313,27","1.323,44","1.302,45","","0,26%"
"27.01.2012","1.313,97","1.312,51","1.319,43","1.302,31","","0,03%"
"26.01.2012","1.313,58","1.304,28","1.317,68","1.296,52","","0,64%"
"25.01.2012","1.305,20","1.278,18","1.307,05","1.273,36","","2,14%"
"24.01.2012","1.277,91","1.286,88","1.291,01","1.277,45","","-0,68%"
"23.01.2012","1.286,65","1.287,78","1.297,60","1.279,86","","-0,11%"
"20.01.2012","1.288,09","1.277,80","1.289,20","1.273,29","","0,75%"
"19.01.2012","1.278,51","1.290,38","1.296,40","1.274,99","","-1,01%"
"18.01.2012","1.291,61","1.296,25","1.299,85","1.281,00","","-0,34%"
"17.01.2012","1.296,04","1.297,37","1.307,98","1.290,05","","-0,09%"
"16.01.2012","1.297,20","1.297,09","1.300,03","1.289,93","","0,36%"
"13.01.2012","1.292,49","1.286,35","1.293,65","1.275,51","","0,49%"
"12.01.2012","1.286,22","1.291,15","1.301,15","1.281,83","","-0,42%"
"11.01.2012","1.291,70","1.277,78","1.297,71","1.272,14","","1,18%"
"10.01.2012","1.276,62","1.261,76","1.282,90","1.258,79","","1,20%"
"09.01.2012","1.261,47","1.273,61","1.275,33","1.258,44","","-0,71%"
"06.01.2012","1.270,45","1.267,60","1.279,67","1.263,66","","0,14%"
"05.01.2012","1.268,69","1.244,03","1.270,52","1.244,21","","1,90%"
"04.01.2012","1.245,01","1.227,54","1.250,05","1.223,08","","1,33%"
"03.01.2012","1.228,69","1.210,12","1.230,95","1.206,72","","1,48%"
"02.01.2012","1.210,77","1.212,30","1.213,92","1.204,99","","0,25%"
"30.12.2011","1.207,75","1.192,25","1.217,64","1.191,88","","1,28%"
"29.12.2011","1.192,47","1.202,49","1.207,51","1.181,46","","-0,59%"
"28.12.2011","1.199,58","1.218,55","1.223,32","1.198,06","","-1,50%"
"27.12.2011","1.217,90","1.228,72","1.235,91","1.215,61","","-0,87%"
"26.12.2011","1.228,54","1.233,51","1.237,57","1.223,55","","-0,20%"
"23.12.2011","1.231,06","1.230,39","1.235,87","1.227,82","","0,15%"
"22.12.2011","1.229,22","1.237,48","1.239,00","1.225,96","","-0,65%"
"21.12.2011","1.237,23","1.233,98","1.247,17","1.232,53","","0,23%"
"20.12.2011","1.234,45","1.224,99","1.236,67","1.222,86","","0,71%"
"19.12.2011","1.225,77","1.225,66","1.234,02","1.218,87","","0,05%"
"16.12.2011","1.225,13","1.205,75","1.226,80","1.205,22","","1,59%"
"15.12.2011","1.205,92","1.212,73","1.225,89","1.201,57","","-0,54%"
"14.12.2011","1.212,50","1.251,45","1.259,58","1.205,76","","-3,08%"
"13.12.2011","1.251,03","1.263,21","1.272,07","1.246,27","","-0,90%"
"12.12.2011","1.262,37","1.277,77","1.283,73","1.253,31","","-1,24%"
"09.12.2011","1.278,22","1.279,63","1.286,50","1.277,31","","-0,11%"
"08.12.2011","1.279,64","1.297,90","1.305,19","1.278,87","","-1,44%"
"07.12.2011","1.298,38","1.288,85","1.301,82","1.283,92","","0,74%"
"06.12.2011","1.288,79","1.285,46","1.292,65","1.271,74","","0,38%"
"05.12.2011","1.283,91","1.299,21","1.308,14","1.282,61","","-1,37%"
"02.12.2011","1.301,71","1.295,02","1.308,32","1.290,18","","0,41%"
"01.12.2011","1.296,38","1.299,31","1.302,95","1.287,97","","-0,14%"
"30.11.2011","1.298,15","1.287,00","1.302,99","1.280,59","","0,87%"
"29.11.2011","1.286,95","1.284,90","1.291,03","1.276,10","","0,09%"
"28.11.2011","1.285,74","1.260,62","1.288,66","1.259,03","","1,32%"
"25.11.2011","1.268,99","1.269,46","1.278,51","1.260,21","","0,00%"
"24.11.2011","1.269,01","1.267,41","1.278,49","1.261,73","","-0,04%"
"23.11.2011","1.269,55","1.258,08","1.272,76","1.254,69","","1,01%"
"22.11.2011","1.256,81","1.243,61","1.261,73","1.239,43","","1,00%"
"21.11.2011","1.244,42","1.277,27","1.279,50","1.234,34","","-2,29%"
"18.11.2011","1.273,65","1.278,42","1.282,49","1.265,23","","-0,19%"
"17.11.2011","1.276,02","1.309,38","1.313,54","1.269,96","","-2,45%"
"16.11.2011","1.308,06","1.315,46","1.320,27","1.298,56","","-0,56%"
"15.11.2011","1.315,47","1.305,48","1.318,37","1.298,11","","0,71%"
"14.11.2011","1.306,21","1.294,13","1.310,35","1.294,56","","0,46%"
"11.11.2011","1.300,25","1.293,63","1.302,55","1.283,11","","0,58%"
"10.11.2011","1.292,79","1.306,13","1.311,30","1.280,70","","-1,08%"
"09.11.2011","1.306,92","1.289,91","1.322,21","1.289,85","","1,35%"
"08.11.2011","1.289,45","1.302,46","1.308,41","1.284,38","","-1,12%"
"07.11.2011","1.304,02","1.267,42","1.305,69","1.267,83","","2,62%"
"04.11.2011","1.270,68","1.275,80","1.279,82","1.265,05","","-0,40%"
"03.11.2011","1.275,80","1.263,69","1.284,65","1.255,15","","1,08%"
"02.11.2011","1.262,19","1.254,80","1.265,45","1.250,14","","0,60%"
"01.11.2011","1.254,60","1.236,62","1.257,15","1.230,03","","1,42%"
"31.10.2011","1.237,09","1.229,11","1.243,82","1.215,21","","0,49%"
"28.10.2011","1.231,07","1.229,52","1.236,39","1.223,06","","0,18%"
"27.10.2011","1.228,83","1.238,53","1.243,14","1.212,16","","-0,87%"
"26.10.2011","1.239,66","1.222,61","1.249,03","1.219,20","","1,25%"
"25.10.2011","1.224,37","1.185,89","1.227,84","1.180,99","","3,22%"
"24.10.2011","1.186,23","1.182,97","1.200,09","1.180,59","","0,49%"
"21.10.2011","1.180,40","1.174,94","1.192,28","1.169,28","","0,48%"
"20.10.2011","1.174,77","1.193,15","1.195,74","1.170,82","","-1,54%"
"19.10.2011","1.193,15","1.207,16","1.210,03","1.189,25","","-0,88%"
"18.10.2011","1.203,73","1.216,53","1.218,66","1.191,03","","-0,96%"
"17.10.2011","1.215,34","1.208,62","1.224,44","1.209,24","","0,46%"
"14.10.2011","1.209,81","1.209,58","1.218,86","1.202,24","","0,04%"
"13.10.2011","1.209,32","1.216,32","1.221,97","1.207,19","","-0,58%"
"12.10.2011","1.216,41","1.220,10","1.228,71","1.210,99","","-0,14%"
"11.10.2011","1.218,12","1.227,78","1.235,19","1.212,69","","-0,81%"
"10.10.2011","1.228,06","1.222,03","1.235,86","1.214,26","","0,28%"
"07.10.2011","1.224,66","1.228,02","1.240,68","1.213,44","","-0,26%"
"06.10.2011","1.227,90","1.228,40","1.243,74","1.222,92","","-0,08%"
"05.10.2011","1.228,86","1.213,33","1.236,84","1.200,01","","1,05%"
"04.10.2011","1.216,15","1.256,28","1.270,54","1.205,01","","-3,47%"
"03.10.2011","1.259,93","1.216,70","1.261,74","1.212,02","","3,91%"
"30.09.2011","1.212,47","1.188,02","1.214,70","1.187,42","","2,12%"
"29.09.2011","1.187,33","1.188,40","1.199,71","1.170,43","","-0,01%"
"28.09.2011","1.187,46","1.213,05","1.226,17","1.178,07","","-2,14%"
"27.09.2011","1.213,37","1.202,40","1.241,14","1.196,27","","0,95%"
"26.09.2011","1.201,96","1.226,34","1.237,45","1.146,87","","-1,96%"
"23.09.2011","1.226,05","1.288,96","1.297,68","1.208,46","","-4,88%"
"22.09.2011","1.288,96","1.311,51","1.316,34","1.278,72","","-1,71%"
"21.09.2011","1.311,41","1.315,95","1.328,38","1.300,59","","-0,34%"
"20.09.2011","1.315,95","1.300,53","1.322,60","1.298,29","","1,26%"
"19.09.2011","1.299,54","1.324,31","1.337,09","1.295,46","","-0,95%"
"16.09.2011","1.312,01","1.288,27","1.321,32","1.271,44","","1,87%"
"15.09.2011","1.287,90","1.324,29","1.329,52","1.278,69","","-2,67%"
"14.09.2011","1.323,25","1.339,94","1.350,06","1.313,02","","-1,22%"
"13.09.2011","1.339,54","1.326,44","1.345,57","1.320,22","","1,02%"
"12.09.2011","1.326,06","1.368,68","1.374,95","1.325,38","","-2,51%"
"09.09.2011","1.360,17","1.345,62","1.369,86","1.320,48","","1,09%"
"08.09.2011","1.345,52","1.288,73","1.347,89","1.281,04","","4,44%"
"07.09.2011","1.288,36","1.331,91","1.341,54","1.276,35","","-3,68%"
"06.09.2011","1.337,59","1.347,84","1.366,98","1.311,13","","-0,73%"
"05.09.2011","1.347,37","1.329,71","1.351,89","1.323,53","","1,63%"
"02.09.2011","1.325,80","1.279,58","1.328,67","1.277,53","","3,60%"
"01.09.2011","1.279,67","1.267,94","1.283,21","1.263,95","","0,94%"
"31.08.2011","1.267,77","1.272,48","1.277,01","1.254,55","","-0,18%"
"30.08.2011","1.270,04","1.231,14","1.274,49","1.229,61","","3,15%"
"29.08.2011","1.231,29","1.261,38","1.269,03","1.223,39","","-2,33%"
"26.08.2011","1.260,64","1.230,87","1.262,05","1.219,73","","2,41%"
"25.08.2011","1.230,94","1.214,48","1.234,46","1.179,47","","1,35%"
"24.08.2011","1.214,56","1.267,42","1.287,66","1.213,43","","-4,17%"
"23.08.2011","1.267,42","1.320,95","1.331,69","1.262,49","","-4,04%"
"22.08.2011","1.320,82","1.288,01","1.323,76","1.288,10","","2,70%"
"19.08.2011","1.286,08","1.272,75","1.313,15","1.271,62","","1,04%"
"18.08.2011","1.272,84","1.239,36","1.278,03","1.237,72","","2,75%"
"17.08.2011","1.238,76","1.239,93","1.248,83","1.230,90","","0,00%"
"16.08.2011","1.238,72","1.221,54","1.241,49","1.219,83","","1,41%"
"15.08.2011","1.221,45","1.223,96","1.225,04","1.201,51","","-0,30%"
"12.08.2011","1.225,17","1.239,92","1.246,14","1.210,75","","-1,18%"
"11.08.2011","1.239,84","1.266,77","1.283,99","1.217,78","","-2,09%"
"10.08.2011","1.266,32","1.211,11","1.267,49","1.208,10","","4,55%"
"09.08.2011","1.211,20","1.210,23","1.251,58","1.201,55","","0,02%"
"08.08.2011","1.211,01","1.155,30","1.213,81","1.155,57","","3,92%"
"05.08.2011","1.165,29","1.168,64","1.181,94","1.155,33","","-0,24%"
"04.08.2011","1.168,14","1.158,57","1.190,49","1.155,08","","0,78%"
"03.08.2011","1.159,06","1.169,64","1.180,72","1.155,44","","-0,82%"
"02.08.2011","1.168,65","1.134,47","1.170,44","1.132,82","","2,99%"
"01.08.2011","1.134,71","1.132,72","1.150,10","1.117,71","","0,46%"
"29.07.2011","1.129,50","1.127,79","1.138,64","1.124,93","","0,17%"
"28.07.2011","1.127,63","1.122,09","1.135,52","1.120,04","","0,48%"
"27.07.2011","1.122,24","1.115,03","1.128,57","1.114,74","","0,65%"
"26.07.2011","1.115,03","1.122,51","1.124,00","1.108,85","","-0,65%"
"25.07.2011","1.122,35","1.110,54","1.129,92","1.110,26","","0,90%"
"22.07.2011","1.112,37","1.100,87","1.121,18","1.097,69","","1,02%"
"21.07.2011","1.101,18","1.124,77","1.131,46","1.100,64","","-2,14%"
"20.07.2011","1.125,25","1.121,92","1.127,84","1.112,38","","0,31%"
"19.07.2011","1.121,76","1.136,68","1.141,26","1.118,94","","-1,28%"
"18.07.2011","1.136,28","1.128,64","1.145,64","1.127,34","","1,03%"
"15.07.2011","1.124,68","1.121,70","1.127,53","1.114,40","","0,29%"
"14.07.2011","1.121,46","1.114,77","1.124,83","1.110,94","","0,67%"
"13.07.2011","1.113,99","1.120,12","1.125,48","1.113,18","","-0,47%"
"12.07.2011","1.119,28","1.106,08","1.123,91","1.104,10","","1,12%"
"11.07.2011","1.106,87","1.085,71","1.110,92","1.082,99","","2,44%"
"08.07.2011","1.080,54","1.066,67","1.085,37","1.065,28","","1,38%"
"07.07.2011","1.065,84","1.066,76","1.074,00","1.060,32","","-0,09%"
"06.07.2011","1.066,84","1.050,89","1.070,49","1.046,20","","1,54%"
"05.07.2011","1.050,67","1.028,22","1.052,25","1.027,32","","2,17%"
"04.07.2011","1.028,36","1.021,45","1.031,59","1.020,93","","0,64%"
"01.07.2011","1.021,82","1.034,06","1.038,07","1.021,25","","-1,18%"
"30.06.2011","1.033,99","1.047,14","1.048,03","1.032,88","","-1,29%"
"29.06.2011","1.047,51","1.047,14","1.047,82","1.047,45","","0,35%"
"28.06.2011","1.043,90","1.047,32","1.054,34","1.042,58","","-0,25%"
"27.06.2011","1.046,48","1.056,47","1.065,89","1.044,82","","-0,97%"
"24.06.2011","1.056,74","1.066,04","1.070,54","1.056,59","","-0,87%"
"23.06.2011","1.066,04","1.083,72","1.087,45","1.065,64","","-1,54%"
"22.06.2011","1.082,74","1.073,85","1.083,39","1.071,45","","0,91%"
"21.06.2011","1.072,96","1.076,36","1.078,35","1.071,08","","-0,17%"
"20.06.2011","1.074,76","1.077,46","1.083,95","1.072,91","","0,87%"
"17.06.2011","1.065,52","1.074,82","1.075,40","1.066,03","","-0,84%"
"16.06.2011","1.074,51","1.079,94","1.087,03","1.074,36","","-0,50%"
"15.06.2011","1.079,96","1.054,44","1.081,68","1.051,97","","2,39%"
"14.06.2011","1.054,80","1.050,22","1.061,19","1.047,46","","0,43%"
"13.06.2011","1.050,29","1.068,48","1.069,78","1.050,24","","-1,48%"
"10.06.2011","1.066,06","1.063,74","1.069,83","1.055,97","","0,29%"
"09.06.2011","1.062,96","1.053,97","1.067,21","1.048,24","","0,85%"
"08.06.2011","1.053,97","1.050,13","1.055,95","1.045,80","","0,31%"
"07.06.2011","1.050,74","1.058,33","1.060,79","1.046,89","","-0,68%"
"06.06.2011","1.057,90","1.053,72","1.063,59","1.051,74","","0,45%"
"03.06.2011","1.053,14","1.057,51","1.065,92","1.052,04","","-0,37%"
"02.06.2011","1.057,07","1.075,03","1.076,98","1.054,74","","-1,73%"
"01.06.2011","1.075,68","1.065,88","1.077,68","1.059,94","","0,96%"
"31.05.2011","1.065,49","1.076,47","1.077,66","1.065,01","","-1,03%"
"30.05.2011","1.076,62","1.073,20","1.079,03","1.073,17","","0,51%"
"27.05.2011","1.071,16","1.073,70","1.078,88","1.068,42","","-0,24%"
"26.05.2011","1.073,70","1.081,35","1.084,92","1.069,33","","-0,74%"
"25.05.2011","1.081,66","1.081,79","1.088,63","1.080,61","","0,11%"
"24.05.2011","1.080,52","1.079,19","1.083,53","1.074,13","","0,09%"
"23.05.2011","1.079,50","1.066,57","1.081,35","1.066,82","","1,11%"
"20.05.2011","1.067,63","1.042,28","1.071,53","1.042,84","","2,45%"
"19.05.2011","1.042,13","1.050,04","1.051,39","1.041,98","","-0,76%"
"18.05.2011","1.050,11","1.042,73","1.054,22","1.041,18","","0,69%"
"17.05.2011","1.042,88","1.051,32","1.058,34","1.039,57","","-0,87%"
"16.05.2011","1.051,99","1.060,62","1.062,39","1.049,12","","-0,55%"
"13.05.2011","1.057,80","1.054,95","1.062,62","1.053,08","","0,11%"
"12.05.2011","1.056,67","1.055,72","1.060,94","1.044,55","","0,09%"
"11.05.2011","1.055,72","1.051,53","1.061,15","1.050,44","","0,39%"
"10.05.2011","1.051,67","1.054,17","1.058,70","1.048,83","","-0,12%"
"09.05.2011","1.052,94","1.039,41","1.058,55","1.036,85","","0,82%"
"06.05.2011","1.044,33","1.011,89","1.045,73","1.010,27","","3,25%"
"05.05.2011","1.011,44","1.022,09","1.031,62","1.006,20","","-0,99%"
"04.05.2011","1.021,58","1.039,04","1.040,18","1.014,96","","-1,39%"
"03.05.2011","1.036,01","1.041,90","1.047,48","1.029,93","","-0,54%"
"02.05.2011","1.041,68","1.054,45","1.062,62","1.039,92","","-1,31%"
"29.04.2011","1.055,48","1.035,24","1.058,15","1.031,16","","1,95%"
"28.04.2011","1.035,31","1.032,54","1.038,46","1.026,14","","0,24%"
"27.04.2011","1.032,82","1.024,71","1.036,96","1.023,79","","0,38%"
"26.04.2011","1.028,86","1.034,46","1.039,57","1.022,00","","-0,34%"
"25.04.2011","1.032,34","1.032,66","1.042,48","1.031,22","","-0,33%"
"22.04.2011","1.035,71","1.032,67","1.038,41","1.031,91","","0,31%"
"21.04.2011","1.032,47","1.031,78","1.037,17","1.028,78","","-0,07%"
"20.04.2011","1.033,23","1.041,77","1.044,07","1.031,84","","-0,77%"
"19.04.2011","1.041,21","1.041,15","1.052,69","1.040,84","","-0,78%"
"18.04.2011","1.049,38","1.029,02","1.053,81","1.029,32","","2,04%"
"15.04.2011","1.028,40","1.016,63","1.031,64","1.016,77","","1,17%"
"14.04.2011","1.016,49","1.007,00","1.019,06","1.006,63","","0,86%"
"13.04.2011","1.007,82","1.004,18","1.010,91","1.002,47","","0,49%"
"12.04.2011","1.002,90","1.016,18","1.019,41","997,34","","-1,06%"
"11.04.2011","1.013,65","1.018,46","1.022,39","1.011,33","","-0,33%"
"08.04.2011","1.017,05","1.018,84","1.022,85","1.015,74","","-0,10%"
"07.04.2011","1.018,03","1.016,18","1.025,56","1.015,88","","0,15%"
"06.04.2011","1.016,53","1.019,97","1.025,13","1.013,75","","-0,64%"
"05.04.2011","1.023,04","1.010,30","1.025,30","1.007,73","","1,28%"
"04.04.2011","1.010,16","1.003,43","1.011,56","1.005,90","","0,85%"
"01.04.2011","1.001,65","1.013,46","1.016,25","1.001,97","","-0,90%"
"31.03.2011","1.010,79","1.013,46","1.014,14","1.011,87","","0,36%"
"30.03.2011","1.007,13","1.003,29","1.016,37","1.002,56","","0,32%"
"29.03.2011","1.003,90","1.008,02","1.014,00","1.000,96","","-0,32%"
"28.03.2011","1.007,13","1.016,34","1.018,33","1.003,78","","-0,69%"
"25.03.2011","1.014,16","1.008,81","1.018,23","1.008,88","","0,61%"
"24.03.2011","1.007,97","1.019,02","1.023,45","1.004,06","","-1,16%"
"23.03.2011","1.019,81","1.006,48","1.021,88","1.003,81","","1,31%"
"22.03.2011","1.006,59","1.006,48","1.007,39","1.003,81","","0,48%"
"21.03.2011","1.001,79","1.000,82","1.012,02","999,83","","0,23%"
"18.03.2011","999,54","1.000,29","1.009,38","996,65","","-0,05%"
"17.03.2011","1.000,00","1.005,97","1.008,20","997,12","","-0,62%"
"16.03.2011","1.006,26","995,68","1.009,86","995,66","","1,05%"
"15.03.2011","995,82","1.019,69","1.021,83","994,47","","-2,33%"
"14.03.2011","1.019,55","1.015,18","1.028,74","1.015,79","","0,08%"
"11.03.2011","1.018,77","1.023,76","1.028,09","1.018,32","","-0,54%"
"10.03.2011","1.024,33","1.027,39","1.036,15","1.015,69","","-0,31%"
"09.03.2011","1.027,47","1.026,88","1.033,05","1.024,59","","0,00%"
"08.03.2011","1.027,44","1.023,93","1.033,14","1.020,00","","0,28%"
"07.03.2011","1.024,61","1.023,04","1.030,84","1.020,11","","0,32%"
"04.03.2011","1.021,30","1.013,53","1.024,94","1.012,26","","0,71%"
"03.03.2011","1.014,15","1.034,16","1.036,99","1.009,82","","-1,96%"
"02.03.2011","1.034,39","1.040,27","1.042,12","1.031,74","","-0,60%"
"01.03.2011","1.040,66","1.022,06","1.042,13","1.019,43","","1,79%"
"28.02.2011","1.022,31","1.024,17","1.032,13","1.017,57","","-0,22%"
"25.02.2011","1.024,55","1.015,48","1.027,26","1.012,57","","0,90%"
"24.02.2011","1.015,44","1.026,62","1.032,54","1.008,26","","-0,99%"
"23.02.2011","1.025,64","1.023,93","1.030,86","1.018,20","","0,19%"
"22.02.2011","1.023,73","1.027,59","1.036,69","1.020,60","","-0,43%"
"21.02.2011","1.028,12","1.013,34","1.030,37","1.013,27","","1,57%"
"18.02.2011","1.012,22","1.016,46","1.023,50","1.011,77","","-0,45%"
"17.02.2011","1.016,76","1.012,82","1.019,99","1.012,15","","0,33%"
"16.02.2011","1.013,37","1.017,75","1.022,71","1.012,01","","-0,42%"
"15.02.2011","1.017,60","1.009,47","1.020,35","1.007,70","","0,74%"
"14.02.2011","1.010,08","1.003,86","1.015,21","1.000,45","","0,98%"
"11.02.2011","1.000,30","1.002,21","1.011,75","998,94","","-0,13%"
"10.02.2011","1.001,57","992,62","1.003,44","990,97","","0,94%"
"09.02.2011","992,27","1.000,78","1.002,50","991,63","","-0,78%"
"08.02.2011","1.000,07","994,05","1.001,67","987,98","","0,75%"
"07.02.2011","992,60","993,07","1.000,08","988,38","","0,00%"
"04.02.2011","992,56","992,12","1.001,59","986,22","","-0,02%"
"03.02.2011","992,74","967,06","994,60","960,51","","2,56%"
"02.02.2011","967,95","968,95","972,86","963,17","","-0,07%"
"01.02.2011","968,58","972,90","976,80","961,39","","-0,45%"
"31.01.2011","972,97","984,04","991,90","965,67","","-0,78%"
"28.01.2011","980,62","955,40","990,94","953,98","","2,67%"
"27.01.2011","955,16","981,88","984,04","953,27","","-2,73%"
"26.01.2011","981,97","973,66","983,46","967,69","","0,83%"
"25.01.2011","973,92","978,26","989,26","969,91","","-0,40%"
"24.01.2011","977,87","984,05","995,80","977,94","","-0,74%"
"21.01.2011","985,17","998,62","1.002,82","984,55","","-1,23%"
"20.01.2011","997,47","1.016,66","1.019,94","997,20","","-1,91%"
"19.01.2011","1.016,89","1.021,28","1.025,23","1.014,83","","-0,46%"
"18.01.2011","1.021,56","1.024,82","1.028,93","1.016,90","","-0,30%"
"17.01.2011","1.024,59","1.016,85","1.027,99","1.016,86","","0,68%"
"14.01.2011","1.017,68","1.027,12","1.038,63","1.014,67","","-1,06%"
"13.01.2011","1.028,56","1.056,27","1.059,21","1.026,05","","-2,52%"
"12.01.2011","1.055,17","1.063,93","1.067,72","1.053,44","","-0,91%"
"11.01.2011","1.064,88","1.061,11","1.070,40","1.059,72","","0,31%"
"10.01.2011","1.061,54","1.062,49","1.067,10","1.057,52","","0,14%"
"07.01.2011","1.060,01","1.059,37","1.060,97","1.060,13","","0,58%"
"06.01.2011","1.053,93","1.054,16","1.054,87","1.054,28","","0,69%"
"05.01.2011","1.046,71","1.036,77","1.048,17","1.035,35","","0,93%"
"04.01.2011","1.037,05","1.058,38","1.064,34","1.032,37","","-2,04%"
"03.01.2011","1.058,64","1.063,26","1.070,41","1.057,08","","-0,14%"
"31.12.2010","1.060,16","1.056,19","1.064,89","1.053,19","","0,37%"
"30.12.2010","1.056,28","1.066,99","1.069,32","1.056,22","","-0,99%"
"29.12.2010","1.066,85","1.071,18","1.076,30","1.065,64","","-0,40%"
"28.12.2010","1.071,14","1.050,65","1.073,35","1.044,18","","1,93%"
"27.12.2010","1.050,85","1.055,23","1.056,27","1.047,35","","-0,39%"
"24.12.2010","1.054,99","1.052,15","1.057,71","1.050,21","","0,30%"
"23.12.2010","1.051,83","1.056,91","1.059,24","1.049,94","","-0,47%"
"22.12.2010","1.056,82","1.057,56","1.062,24","1.054,65","","-0,03%"
"21.12.2010","1.057,19","1.054,92","1.061,73","1.049,36","","0,22%"
"20.12.2010","1.054,86","1.041,57","1.057,75","1.042,62","","1,22%"
"17.12.2010","1.042,11","1.035,23","1.047,91","1.029,03","","0,71%"
"16.12.2010","1.034,74","1.044,57","1.048,12","1.029,56","","-0,90%"
"15.12.2010","1.044,11","1.042,82","1.048,90","1.037,99","","0,12%"
"14.12.2010","1.042,81","1.040,21","1.049,72","1.038,32","","0,25%"
"13.12.2010","1.040,24","1.047,21","1.055,20","1.039,37","","-0,66%"
"10.12.2010","1.047,14","1.047,88","1.051,72","1.040,65","","-0,04%"
"09.12.2010","1.047,57","1.041,53","1.053,89","1.040,26","","0,59%"
"08.12.2010","1.041,45","1.056,08","1.063,53","1.036,96","","-1,41%"
"07.12.2010","1.056,38","1.069,17","1.072,82","1.052,62","","-1,27%"
"06.12.2010","1.069,95","1.056,67","1.071,76","1.047,22","","1,60%"
"03.12.2010","1.053,11","1.047,23","1.055,78","1.045,66","","0,58%"
"02.12.2010","1.047,05","1.055,74","1.063,89","1.045,51","","-0,78%"
"01.12.2010","1.055,32","1.066,32","1.070,60","1.054,35","","-1,01%"
"30.11.2010","1.066,10","1.042,43","1.068,51","1.039,41","","2,29%"
"29.11.2010","1.042,28","1.024,78","1.045,18","1.023,45","","1,24%"
"26.11.2010","1.029,55","1.029,00","1.035,03","1.019,92","","0,08%"
"25.11.2010","1.028,76","1.030,39","1.032,26","1.025,90","","-0,23%"
"24.11.2010","1.031,10","1.029,40","1.038,34","1.021,92","","0,20%"
"23.11.2010","1.029,09","1.002,71","1.031,63","997,11","","2,64%"
"22.11.2010","1.002,64","987,21","1.004,13","985,52","","1,40%"
"19.11.2010","988,81","991,24","998,34","982,79","","-0,26%"
"18.11.2010","991,42","987,14","999,03","983,95","","0,33%"
"17.11.2010","988,16","993,11","996,48","985,72","","-0,50%"
"16.11.2010","993,14","1.000,88","1.008,25","984,31","","-0,77%"
"15.11.2010","1.000,88","996,46","1.011,19","996,35","","0,21%"
"12.11.2010","998,83","1.031,16","1.034,97","994,41","","-3,14%"
"11.11.2010","1.031,18","1.017,70","1.033,80","1.015,17","","1,23%"
"10.11.2010","1.018,64","1.010,37","1.024,69","1.009,98","","0,96%"
"09.11.2010","1.008,92","1.011,99","1.028,28","1.005,20","","-0,35%"
"08.11.2010","1.012,49","992,31","1.013,42","990,79","","2,00%"
"05.11.2010","992,66","979,01","994,96","971,87","","1,28%"
"04.11.2010","980,11","952,79","980,99","945,45","","2,89%"
"03.11.2010","952,60","966,66","972,25","944,73","","-1,43%"
"02.11.2010","966,46","971,40","975,21","962,65","","-0,62%"
"01.11.2010","972,46","971,82","980,56","970,17","","-0,16%"
"29.10.2010","974,02","964,63","977,38","962,33","","1,02%"
"28.10.2010","964,15","962,30","966,51","957,06","","0,22%"
"27.10.2010","962,02","965,80","970,72","958,39","","-0,43%"
"26.10.2010","966,21","957,84","968,06","955,78","","0,77%"
"25.10.2010","958,87","950,49","961,11","951,40","","0,82%"
"22.10.2010","951,06","950,38","955,46","945,75","","-0,03%"
"21.10.2010","951,30","962,25","968,65","947,30","","-1,25%"
"20.10.2010","963,37","972,56","973,96","959,98","","-0,82%"
"19.10.2010","971,36","980,97","984,80","965,37","","-1,08%"
"18.10.2010","981,93","977,88","983,32","974,15","","0,35%"
"15.10.2010","978,51","977,81","984,87","971,83","","-0,17%"
"14.10.2010","980,19","982,16","984,76","974,60","","-0,15%"
"13.10.2010","981,67","969,82","985,81","969,17","","1,31%"
"12.10.2010","968,98","975,17","977,74","967,98","","-0,62%"
"11.10.2010","975,03","959,60","976,39","960,06","","1,00%"
"08.10.2010","965,37","957,36","968,96","953,63","","0,91%"
"07.10.2010","956,71","966,05","976,48","955,75","","-1,09%"
"06.10.2010","967,22","967,48","976,10","964,87","","-0,14%"
"05.10.2010","968,53","961,40","969,92","959,39","","0,84%"
"04.10.2010","960,43","953,89","963,14","954,21","","0,58%"
"01.10.2010","954,91","957,56","961,51","954,71","","-0,47%"
"30.09.2010","959,38","960,59","964,78","953,51","","-0,13%"
"29.09.2010","960,59","962,74","966,67","957,96","","-0,26%"
"28.09.2010","963,11","963,96","966,14","953,78","","0,18%"
"27.09.2010","961,37","960,84","966,37","959,74","","0,09%"
"24.09.2010","960,46","971,53","974,56","959,05","","-0,93%"
"23.09.2010","969,48","962,75","972,29","962,27","","0,65%"
"22.09.2010","963,25","970,05","973,38","960,66","","-0,57%"
"21.09.2010","968,82","979,14","980,15","964,60","","-0,85%"
"20.09.2010","977,16","977,36","982,51","976,35","","0,15%"
"17.09.2010","975,71","972,78","980,68","971,26","","0,12%"
"16.09.2010","974,58","972,38","977,10","970,71","","0,01%"
"15.09.2010","974,44","977,66","980,93","971,13","","-0,14%"
"14.09.2010","975,80","966,88","986,68","966,57","","0,95%"
"13.09.2010","966,58","979,47","981,97","964,86","","-1,61%"
"10.09.2010","982,38","983,04","984,88","973,50","","0,31%"
"09.09.2010","979,37","985,93","990,83","976,35","","-0,69%"
"08.09.2010","986,17","987,78","995,28","983,42","","-0,33%"
"07.09.2010","989,43","970,52","991,39","970,05","","1,94%"
"06.09.2010","970,60","968,22","972,21","966,64","","0,50%"
"03.09.2010","965,81","974,93","977,72","961,86","","-0,94%"
"02.09.2010","975,02","971,18","977,90","970,37","","0,41%"
"01.09.2010","971,00","984,39","985,07","969,56","","-1,13%"
"31.08.2010","982,06","976,52","985,95","971,57","","0,63%"
"30.08.2010","975,92","967,89","977,82","967,92","","0,80%"
"27.08.2010","968,20","971,25","977,45","967,42","","-0,20%"
"26.08.2010","970,17","978,60","980,98","969,62","","-0,90%"
"25.08.2010","978,98","973,28","981,98","968,31","","0,55%"
"24.08.2010","973,59","967,04","975,40","960,62","","0,74%"
"23.08.2010","966,43","965,42","969,64","963,94","","0,06%"
"20.08.2010","965,86","959,37","970,01","958,93","","0,65%"
"19.08.2010","959,59","954,77","963,31","955,35","","0,45%"
"18.08.2010","955,25","949,31","958,02","945,03","","0,63%"
"17.08.2010","949,31","953,56","956,75","948,15","","-0,46%"
"16.08.2010","953,71","951,65","958,20","949,70","","0,23%"
"13.08.2010","951,51","944,04","953,89","942,80","","0,76%"
"12.08.2010","944,33","931,66","949,96","928,18","","1,41%"
"11.08.2010","931,20","911,87","934,49","912,27","","2,12%"
"10.08.2010","911,87","907,30","915,99","906,56","","0,52%"
"09.08.2010","907,13","905,21","912,63","905,55","","0,09%"
"06.08.2010","906,31","904,75","912,79","904,03","","0,09%"
"05.08.2010","905,51","908,03","913,90","904,56","","-0,29%"
"04.08.2010","908,18","895,69","914,74","895,57","","1,40%"
"03.08.2010","895,67","896,31","901,20","891,62","","-0,01%"
"02.08.2010","895,80","904,46","907,96","893,72","","-0,96%"
"30.07.2010","904,45","892,80","907,27","890,26","","1,45%"
"29.07.2010","891,56","895,03","898,67","885,81","","-0,41%"
"28.07.2010","895,27","891,83","897,84","889,21","","0,15%"
"27.07.2010","893,97","911,21","914,90","891,74","","-1,72%"
"26.07.2010","909,65","921,53","929,77","907,96","","-1,20%"
"23.07.2010","920,68","927,49","936,88","916,40","","-0,61%"
"22.07.2010","926,36","934,38","935,36","920,72","","-0,29%"
"21.07.2010","929,08","924,50","936,65","920,89","","0,46%"
"20.07.2010","924,81","911,61","925,91","908,86","","1,13%"
"19.07.2010","914,52","925,10","926,15","908,09","","-0,85%"
"16.07.2010","922,35","933,85","937,69","915,80","","-1,17%"
"15.07.2010","933,26","947,73","953,32","932,95","","-1,51%"
"14.07.2010","947,58","951,39","956,53","942,86","","-0,35%"
"13.07.2010","950,87","948,82","966,62","949,08","","0,22%"
"12.07.2010","948,82","958,59","962,02","949,70","","-1,01%"
"09.07.2010","958,47","942,26","960,29","941,13","","1,69%"
"08.07.2010","942,53","951,13","955,36","937,03","","-0,90%"
"07.07.2010","951,06","943,54","952,99","942,27","","0,73%"
"06.07.2010","944,13","962,25","968,09","941,44","","-1,99%"
"05.07.2010","963,28","963,70","969,03","962,50","","-0,01%"
"02.07.2010","963,39","955,58","974,39","953,77","","0,62%"
"01.07.2010","957,46","1.014,59","1.017,92","955,37","","-5,62%"
"30.06.2010","1.014,51","1.015,75","1.021,80","1.007,54","","-0,36%"
"29.06.2010","1.018,18","1.006,72","1.021,60","1.006,37","","1,07%"
"28.06.2010","1.007,37","1.012,68","1.025,79","1.003,19","","-0,59%"
"25.06.2010","1.013,33","1.009,04","1.022,37","1.005,96","","0,45%"
"24.06.2010","1.008,80","1.002,60","1.013,60","997,65","","0,50%"
"23.06.2010","1.003,82","1.010,19","1.015,62","999,60","","-0,62%"
"22.06.2010","1.010,11","999,55","1.012,86","999,47","","1,04%"
"21.06.2010","999,72","1.009,12","1.019,71","999,15","","-1,41%"
"18.06.2010","1.014,00","1.003,96","1.021,04","1.001,58","","0,94%"
"17.06.2010","1.004,56","999,59","1.012,30","995,12","","0,44%"
"16.06.2010","1.000,16","1.000,04","1.009,39","996,11","","-0,05%"
"15.06.2010","1.000,69","999,06","1.006,17","993,74","","0,18%"
"14.06.2010","998,90","1.010,39","1.016,64","989,83","","-1,27%"
"11.06.2010","1.011,80","1.003,96","1.019,79","1.003,98","","0,67%"
"10.06.2010","1.005,04","1.026,75","1.031,06","1.001,36","","-2,15%"
"09.06.2010","1.027,15","1.030,43","1.039,89","1.012,37","","-0,36%"
"08.06.2010","1.030,83","1.038,81","1.051,31","1.031,72","","-0,86%"
"07.06.2010","1.039,73","1.019,33","1.044,19","1.011,05","","2,17%"
"04.06.2010","1.017,61","991,41","1.020,04","983,53","","2,46%"
"03.06.2010","993,13","998,24","1.001,21","986,98","","-0,51%"
"02.06.2010","998,24","1.002,87","1.005,70","993,53","","-0,37%"
"01.06.2010","1.001,96","986,67","1.010,43","986,84","","1,42%"
"31.05.2010","987,90","987,82","992,42","981,75","","-0,11%"
"28.05.2010","989,01","979,54","990,84","973,07","","0,96%"
"27.05.2010","979,62","994,98","998,24","978,00","","-1,48%"
"26.05.2010","994,33","969,78","996,42","970,43","","2,46%"
"25.05.2010","970,48","963,92","981,37","963,35","","0,53%"
"24.05.2010","965,35","936,45","966,76","937,94","","3,31%"
"21.05.2010","934,44","947,15","949,62","925,89","","-1,47%"
"20.05.2010","948,41","958,04","971,17","939,33","","-1,07%"
"19.05.2010","958,66","1.000,98","1.010,83","958,40","","-4,33%"
"18.05.2010","1.002,05","986,69","1.010,49","971,52","","1,58%"
"17.05.2010","986,49","995,59","1.013,46","984,02","","-1,03%"
"14.05.2010","996,72","983,65","1.003,13","980,71","","1,33%"
"13.05.2010","983,65","978,82","989,68","975,07","","0,47%"
"12.05.2010","979,05","974,57","988,87","965,39","","0,48%"
"11.05.2010","974,34","939,57","975,00","938,95","","3,64%"
"10.05.2010","940,16","933,56","943,45","907,03","","-0,64%"
"07.05.2010","946,18","955,48","959,09","936,15","","-0,89%"
"06.05.2010","954,67","915,63","962,71","907,57","","4,14%"
"05.05.2010","916,70","902,51","918,83","899,80","","1,62%"
"04.05.2010","902,13","895,47","911,87","892,77","","0,71%"
"03.05.2010","895,79","882,43","900,89","883,27","","1,12%"
"30.04.2010","885,84","880,34","893,78","877,77","","0,56%"
"29.04.2010","880,87","881,69","885,15","876,92","","0,08%"
"28.04.2010","880,16","887,83","894,41","876,88","","-1,19%"
"27.04.2010","890,77","860,86","891,56","859,65","","3,38%"
"26.04.2010","861,61","865,91","868,98","861,04","","-0,28%"
"23.04.2010","864,07","858,38","865,58","853,36","","0,70%"
"22.04.2010","858,05","855,53","860,20","851,61","","0,31%"
"21.04.2010","855,40","847,84","858,54","848,30","","0,88%"
"20.04.2010","847,96","840,88","851,08","840,41","","0,84%"
"19.04.2010","840,88","843,25","844,97","835,87","","-0,10%"
"16.04.2010","841,69","852,62","855,91","837,91","","-1,32%"
"15.04.2010","852,99","845,10","857,35","845,59","","0,94%"
"14.04.2010","845,04","844,64","853,85","843,65","","0,00%"
"13.04.2010","845,08","850,14","852,35","844,35","","-0,27%"
"12.04.2010","847,38","850,64","858,98","847,71","","-1,36%"
"09.04.2010","859,06","860,76","865,18","856,61","","-0,20%"
"08.04.2010","860,76","860,01","865,26","858,82","","0,10%"
"07.04.2010","859,94","845,80","863,66","845,50","","1,64%"
"06.04.2010","846,04","837,81","851,43","837,48","","1,00%"
"05.04.2010","837,68","833,27","840,18","829,79","","1,02%"
"02.04.2010","829,26","828,49","831,61","825,03","","0,09%"
"01.04.2010","828,49","823,56","834,69","822,03","","0,61%"
"31.03.2010","823,50","821,60","828,28","820,86","","0,19%"
"30.03.2010","821,92","822,11","825,08","820,84","","-0,02%"
"29.03.2010","822,05","819,14","827,62","820,19","","-0,25%"
"26.03.2010","824,09","821,05","827,61","815,27","","0,32%"
"25.03.2010","821,49","815,94","823,88","814,66","","0,64%"
"24.03.2010","816,25","816,10","822,45","813,38","","0,03%"
"23.03.2010","816,04","812,15","819,29","811,25","","0,40%"
"22.03.2010","812,78","817,91","820,28","809,42","","-0,57%"
"19.03.2010","817,43","827,23","831,75","814,69","","-1,18%"
"18.03.2010","827,23","818,26","828,93","816,66","","1,07%"
"17.03.2010","818,51","816,72","821,76","813,93","","0,24%"
"16.03.2010","816,54","810,25","820,59","808,63","","0,75%"
"15.03.2010","810,50","798,01","811,71","799,46","","1,22%"
"12.03.2010","800,77","810,89","814,02","798,83","","-1,22%"
"11.03.2010","810,67","811,20","814,79","805,91","","-0,03%"
"10.03.2010","810,89","824,25","830,17","809,51","","-1,48%"
"09.03.2010","823,09","823,51","827,95","818,63","","0,05%"
"08.03.2010","822,66","831,54","834,36","821,38","","-0,99%"
"05.03.2010","830,92","832,99","838,65","830,67","","-0,26%"
"04.03.2010","833,10","831,89","835,30","828,30","","0,20%"
"03.03.2010","831,40","833,03","836,46","830,36","","-0,27%"
"02.03.2010","833,63","824,90","837,14","822,40","","1,21%"
"01.03.2010","823,66","818,99","830,43","818,89","","0,60%"
"26.02.2010","818,76","815,28","821,63","814,77","","0,39%"
"25.02.2010","815,61","810,56","820,34","807,70","","0,70%"
"24.02.2010","809,95","816,27","818,41","804,49","","-0,74%"
"23.02.2010","816,01","819,06","820,73","813,17","","-0,32%"
"22.02.2010","818,60","819,34","829,37","816,66","","-0,28%"
"19.02.2010","820,93","821,43","830,81","816,59","","-0,51%"
"18.02.2010","825,12","813,00","825,87","809,49","","0,72%"
"17.02.2010","819,22","812,66","823,44","810,66","","0,76%"
"16.02.2010","813,07","809,25","819,53","807,26","","0,50%"
"15.02.2010","809,01","802,41","809,98","799,62","","0,85%"
"12.02.2010","802,23","800,18","803,42","794,90","","0,34%"
"11.02.2010","799,49","780,22","803,13","779,92","","2,36%"
"10.02.2010","781,09","780,62","785,28","776,53","","0,01%"
"09.02.2010","780,99","778,55","786,12","777,00","","0,32%"
"08.02.2010","778,47","779,65","784,24","777,35","","-0,09%"
"05.02.2010","779,20","773,93","782,12","767,05","","0,69%"
"04.02.2010","773,86","798,37","800,27","770,41","","-3,02%"
"03.02.2010","797,94","797,73","803,58","791,72","","-0,04%"
"02.02.2010","798,27","793,45","801,33","791,07","","0,45%"
"01.02.2010","794,69","778,36","795,28","776,54","","1,94%"
"29.01.2010","779,55","777,75","781,16","773,71","","0,29%"
"28.01.2010","777,28","775,39","783,58","769,51","","0,29%"
"27.01.2010","775,06","779,57","782,76","772,76","","-0,69%"
"26.01.2010","780,44","775,77","782,17","771,42","","0,60%"
"25.01.2010","775,78","770,67","778,95","771,27","","0,40%"
"22.01.2010","772,70","776,80","778,74","767,74","","-0,56%"
"21.01.2010","777,07","787,68","792,11","774,97","","-1,41%"
"20.01.2010","788,21","796,16","802,25","785,01","","-0,93%"
"19.01.2010","795,61","787,33","798,33","786,51","","1,09%"
"18.01.2010","787,06","787,72","791,46","785,64","","0,21%"
"15.01.2010","785,42","787,47","791,39","784,15","","-0,37%"
"14.01.2010","788,36","783,85","794,09","782,27","","0,53%"
"13.01.2010","784,24","778,70","785,14","772,24","","0,85%"
"12.01.2010","777,66","793,11","798,49","776,59","","-2,07%"
"11.01.2010","794,10","788,24","800,55","788,60","","0,76%"
"08.01.2010","788,12","790,03","791,62","782,93","","-0,29%"
"07.01.2010","790,43","789,66","792,66","785,44","","0,11%"
"06.01.2010","789,56","778,19","791,61","776,96","","1,41%"
"05.01.2010","778,60","777,88","781,65","774,20","","0,21%"
"04.01.2010","776,93","765,13","778,82","764,45","","1,54%"
"01.01.2010","765,13","765,13","766,18","765,35","","-0,05%"
"31.12.2009","765,50","761,84","768,70","761,87","","0,56%"
"30.12.2009","761,26","763,93","765,75","759,82","","-0,42%"
"29.12.2009","764,49","768,90","771,65","760,63","","-0,65%"
"28.12.2009","769,50","768,54","774,19","765,30","","0,36%"
"25.12.2009","766,77","768,10","769,63","765,05","","-0,19%"
"24.12.2009","768,26","758,07","770,68","758,18","","1,33%"
"23.12.2009","758,16","760,23","764,58","757,38","","-0,21%"
"22.12.2009","759,74","765,03","768,26","755,30","","-0,59%"
"21.12.2009","764,23","777,36","781,03","761,87","","-1,40%"
"18.12.2009","775,09","765,66","780,26","764,46","","1,21%"
"17.12.2009","765,80","782,64","791,65","763,35","","-2,10%"
"16.12.2009","782,23","773,47","784,34","771,72","","1,17%"
"15.12.2009","773,20","768,35","775,34","759,92","","0,83%"
"14.12.2009","766,85","761,29","769,14","760,16","","0,65%"
"11.12.2009","761,91","767,09","773,89","760,19","","-0,78%"
"10.12.2009","767,88","766,43","771,29","760,77","","0,23%"
"09.12.2009","766,11","767,95","777,59","760,96","","-0,33%"
"08.12.2009","768,64","780,42","789,03","765,92","","-1,71%"
"07.12.2009","781,98","780,58","782,94","769,04","","0,03%"
"04.12.2009","781,71","802,01","804,85","774,15","","-2,67%"
"03.12.2009","803,18","808,02","812,76","799,31","","-0,50%"
"02.12.2009","807,22","792,84","808,35","792,27","","1,72%"
"01.12.2009","793,54","785,54","796,10","783,52","","1,06%"
"30.11.2009","785,21","783,84","788,71","774,09","","-0,12%"
"27.11.2009","786,14","793,80","796,52","766,28","","-1,02%"
"26.11.2009","794,27","786,56","795,54","783,25","","1,11%"
"25.11.2009","785,56","781,30","787,27","779,67","","0,50%"
"24.11.2009","781,68","779,00","783,99","774,87","","0,44%"
"23.11.2009","778,28","772,52","783,18","767,83","","0,63%"
"20.11.2009","773,38","766,16","774,87","764,78","","0,91%"
"19.11.2009","766,40","764,97","768,30","760,41","","0,26%"
"18.11.2009","764,45","767,34","770,49","763,15","","-0,32%"
"17.11.2009","766,92","760,63","768,09","757,06","","0,77%"
"16.11.2009","761,05","749,31","762,34","749,36","","1,48%"
"13.11.2009","749,98","743,27","750,48","741,16","","0,90%"
"12.11.2009","743,26","745,81","754,01","742,79","","-0,37%"
"11.11.2009","746,01","737,37","746,73","732,89","","1,16%"
"10.11.2009","737,42","736,05","739,88","732,14","","0,21%"
"09.11.2009","735,86","736,27","741,14","733,75","","-0,19%"
"06.11.2009","737,26","732,65","739,93","731,78","","0,57%"
"05.11.2009","733,08","734,55","736,74","730,36","","-0,14%"
"04.11.2009","734,09","736,15","742,12","730,32","","-0,39%"
"03.11.2009","736,94","717,00","740,00","716,74","","2,71%"
"02.11.2009","717,48","709,75","718,12","705,44","","1,13%"
"30.10.2009","709,46","704,24","711,27","702,44","","0,77%"
"29.10.2009","704,06","697,78","707,58","696,85","","0,89%"
"28.10.2009","697,83","701,23","704,94","697,24","","-0,52%"
"27.10.2009","701,51","697,68","707,73","696,77","","0,56%"
"26.10.2009","697,63","702,54","708,54","697,84","","-0,72%"
"23.10.2009","702,69","705,58","709,97","700,33","","-0,39%"
"22.10.2009","705,44","705,52","707,41","702,37","","0,06%"
"21.10.2009","705,05","705,68","708,80","701,59","","-0,10%"
"20.10.2009","705,75","709,65","715,04","705,99","","-0,62%"
"19.10.2009","710,17","705,38","712,28","703,16","","0,62%"
"16.10.2009","705,78","702,48","709,43","700,68","","0,48%"
"15.10.2009","702,43","710,97","713,27","701,22","","-1,26%"
"14.10.2009","711,38","715,77","719,33","709,77","","-0,59%"
"13.10.2009","715,58","713,87","720,63","711,57","","0,21%"
"12.10.2009","714,07","711,74","716,35","712,07","","0,36%"
"09.10.2009","711,50","712,45","716,29","709,15","","-0,16%"
"08.10.2009","712,64","710,48","717,24","708,45","","0,30%"
"07.10.2009","710,48","707,15","712,22","705,20","","0,47%"
"06.10.2009","707,15","693,91","708,58","691,37","","1,90%"
"05.10.2009","693,98","686,24","695,05","680,51","","1,01%"
"02.10.2009","687,03","687,01","690,11","680,69","","0,01%"
"01.10.2009","686,96","687,68","693,09","686,48","","-0,15%"
"30.09.2009","687,97","679,31","689,31","679,45","","1,25%"
"29.09.2009","679,51","677,12","683,48","676,33","","0,38%"
"28.09.2009","676,94","674,02","681,09","673,54","","0,30%"
"25.09.2009","674,89","677,73","686,28","672,59","","-0,48%"
"24.09.2009","678,14","684,65","688,96","675,65","","-0,83%"
"23.09.2009","683,85","685,37","688,95","681,57","","-0,24%"
"22.09.2009","685,51","683,03","689,17","679,85","","0,36%"
"21.09.2009","683,03","684,78","685,75","679,39","","-0,12%"
"18.09.2009","683,85","686,01","691,35","684,13","","-0,36%"
"17.09.2009","686,33","691,16","694,74","686,37","","-0,66%"
"16.09.2009","690,88","686,15","695,12","685,69","","0,68%"
"15.09.2009","686,20","682,56","688,15","680,46","","0,47%"
"14.09.2009","682,99","688,21","692,70","682,27","","-0,95%"
"11.09.2009","689,53","682,83","692,46","682,35","","0,95%"
"10.09.2009","683,07","680,03","684,16","676,15","","0,32%"
"09.09.2009","680,88","686,77","691,97","678,37","","-0,90%"
"08.09.2009","687,06","693,30","699,09","684,73","","-0,89%"
"07.09.2009","693,25","694,01","695,67","691,27","","-0,23%"
"04.09.2009","694,88","694,22","698,15","691,13","","0,06%"
"03.09.2009","694,47","684,56","699,23","682,38","","1,42%"
"02.09.2009","684,77","672,28","687,35","670,25","","1,86%"
"01.09.2009","672,28","662,61","673,92","661,96","","1,47%"
"31.08.2009","662,56","666,98","671,93","661,27","","-0,77%"
"28.08.2009","667,70","659,80","669,57","660,23","","1,17%"
"27.08.2009","660,01","662,76","666,15","659,28","","-0,46%"
"26.08.2009","663,04","659,59","666,04","659,55","","0,38%"
"25.08.2009","660,52","658,37","670,21","658,27","","0,25%"
"24.08.2009","658,84","664,01","668,30","656,25","","-0,98%"
"21.08.2009","665,33","659,15","667,99","657,86","","0,95%"
"20.08.2009","659,10","661,39","664,32","658,78","","-0,35%"
"19.08.2009","661,39","663,11","668,48","655,75","","-0,24%"
"18.08.2009","663,01","662,78","666,41","662,28","","0,03%"
"17.08.2009","662,83","666,56","670,21","660,79","","-0,43%"
"14.08.2009","665,72","667,62","672,90","663,83","","-0,20%"
"13.08.2009","667,06","666,04","673,54","663,05","","0,10%"
"12.08.2009","666,37","667,62","670,18","665,28","","-0,14%"
"11.08.2009","667,29","667,69","670,62","666,83","","-0,10%"
"10.08.2009","667,97","672,83","676,56","664,22","","-0,63%"
"07.08.2009","672,19","670,77","678,01","666,88","","0,24%"
"06.08.2009","670,58","667,19","675,97","666,71","","0,47%"
"05.08.2009","667,42","671,40","672,40","663,33","","-0,59%"
"04.08.2009","671,40","662,70","672,80","660,84","","1,32%"
"03.08.2009","662,67","668,37","671,91","660,57","","-0,97%"
"31.07.2009","669,16","663,51","671,21","660,20","","0,92%"
"30.07.2009","663,09","661,87","666,74","658,71","","0,18%"
"29.07.2009","661,87","660,96","666,13","659,34","","0,18%"
"28.07.2009","660,68","668,76","670,44","660,68","","-1,20%"
"27.07.2009","668,71","667,94","672,52","668,23","","-0,03%"
"24.07.2009","668,88","668,84","671,81","667,78","","0,02%"
"23.07.2009","668,75","668,82","672,36","667,61","","0,04%"
"22.07.2009","668,45","666,77","670,65","665,69","","0,24%"
"21.07.2009","666,82","666,54","669,06","666,04","","0,06%"
"20.07.2009","666,44","663,34","671,64","661,35","","0,33%"
"17.07.2009","664,23","661,87","666,07","661,70","","0,34%"
"16.07.2009","661,97","665,28","667,73","661,41","","-0,47%"
"15.07.2009","665,10","661,70","668,06","654,39","","0,50%"
"14.07.2009","661,81","657,99","664,47","655,73","","0,59%"
"13.07.2009","657,94","653,82","660,82","651,21","","0,52%"
"10.07.2009","654,53","649,83","656,90","650,56","","0,72%"
"09.07.2009","649,83","654,55","656,85","649,59","","-0,73%"
"08.07.2009","654,60","663,34","666,33","654,03","","-1,28%"
"07.07.2009","663,10","661,04","667,02","659,45","","0,29%"
"06.07.2009","661,16","667,84","668,54","660,84","","-0,87%"
"03.07.2009","666,93","666,03","668,59","664,71","","0,14%"
"02.07.2009","666,03","664,09","670,41","660,76","","0,26%"
"01.07.2009","664,30","659,63","667,18","659,77","","0,72%"
"30.06.2009","659,58","665,47","669,18","659,03","","-0,97%"
"29.06.2009","666,02","666,89","671,72","664,19","","-0,20%"
"26.06.2009","667,37","670,49","674,71","666,24","","-0,51%"
"25.06.2009","670,82","668,13","674,14","666,83","","0,36%"
"24.06.2009","668,41","657,21","671,20","654,87","","1,73%"
"23.06.2009","657,07","664,96","666,78","652,19","","-1,19%"
"22.06.2009","665,01","669,05","674,28","662,42","","-0,63%"
"19.06.2009","669,22","670,42","673,67","667,51","","-0,16%"
"18.06.2009","670,32","672,83","676,40","666,61","","-0,34%"
"17.06.2009","672,64","675,22","676,60","669,49","","-0,34%"
"16.06.2009","674,93","672,70","677,00","671,77","","0,35%"
"15.06.2009","672,60","670,46","676,21","668,73","","0,59%"
"12.06.2009","668,64","676,50","679,11","668,99","","-1,10%"
"11.06.2009","676,07","682,64","684,56","674,71","","-0,94%"
"10.06.2009","682,49","677,81","686,68","677,45","","0,70%"
"09.06.2009","677,76","683,54","686,88","677,64","","-0,80%"
"08.06.2009","683,22","684,95","688,52","681,19","","-0,03%"
"05.06.2009","683,43","690,43","693,68","679,96","","-0,99%"
"04.06.2009","690,24","680,01","692,65","679,65","","1,50%"
"03.06.2009","680,01","685,38","691,85","678,50","","-0,81%"
"02.06.2009","685,53","688,35","691,10","682,60","","-0,36%"
"01.06.2009","687,99","692,43","697,50","686,70","","-0,51%"
"29.05.2009","691,53","688,05","695,03","682,49","","0,52%"
"28.05.2009","687,95","685,39","692,25","682,48","","0,44%"
"27.05.2009","684,97","680,00","688,63","672,90","","0,77%"
"26.05.2009","679,76","683,51","685,12","677,16","","-0,53%"
"25.05.2009","683,41","680,90","685,92","680,15","","0,02%"
"22.05.2009","683,25","686,20","687,38","680,51","","-0,42%"
"21.05.2009","686,10","680,88","687,97","679,42","","0,82%"
"20.05.2009","680,54","678,59","683,64","671,90","","0,33%"
"19.05.2009","678,27","676,60","683,49","673,47","","0,28%"
"18.05.2009","676,35","689,92","694,55","675,68","","-1,90%"
"15.05.2009","689,46","678,61","691,41","678,28","","1,61%"
"14.05.2009","678,56","680,58","683,61","677,82","","-0,28%"
"13.05.2009","680,48","675,45","683,15","669,49","","0,74%"
"12.05.2009","675,45","672,22","678,73","668,72","","0,48%"
"11.05.2009","672,22","671,10","674,10","668,84","","0,14%"
"08.05.2009","671,25","678,60","684,83","670,57","","-1,06%"
"07.05.2009","678,41","683,67","694,97","677,55","","-0,79%"
"06.05.2009","683,78","678,69","686,40","671,95","","1,67%"
"05.05.2009","672,55","672,74","683,27","671,89","","-0,09%"
"04.05.2009","673,14","666,52","683,09","665,16","","0,83%"
"01.05.2009","667,57","669,41","671,16","662,47","","-0,27%"
"30.04.2009","669,41","677,23","678,24","662,93","","-1,03%"
"29.04.2009","676,41","678,11","681,01","668,17","","-0,23%"
"28.04.2009","678,00","696,43","700,33","678,25","","-2,54%"
"27.04.2009","695,64","687,78","697,99","688,96","","1,12%"
"24.04.2009","687,96","686,56","694,54","682,00","","0,29%"
"23.04.2009","685,98","684,12","697,61","681,20","","0,29%"
"22.04.2009","684,01","681,48","688,91","678,24","","0,39%"
"21.04.2009","681,33","684,11","692,77","678,46","","-0,46%"
"20.04.2009","684,49","665,01","687,97","665,34","","2,88%"
"17.04.2009","665,36","663,24","673,96","661,78","","0,24%"
"16.04.2009","663,80","673,98","678,90","661,54","","-1,44%"
"15.04.2009","673,47","670,12","682,61","667,96","","0,57%"
"14.04.2009","669,62","667,15","676,69","662,26","","0,35%"
"13.04.2009","667,29","667,46","676,34","665,82","","-0,03%"
"10.04.2009","667,51","667,07","674,74","667,81","","0,06%"
"09.04.2009","667,12","662,86","672,27","658,51","","0,62%"
"08.04.2009","663,01","663,19","675,37","662,11","","-0,03%"
"07.04.2009","663,24","648,31","666,88","648,25","","2,36%"
"06.04.2009","647,92","660,33","663,61","644,14","","-2,03%"
"03.04.2009","661,35","670,99","678,06","660,59","","-1,43%"
"02.04.2009","670,94","700,23","701,44","665,15","","-4,15%"
"01.04.2009","700,02","692,24","703,78","692,22","","1,13%"
"31.03.2009","692,19","693,80","697,98","685,56","","-0,23%"
"30.03.2009","693,80","697,13","710,29","689,06","","0,19%"
"27.03.2009","692,47","689,72","702,44","686,23","","0,37%"
"26.03.2009","689,92","686,54","695,94","685,51","","0,39%"
"25.03.2009","687,25","687,04","693,20","680,05","","-0,05%"
"24.03.2009","687,60","687,92","692,30","677,19","","0,03%"
"23.03.2009","687,41","697,35","704,79","686,95","","-1,78%"
"20.03.2009","699,87","701,50","707,30","695,35","","-0,23%"
"19.03.2009","701,45","695,16","703,03","687,92","","0,88%"
"18.03.2009","695,30","711,24","711,85","672,45","","-1,00%"
"17.03.2009","702,31","710,53","713,60","702,67","","-1,26%"
"16.03.2009","711,30","719,37","721,69","701,86","","-0,82%"
"13.03.2009","717,20","717,39","728,58","711,46","","-0,10%"
"12.03.2009","717,90","705,89","729,53","705,24","","1,61%"
"11.03.2009","706,55","706,24","716,49","699,81","","-0,04%"
"10.03.2009","706,86","730,62","735,26","699,20","","-3,19%"
"09.03.2009","730,16","741,65","748,95","721,11","","-1,44%"
"06.03.2009","740,82","742,81","747,44","730,18","","-0,11%"
"05.03.2009","741,62","716,15","747,59","715,20","","3,35%"
"04.03.2009","717,60","729,12","738,76","713,32","","-1,47%"
"03.03.2009","728,34","735,43","741,60","720,26","","-0,99%"
"02.03.2009","735,64","744,30","762,89","735,22","","-1,28%"
"27.02.2009","745,21","741,35","764,02","732,82","","0,44%"
"26.02.2009","741,93","748,59","752,49","731,25","","-0,66%"
"25.02.2009","746,87","749,40","768,50","738,98","","-0,43%"
"24.02.2009","750,08","780,52","782,41","749,26","","-3,86%"
"23.02.2009","780,20","779,14","784,23","758,51","","1,06%"
"20.02.2009","771,99","768,37","794,33","765,99","","0,41%"
"19.02.2009","768,87","785,20","786,70","763,07","","-1,99%"
"18.02.2009","784,51","769,67","786,01","761,58","","1,94%"
"17.02.2009","769,59","735,60","775,05","735,17","","4,50%"
"16.02.2009","736,42","734,77","740,35","732,08","","0,68%"
"13.02.2009","731,46","734,71","737,02","723,77","","-0,62%"
"12.02.2009","736,03","726,88","745,04","724,06","","1,20%"
"11.02.2009","727,28","708,07","742,45","703,02","","2,38%"
"10.02.2009","710,38","687,74","714,08","687,37","","3,33%"
"09.02.2009","687,50","703,26","707,33","674,30","","-2,31%"
"06.02.2009","703,76","713,70","719,33","696,46","","-1,63%"
"05.02.2009","715,45","703,93","723,44","701,95","","1,46%"
"04.02.2009","705,17","690,95","707,94","687,37","","1,97%"
"03.02.2009","691,56","703,14","709,27","682,29","","-1,39%"
"02.02.2009","701,31","725,75","728,27","701,80","","-3,20%"
"30.01.2009","724,52","700,04","726,21","698,89","","3,50%"
"29.01.2009","700,04","673,27","702,10","665,44","","3,95%"
"28.01.2009","673,43","681,28","684,73","664,16","","-1,14%"
"27.01.2009","681,18","684,63","689,11","670,74","","-0,67%"
"26.01.2009","685,76","692,18","702,36","686,18","","-0,82%"
"23.01.2009","691,42","657,80","701,20","656,67","","4,89%"
"22.01.2009","659,20","654,51","665,95","650,58","","0,60%"
"21.01.2009","655,30","662,65","668,47","653,99","","-1,34%"
"20.01.2009","664,20","637,74","670,09","635,66","","4,25%"
"19.01.2009","637,13","631,45","639,32","626,04","","0,70%"
"16.01.2009","632,72","622,45","635,41","618,64","","2,03%"
"15.01.2009","620,16","614,84","624,78","613,16","","0,62%"
"14.01.2009","616,32","622,21","628,44","614,06","","-0,95%"
"13.01.2009","622,26","612,41","627,84","611,35","","1,53%"
"12.01.2009","612,87","633,28","637,41","609,42","","-3,40%"
"09.01.2009","634,44","624,24","643,30","619,67","","1,69%"
"08.01.2009","623,90","616,57","628,01","613,87","","1,18%"
"07.01.2009","616,62","637,92","640,15","611,76","","-3,47%"
"06.01.2009","638,76","630,67","643,86","625,03","","1,33%"
"05.01.2009","630,35","627,75","636,52","621,70","","-0,01%"
"02.01.2009","630,39","628,23","635,16","622,12","","0,22%"
"01.01.2009","628,99","629,64","632,50","626,91","","0,21%"
"31.12.2008","627,69","619,98","633,73","612,94","","1,22%"
"30.12.2008","620,11","628,97","632,80","611,65","","-0,91%"
"29.12.2008","625,82","616,24","630,75","611,22","","1,42%"
"26.12.2008","617,08","602,47","619,79","599,47","","2,50%"
"25.12.2008","602,04","603,64","605,69","600,42","","-0,27%"
"24.12.2008","603,66","601,58","608,01","596,64","","0,60%"
"23.12.2008","600,08","607,57","609,03","593,83","","-1,07%"
"22.12.2008","606,56","601,08","609,51","600,04","","0,91%"
"19.12.2008","601,08","598,29","614,38","591,44","","0,90%"
"18.12.2008","595,70","598,29","599,10","596,36","","-0,86%"
"17.12.2008","600,87","610,02","613,34","600,81","","-1,18%"
"16.12.2008","608,03","611,43","614,39","604,92","","-0,60%"
"15.12.2008","611,72","613,24","618,57","605,51","","-0,26%"
"12.12.2008","613,29","612,95","620,06","607,63","","-0,17%"
"11.12.2008","614,33","622,23","631,25","614,06","","-0,99%"
"10.12.2008","620,45","599,82","624,58","598,93","","3,29%"
"09.12.2008","600,67","595,50","602,41","593,16","","0,74%"
"08.12.2008","596,28","592,82","606,91","592,75","","0,47%"
"05.12.2008","593,52","598,58","607,53","586,55","","-0,97%"
"04.12.2008","599,34","608,07","615,20","597,37","","-1,35%"
"03.12.2008","607,57","614,97","618,03","603,46","","-1,20%"
"02.12.2008","614,97","610,70","618,05","605,37","","0,92%"
"01.12.2008","609,39","639,45","645,38","609,42","","-5,08%"
"28.11.2008","642,02","631,20","646,99","628,44","","1,65%"
"27.11.2008","631,59","629,59","634,04","628,14","","0,31%"
"26.11.2008","629,62","627,50","635,68","623,02","","0,32%"
"25.11.2008","627,62","634,01","638,62","623,05","","-1,11%"
"24.11.2008","634,68","634,74","648,70","621,16","","0,10%"
"21.11.2008","634,06","598,28","641,10","596,16","","6,03%"
"20.11.2008","597,99","586,13","600,31","587,02","","2,23%"
"19.11.2008","584,96","584,02","597,71","575,33","","0,42%"
"18.11.2008","582,50","581,69","588,19","578,97","","0,16%"
"17.11.2008","581,59","591,33","593,69","578,21","","-0,61%"
"14.11.2008","585,14","574,53","593,84","569,70","","1,74%"
"13.11.2008","575,12","568,36","577,80","562,19","","0,99%"
"12.11.2008","569,46","583,41","587,55","568,50","","-2,47%"
"11.11.2008","583,87","584,67","593,36","574,29","","-0,21%"
"10.11.2008","585,11","572,94","594,75","573,55","","1,32%"
"07.11.2008","577,51","576,45","582,40","572,16","","0,07%"
"06.11.2008","577,10","571,15","591,87","564,33","","1,14%"
"05.11.2008","570,60","586,72","592,39","569,53","","-2,77%"
"04.11.2008","586,83","571,80","591,81","568,65","","2,88%"
"03.11.2008","570,43","567,05","577,17","567,47","","0,48%"
"31.10.2008","567,72","571,88","581,48","563,23","","-0,34%"
"30.10.2008","569,63","581,39","589,84","568,27","","-2,09%"
"29.10.2008","581,80","583,26","602,24","578,17","","-0,56%"
"28.10.2008","585,10","584,66","604,08","584,11","","0,08%"
"27.10.2008","584,62","583,54","595,13","571,54","","0,66%"
"24.10.2008","580,79","556,75","585,19","543,98","","4,77%"
"23.10.2008","554,36","567,01","573,86","545,39","","-2,04%"
"22.10.2008","565,91","589,57","597,66","561,07","","-4,03%"
"21.10.2008","589,66","596,22","602,42","580,42","","-0,94%"
"20.10.2008","595,28","582,90","600,80","583,21","","2,13%"
"17.10.2008","582,88","596,63","604,74","574,42","","-2,23%"
"16.10.2008","596,19","629,59","632,48","586,55","","-5,35%"
"15.10.2008","629,92","613,12","631,06","610,64","","2,76%"
"14.10.2008","613,03","611,15","625,17","607,89","","0,34%"
"13.10.2008","610,97","624,83","647,35","604,38","","-3,27%"
"10.10.2008","631,63","670,62","686,73","620,96","","-5,81%"
"09.10.2008","670,57","665,03","676,45","638,57","","0,89%"
"08.10.2008","664,64","649,95","676,80","645,54","","1,92%"
"07.10.2008","652,10","635,71","655,09","634,17","","2,58%"
"06.10.2008","635,67","610,95","646,64","605,60","","4,88%"
"03.10.2008","606,11","604,28","613,19","596,98","","0,30%"
"02.10.2008","604,28","619,30","627,14","600,55","","-2,58%"
"01.10.2008","620,27","615,72","635,73","615,71","","0,65%"
"30.09.2008","616,29","626,47","636,48","609,47","","-1,54%"
"29.09.2008","625,95","608,42","638,16","599,55","","4,15%"
"26.09.2008","600,99","599,10","623,06","595,14","","0,36%"
"25.09.2008","598,81","602,93","607,96","589,54","","-0,67%"
"24.09.2008","602,85","608,07","612,30","598,10","","-0,85%"
"23.09.2008","608,03","608,41","613,74","600,09","","-0,08%"
"22.09.2008","608,49","601,89","614,52","596,15","","1,06%"
"19.09.2008","602,12","591,32","609,68","582,11","","1,80%"
"18.09.2008","591,49","602,44","626,78","588,87","","-1,90%"
"17.09.2008","602,95","549,65","605,39","548,67","","9,63%"
"16.09.2008","549,97","551,10","554,27","541,90","","-0,28%"
"15.09.2008","551,49","533,28","553,25","533,42","","2,79%"
"12.09.2008","536,51","532,82","539,59","529,30","","0,79%"
"11.09.2008","532,33","538,18","543,00","530,20","","-1,08%"
"10.09.2008","538,14","550,38","554,27","536,68","","-2,02%"
"09.09.2008","549,23","567,49","569,53","549,37","","-3,16%"
"08.09.2008","567,13","558,04","575,51","558,57","","0,82%"
"05.09.2008","562,50","558,21","571,70","554,16","","0,95%"
"04.09.2008","557,19","552,09","561,45","551,93","","0,90%"
"03.09.2008","552,20","554,14","559,07","548,16","","-0,38%"
"02.09.2008","554,29","559,39","561,92","546,26","","-0,92%"
"01.09.2008","559,43","564,34","570,30","558,98","","-1,06%"
"29.08.2008","565,41","566,61","569,70","564,38","","-0,24%"
"28.08.2008","566,76","561,30","571,87","560,67","","0,96%"
"27.08.2008","561,35","562,47","566,92","560,83","","-0,17%"
"26.08.2008","562,28","556,60","566,18","553,04","","1,02%"
"25.08.2008","556,60","555,89","558,97","553,29","","0,17%"
"22.08.2008","555,66","560,89","563,25","554,35","","-0,86%"
"21.08.2008","560,48","551,14","563,88","550,35","","1,69%"
"20.08.2008","551,14","549,86","555,24","544,75","","0,15%"
"19.08.2008","550,30","543,75","552,17","534,56","","1,32%"
"18.08.2008","543,13","534,90","545,77","535,53","","1,57%"
"15.08.2008","534,75","544,29","545,36","526,34","","-1,67%"
"14.08.2008","543,81","553,20","561,17","543,20","","-1,68%"
"13.08.2008","553,09","543,51","557,16","539,81","","1,81%"
"12.08.2008","543,26","551,84","555,01","539,19","","-1,55%"
"11.08.2008","551,84","572,60","577,01","549,54","","-3,19%"
"08.08.2008","570,01","568,52","573,53","565,65","","0,14%"
"07.08.2008","569,22","569,89","572,74","566,11","","-0,11%"
"06.08.2008","569,85","565,06","573,05","565,13","","0,89%"
"05.08.2008","564,84","573,81","575,68","564,91","","-1,53%"
"04.08.2008","573,62","584,09","587,51","573,53","","-1,82%"
"01.08.2008","584,24","585,12","588,92","580,85","","-0,18%"
"31.07.2008","585,32","581,12","589,90","581,25","","0,71%"
"30.07.2008","581,20","588,29","590,19","575,65","","-1,16%"
"29.07.2008","588,03","590,79","592,93","585,57","","-0,48%"
"28.07.2008","590,85","591,49","593,27","586,51","","-0,04%"
"25.07.2008","591,11","590,99","594,91","586,20","","0,03%"
"24.07.2008","590,96","586,39","593,59","584,67","","0,82%"
"23.07.2008","586,16","598,37","601,84","585,17","","-2,08%"
"22.07.2008","598,59","606,04","613,10","597,60","","-1,23%"
"21.07.2008","606,04","602,50","609,64","602,94","","0,68%"
"18.07.2008","601,92","603,15","608,27","600,76","","-0,17%"
"17.07.2008","602,96","606,10","616,62","602,64","","-0,54%"
"16.07.2008","606,22","613,56","617,14","605,62","","-1,18%"
"15.07.2008","613,48","610,98","618,27","607,22","","0,44%"
"14.07.2008","610,82","603,44","612,51","601,64","","1,06%"
"11.07.2008","604,43","599,37","608,00","596,65","","0,85%"
"10.07.2008","599,32","589,42","600,79","588,81","","1,69%"
"09.07.2008","589,35","586,79","590,46","584,36","","0,47%"
"08.07.2008","586,60","588,52","594,25","582,27","","-0,32%"
"07.07.2008","588,46","593,90","594,97","583,17","","-0,85%"
"04.07.2008","593,52","594,17","596,03","592,13","","-0,12%"
"03.07.2008","594,25","594,42","598,07","586,98","","-0,06%"
"02.07.2008","594,60","594,40","597,02","589,48","","0,03%"
"01.07.2008","594,40","586,47","599,38","585,85","","1,34%"
"30.06.2008","586,54","587,58","592,27","583,50","","-0,08%"
"27.06.2008","586,99","581,60","589,85","578,93","","0,96%"
"26.06.2008","581,38","565,04","582,42","564,79","","2,89%"
"25.06.2008","565,04","571,21","572,12","561,54","","-1,09%"
"24.06.2008","571,26","569,21","573,91","567,36","","0,41%"
"23.06.2008","568,91","576,29","583,62","566,55","","-1,47%"
"20.06.2008","577,39","578,92","581,15","575,91","","-0,30%"
"19.06.2008","579,15","574,87","585,83","572,46","","0,71%"
"18.06.2008","575,09","568,71","577,33","567,85","","1,13%"
"17.06.2008","568,64","569,76","572,88","564,52","","-0,18%"
"16.06.2008","569,68","565,01","577,11","563,69","","0,68%"
"13.06.2008","565,84","561,67","567,91","560,77","","0,67%"
"12.06.2008","562,07","565,30","567,61","556,74","","-0,59%"
"11.06.2008","565,41","560,53","567,93","560,81","","0,93%"
"10.06.2008","560,20","570,16","573,76","558,64","","-1,73%"
"09.06.2008","570,05","570,55","576,90","569,10","","-0,21%"
"06.06.2008","571,27","562,87","572,12","562,86","","1,52%"
"05.06.2008","562,69","568,98","570,16","558,88","","-1,04%"
"04.06.2008","568,59","570,39","573,09","566,67","","-0,25%"
"03.06.2008","569,99","572,39","576,32","566,12","","-0,39%"
"02.06.2008","572,21","569,31","577,54","567,59","","0,47%"
"30.05.2008","569,53","564,76","573,71","562,21","","0,89%"
"29.05.2008","564,51","575,18","578,12","563,31","","-1,90%"
"28.05.2008","575,44","577,11","579,12","566,93","","-0,25%"
"27.05.2008","576,86","588,26","589,51","575,56","","-1,96%"
"26.05.2008","588,37","585,94","590,00","586,10","","0,38%"
"23.05.2008","586,12","585,52","589,50","581,81","","0,13%"
"22.05.2008","585,34","589,65","592,69","584,12","","-0,77%"
"21.05.2008","589,91","586,73","591,00","582,57","","0,57%"
"20.05.2008","586,54","582,40","589,64","578,65","","0,70%"
"19.05.2008","582,44","577,79","586,35","578,47","","0,67%"
"16.05.2008","578,54","570,13","581,92","568,75","","1,45%"
"15.05.2008","570,28","557,73","573,72","557,18","","2,20%"
"14.05.2008","558,02","559,36","563,26","558,00","","-0,31%"
"13.05.2008","559,76","567,47","570,17","557,29","","-1,31%"
"12.05.2008","567,21","571,66","575,15","567,21","","-0,64%"
"09.05.2008","570,88","572,77","575,55","564,12","","-0,32%"
"08.05.2008","572,70","563,27","574,81","561,49","","1,67%"
"07.05.2008","563,30","563,35","568,33","561,40","","-0,02%"
"06.05.2008","563,42","563,26","568,79","561,29","","0,00%"
"05.05.2008","563,40","554,26","564,68","554,90","","1,61%"
"02.05.2008","554,48","550,52","557,77","549,07","","0,71%"
"01.05.2008","550,55","559,36","563,81","548,60","","-1,15%"
"30.04.2008","556,95","558,69","563,08","554,44","","-0,34%"
"29.04.2008","558,87","570,25","572,30","558,17","","-1,95%"
"28.04.2008","569,96","566,71","572,93","566,72","","0,62%"
"25.04.2008","566,42","564,89","574,01","563,46","","0,21%"
"24.04.2008","565,21","568,59","575,64","563,97","","-0,58%"
"23.04.2008","568,52","573,42","577,57","565,17","","-0,84%"
"22.04.2008","573,35","574,32","579,10","573,65","","-0,18%"
"21.04.2008","574,39","579,23","583,93","573,87","","-0,82%"
"18.04.2008","579,12","590,73","595,17","575,43","","-1,88%"
"17.04.2008","590,22","592,51","597,52","589,81","","-0,35%"
"16.04.2008","592,29","587,64","595,05","585,16","","0,78%"
"15.04.2008","587,68","583,32","591,82","579,82","","0,75%"
"14.04.2008","583,32","589,00","589,39","580,40","","-0,30%"
"11.04.2008","585,05","589,65","590,43","580,47","","-0,79%"
"10.04.2008","589,68","589,78","591,97","585,60","","-0,02%"
"09.04.2008","589,82","582,65","591,18","574,90","","1,20%"
"08.04.2008","582,80","585,43","587,51","578,89","","-0,50%"
"07.04.2008","585,73","576,21","591,64","576,37","","0,98%"
"04.04.2008","580,06","575,65","582,05","573,43","","0,76%"
"03.04.2008","575,68","575,77","580,65","571,07","","-0,03%"
"02.04.2008","575,84","565,47","577,43","565,42","","1,82%"
"01.04.2008","565,55","580,70","584,00","560,42","","-2,54%"
"31.03.2008","580,30","588,12","595,13","579,76","","-1,39%"
"28.03.2008","588,46","600,46","601,55","586,29","","-1,95%"
"27.03.2008","600,19","601,92","604,20","596,78","","-0,24%"
"26.03.2008","601,62","600,28","604,32","598,44","","0,21%"
"25.03.2008","600,36","592,42","601,34","591,51","","1,28%"
"24.03.2008","592,77","595,97","602,10","589,92","","-0,46%"
"21.03.2008","595,50","589,27","597,32","588,74","","1,10%"
"20.03.2008","589,00","603,26","603,69","585,13","","-2,35%"
"19.03.2008","603,15","628,24","632,88","602,51","","-3,96%"
"18.03.2008","628,04","637,19","642,42","625,66","","-1,44%"
"17.03.2008","637,23","630,95","651,86","631,18","","-0,21%"
"14.03.2008","638,60","636,61","644,08","636,28","","0,38%"
"13.03.2008","636,17","631,14","641,81","630,99","","0,61%"
"12.03.2008","632,34","634,41","635,25","628,90","","-0,34%"
"11.03.2008","634,50","633,92","638,19","630,38","","0,08%"
"10.03.2008","634,00","633,04","638,06","626,28","","0,05%"
"07.03.2008","633,69","635,67","640,90","632,37","","-0,26%"
"06.03.2008","635,35","647,34","648,63","628,52","","-1,79%"
"05.03.2008","646,94","633,20","649,12","631,91","","2,19%"
"04.03.2008","633,05","646,74","649,61","631,40","","-2,10%"
"03.03.2008","646,66","640,72","650,21","639,54","","1,01%"
"29.02.2008","640,21","637,43","642,14","630,28","","0,59%"
"28.02.2008","636,43","632,85","637,60","631,45","","0,52%"
"27.02.2008","633,12","632,86","640,54","630,39","","-0,08%"
"26.02.2008","633,60","633,63","635,31","626,15","","0,03%"
"25.02.2008","633,42","636,24","642,82","629,32","","-0,56%"
"22.02.2008","637,01","637,44","641,26","631,82","","-0,04%"
"21.02.2008","637,24","641,20","644,09","636,37","","-0,82%"
"20.02.2008","642,51","629,78","643,04","624,37","","2,08%"
"19.02.2008","629,39","617,66","631,35","617,06","","1,83%"
"18.02.2008","618,10","614,54","619,84","614,81","","0,51%"
"15.02.2008","614,99","620,56","624,31","612,13","","-0,78%"
"14.02.2008","619,85","621,95","625,49","617,73","","-0,17%"
"13.02.2008","620,89","621,40","624,78","616,26","","-0,01%"
"12.02.2008","620,93","636,18","637,77","619,40","","-2,42%"
"11.02.2008","636,33","636,02","638,23","632,12","","0,59%"
"08.02.2008","632,58","627,54","635,10","625,28","","0,84%"
"07.02.2008","627,28","615,11","629,17","614,13","","1,87%"
"06.02.2008","615,74","605,61","620,04","605,51","","1,64%"
"05.02.2008","605,81","608,86","612,79","602,83","","-0,67%"
"04.02.2008","609,89","614,49","617,04","602,22","","-0,82%"
"01.02.2008","614,91","622,43","629,59","609,81","","-1,18%"
"31.01.2008","622,27","624,08","626,63","619,70","","-0,21%"
"30.01.2008","623,57","623,90","627,42","618,11","","-0,23%"
"29.01.2008","625,00","627,28","631,83","620,27","","-0,35%"
"28.01.2008","627,20","621,77","628,74","621,03","","0,79%"
"25.01.2008","622,27","614,50","628,30","614,67","","1,34%"
"24.01.2008","614,04","607,64","618,87","607,82","","1,07%"
"23.01.2008","607,56","608,59","614,71","602,25","","-0,11%"
"22.01.2008","608,21","599,35","611,65","590,61","","1,46%"
"21.01.2008","599,47","605,33","607,63","594,60","","-0,93%"
"18.01.2008","605,08","598,65","605,46","594,67","","1,11%"
"17.01.2008","598,46","598,65","606,31","596,63","","0,02%"
"16.01.2008","598,36","604,35","606,20","593,41","","-0,94%"
"15.01.2008","604,02","607,57","614,30","601,84","","-0,79%"
"14.01.2008","608,81","605,88","613,90","602,78","","0,47%"
"11.01.2008","605,97","602,58","607,33","600,58","","0,50%"
"10.01.2008","602,93","599,29","605,47","591,14","","0,77%"
"09.01.2008","598,35","596,34","605,97","593,71","","0,27%"
"08.01.2008","596,71","583,50","599,06","583,46","","2,23%"
"07.01.2008","583,69","582,82","587,56","580,86","","-0,04%"
"04.01.2008","583,95","585,37","588,01","578,54","","-0,21%"
"03.01.2008","585,20","581,66","589,87","580,04","","0,57%"
"02.01.2008","581,91","571,07","584,81","569,92","","1,94%"
"01.01.2008","570,83","571,19","571,91","570,67","","-0,03%"
"31.12.2007","571,00","570,75","572,93","566,12","","0,17%"
"28.12.2007","570,02","564,41","571,07","561,32","","1,05%"
"27.12.2007","564,08","568,85","571,94","564,33","","-0,85%"
"26.12.2007","568,89","559,94","570,31","560,30","","1,61%"
"25.12.2007","559,87","563,56","564,32","558,70","","-0,65%"
"24.12.2007","563,54","564,17","565,95","561,82","","-0,10%"
"21.12.2007","564,11","555,84","566,00","555,23","","1,48%"
"20.12.2007","555,90","557,69","559,09","553,52","","-0,31%"
"19.12.2007","557,62","556,73","559,40","554,28","","0,23%"
"18.12.2007","556,34","550,34","559,52","549,17","","1,28%"
"17.12.2007","549,33","551,81","553,63","547,65","","-0,32%"
"14.12.2007","551,07","544,72","551,49","544,42","","1,14%"
"13.12.2007","544,85","552,89","553,42","542,86","","-1,47%"
"12.12.2007","552,97","543,94","556,58","543,41","","1,68%"
"11.12.2007","543,85","549,13","553,32","543,78","","-1,08%"
"10.12.2007","549,81","542,13","551,73","542,20","","1,35%"
"07.12.2007","542,47","548,31","549,45","540,08","","-1,04%"
"06.12.2007","548,18","543,55","550,42","539,49","","0,74%"
"05.12.2007","544,15","542,83","547,40","540,45","","0,11%"
"04.12.2007","543,54","539,47","546,07","537,03","","0,76%"
"03.12.2007","539,44","535,49","539,92","530,72","","0,84%"
"30.11.2007","534,95","537,61","542,14","529,14","","-0,55%"
"29.11.2007","537,92","541,36","557,96","537,53","","-0,87%"
"28.11.2007","542,64","547,86","558,10","536,94","","-0,75%"
"27.11.2007","546,75","553,95","558,54","543,94","","-0,98%"
"26.11.2007","552,17","529,55","563,51","529,62","","-0,44%"
"23.11.2007","554,62","541,58","557,02","539,76","","2,46%"
"22.11.2007","541,29","538,50","542,90","537,57","","0,29%"
"21.11.2007","539,71","541,87","544,34","536,16","","-0,28%"
"20.11.2007","541,23","532,66","542,50","527,52","","1,63%"
"19.11.2007","532,56","535,99","540,91","528,92","","-0,77%"
"16.11.2007","536,67","539,41","543,94","534,66","","-0,45%"
"15.11.2007","539,09","554,08","557,91","534,76","","-2,64%"
"14.11.2007","553,73","548,51","556,24","547,06","","1,11%"
"13.11.2007","547,66","552,67","554,39","544,20","","-0,89%"
"12.11.2007","552,60","566,69","568,38","549,01","","-2,42%"
"09.11.2007","566,33","567,47","571,22","563,51","","-0,03%"
"08.11.2007","566,50","567,24","575,50","562,96","","-0,27%"
"07.11.2007","568,04","566,28","576,36","564,79","","0,30%"
"06.11.2007","566,33","557,30","566,65","556,80","","1,62%"
"05.11.2007","557,31","556,01","560,51","552,78","","0,19%"
"02.11.2007","556,28","545,54","556,72","544,86","","1,94%"
"01.11.2007","545,69","549,13","552,72","544,16","","-0,68%"
"31.10.2007","549,43","540,96","550,10","538,21","","1,50%"
"30.10.2007","541,33","548,32","549,50","541,04","","-1,25%"
"29.10.2007","548,20","544,61","551,17","544,43","","0,54%"
"26.10.2007","545,25","536,49","546,42","536,56","","1,58%"
"25.10.2007","536,75","535,11","537,67","534,43","","0,31%"
"24.10.2007","535,11","532,32","536,15","530,54","","0,52%"
"23.10.2007","532,36","531,77","534,73","530,07","","0,12%"
"22.10.2007","531,73","533,71","535,84","526,43","","-0,52%"
"19.10.2007","534,49","536,22","539,36","532,01","","-0,31%"
"18.10.2007","536,14","531,07","536,61","530,96","","0,93%"
"17.10.2007","531,22","536,13","539,97","530,99","","-0,94%"
"16.10.2007","536,28","533,87","539,72","531,28","","0,41%"
"15.10.2007","534,10","528,13","535,11","527,79","","1,09%"
"12.10.2007","528,35","526,19","529,99","524,93","","0,35%"
"11.10.2007","526,49","523,65","529,75","523,77","","0,56%"
"10.10.2007","523,58","522,97","526,68","522,08","","0,16%"
"09.10.2007","522,75","521,34","526,31","518,04","","0,27%"
"08.10.2007","521,34","524,63","525,35","520,12","","-0,70%"
"05.10.2007","525,04","521,61","526,07","517,32","","0,66%"
"04.10.2007","521,58","516,04","522,72","512,05","","1,04%"
"03.10.2007","516,22","516,57","519,93","514,20","","-0,05%"
"02.10.2007","516,46","524,62","525,23","512,21","","-1,56%"
"01.10.2007","524,62","520,80","525,48","520,51","","0,69%"
"28.09.2007","521,05","518,76","525,38","518,19","","0,46%"
"27.09.2007","518,65","514,93","519,77","514,37","","0,71%"
"26.09.2007","514,97","516,68","521,86","514,50","","-0,37%"
"25.09.2007","516,86","518,28","519,65","512,79","","-0,25%"
"24.09.2007","518,17","518,52","522,03","515,99","","-0,08%"
"21.09.2007","518,56","521,15","524,53","516,64","","-0,44%"
"20.09.2007","520,86","516,36","525,14","516,09","","0,80%"
"19.09.2007","516,73","517,42","519,69","516,30","","-0,10%"
"18.09.2007","517,27","517,49","520,78","512,41","","-0,03%"
"17.09.2007","517,42","509,44","519,02","509,30","","1,60%"
"14.09.2007","509,26","510,71","517,35","506,92","","-0,24%"
"13.09.2007","510,49","511,72","512,84","506,98","","-0,21%"
"12.09.2007","511,58","514,38","515,30","508,27","","-0,61%"
"11.09.2007","514,74","508,98","516,23","508,32","","1,11%"
"10.09.2007","509,09","507,94","512,93","507,05","","0,07%"
"07.09.2007","508,71","507,52","512,89","506,03","","0,18%"
"06.09.2007","507,82","499,23","509,66","498,94","","1,74%"
"05.09.2007","499,12","501,76","502,10","497,97","","-0,37%"
"04.09.2007","500,99","493,28","502,54","493,24","","1,55%"
"03.09.2007","493,36","493,87","494,57","492,25","","-0,01%"
"31.08.2007","493,40","487,75","494,66","486,23","","1,25%"
"30.08.2007","487,32","487,02","490,42","486,74","","-0,08%"
"29.08.2007","487,72","488,27","490,09","486,61","","0,20%"
"28.08.2007","486,73","489,04","490,16","486,14","","-0,45%"
"27.08.2007","488,93","488,70","489,54","487,09","","0,16%"
"24.08.2007","488,16","485,81","490,71","484,12","","0,45%"
"23.08.2007","485,96","486,35","490,82","485,34","","-0,34%"
"22.08.2007","487,64","487,41","490,55","485,87","","-0,08%"
"21.08.2007","488,04","486,57","489,96","485,41","","-0,03%"
"20.08.2007","488,20","486,54","489,99","484,50","","0,16%"
"17.08.2007","487,42","486,03","491,76","481,42","","0,31%"
"16.08.2007","485,92","498,21","498,62","478,57","","-2,22%"
"15.08.2007","496,95","494,02","497,79","491,45","","0,60%"
"14.08.2007","493,98","491,66","494,88","490,61","","0,52%"
"13.08.2007","491,44","491,30","492,57","488,53","","0,09%"
"10.08.2007","491,02","483,30","494,85","481,93","","1,60%"
"09.08.2007","483,30","488,73","489,61","482,36","","-1,10%"
"08.08.2007","488,66","488,91","490,28","486,80","","-0,05%"
"07.08.2007","488,91","486,84","489,61","483,77","","0,38%"
"06.08.2007","487,05","486,55","489,68","485,25","","-0,29%"
"03.08.2007","488,49","484,93","489,67","484,39","","0,71%"
"02.08.2007","485,07","487,39","488,47","484,34","","-0,56%"
"01.08.2007","487,82","484,72","488,24","482,62","","0,63%"
"31.07.2007","484,76","485,33","487,93","484,67","","-0,14%"
"30.07.2007","485,43","485,46","486,22","482,64","","0,13%"
"27.07.2007","484,78","481,91","486,35","481,57","","0,75%"
"26.07.2007","481,19","491,62","493,71","480,77","","-2,14%"
"25.07.2007","491,73","493,02","494,85","489,41","","-0,26%"
"24.07.2007","493,02","493,12","496,50","492,70","","0,02%"
"23.07.2007","492,94","493,79","495,74","492,92","","-0,24%"
"20.07.2007","494,14","490,98","496,22","489,48","","0,64%"
"19.07.2007","490,98","487,07","491,36","486,40","","0,77%"
"18.07.2007","487,21","481,97","488,20","481,39","","1,11%"
"17.07.2007","481,87","482,47","484,31","480,79","","-0,14%"
"16.07.2007","482,54","483,93","485,35","481,76","","-0,24%"
"13.07.2007","483,71","483,61","485,30","481,71","","0,05%"
"12.07.2007","483,47","480,43","486,15","480,41","","0,59%"
"11.07.2007","480,62","481,89","484,72","479,67","","-0,35%"
"10.07.2007","482,32","483,97","485,47","482,16","","-0,36%"
"09.07.2007","484,04","480,78","486,88","479,75","","0,64%"
"06.07.2007","480,96","477,54","481,62","475,10","","0,71%"
"05.07.2007","477,57","480,24","481,95","475,34","","-0,55%"
"04.07.2007","480,21","479,83","481,19","479,79","","0,09%"
"03.07.2007","479,80","481,63","483,62","479,23","","-0,42%"
"02.07.2007","481,84","479,07","484,01","478,48","","0,51%"
"29.06.2007","479,40","481,82","482,92","479,07","","-0,52%"
"28.06.2007","481,89","478,00","483,99","476,63","","0,83%"
"27.06.2007","477,92","475,48","480,29","474,95","","0,48%"
"26.06.2007","475,62","483,59","484,31","475,37","","-1,65%"
"25.06.2007","483,62","485,30","486,36","481,94","","-0,33%"
"22.06.2007","485,23","486,44","488,11","483,99","","-0,19%"
"21.06.2007","486,15","488,32","490,35","483,51","","-0,41%"
"20.06.2007","488,14","491,99","493,21","488,51","","-0,78%"
"19.06.2007","491,96","488,74","493,35","487,84","","0,68%"
"18.06.2007","488,63","489,61","492,39","488,49","","-0,12%"
"15.06.2007","489,24","489,29","491,19","487,60","","0,01%"
"14.06.2007","489,18","488,77","491,70","486,09","","0,19%"
"13.06.2007","488,25","485,94","490,63","484,44","","0,47%"
"12.06.2007","485,98","488,81","490,14","484,95","","-0,57%"
"11.06.2007","488,77","482,94","490,86","483,11","","0,91%"
"08.06.2007","484,34","491,51","493,02","482,89","","-1,27%"
"07.06.2007","490,55","495,63","498,61","489,88","","-1,13%"
"06.06.2007","496,15","495,15","497,65","492,56","","0,27%"
"05.06.2007","494,83","496,89","499,06","494,57","","-0,43%"
"04.06.2007","496,96","498,81","500,02","496,22","","-0,34%"
"01.06.2007","498,66","491,30","500,17","491,01","","1,63%"
"31.05.2007","490,64","486,23","492,44","486,00","","0,94%"
"30.05.2007","486,08","488,66","490,44","485,47","","-0,35%"
"29.05.2007","487,77","487,18","490,60","486,03","","0,15%"
"28.05.2007","487,03","487,21","489,95","486,14","","-0,11%"
"25.05.2007","487,58","486,27","489,01","485,75","","0,13%"
"24.05.2007","486,93","491,87","493,14","484,89","","-0,77%"
"23.05.2007","490,71","490,15","493,09","488,91","","0,19%"
"22.05.2007","489,78","492,24","494,52","489,21","","-0,44%"
"21.05.2007","491,94","488,80","493,55","488,66","","0,56%"
"18.05.2007","489,19","486,67","490,99","486,64","","0,48%"
"17.05.2007","486,85","489,27","491,50","484,53","","-0,46%"
"16.05.2007","489,09","495,15","495,73","488,23","","-0,98%"
"15.05.2007","493,93","493,69","495,87","491,07","","-0,10%"
"14.05.2007","494,43","495,27","499,13","491,97","","-0,20%"
"11.05.2007","495,42","493,51","497,89","493,05","","0,37%"
"10.05.2007","493,59","502,81","503,51","492,95","","-1,78%"
"09.05.2007","502,51","505,72","507,52","498,67","","-0,58%"
"08.05.2007","505,46","505,85","507,52","504,17","","-0,05%"
"07.05.2007","505,70","505,77","507,64","504,15","","-0,09%"
"04.05.2007","506,18","503,36","508,60","501,34","","0,59%"
"03.05.2007","503,21","494,81","503,77","494,28","","1,69%"
"02.05.2007","494,85","495,59","497,31","491,23","","0,06%"
"01.05.2007","494,53","498,79","499,10","492,10","","-0,45%"
"30.04.2007","496,78","499,23","500,26","496,28","","-0,36%"
"27.04.2007","498,57","496,32","500,07","492,75","","0,49%"
"26.04.2007","496,14","502,35","504,10","493,79","","-1,28%"
"25.04.2007","502,57","501,28","503,72","500,02","","0,38%"
"24.04.2007","500,66","508,25","509,84","500,26","","-1,31%"
"23.04.2007","507,33","508,09","511,32","506,60","","-0,22%"
"20.04.2007","508,46","502,50","510,34","501,32","","1,42%"
"19.04.2007","501,32","506,02","509,24","499,50","","-1,00%"
"18.04.2007","506,39","506,74","508,90","504,76","","0,09%"
"17.04.2007","505,93","509,79","510,70","505,54","","-0,82%"
"16.04.2007","510,12","505,27","510,50","504,24","","0,74%"
"13.04.2007","506,36","500,33","507,57","500,08","","1,10%"
"12.04.2007","500,85","503,69","505,21","497,61","","-0,60%"
"11.04.2007","503,87","503,39","507,25","501,79","","0,04%"
"10.04.2007","503,65","502,81","507,49","502,23","","0,33%"
"09.04.2007","501,98","502,99","507,22","501,37","","-0,33%"
"06.04.2007","503,66","502,05","504,73","501,46","","0,29%"
"05.04.2007","502,20","502,62","504,90","500,99","","-0,35%"
"04.04.2007","503,96","498,24","506,12","497,73","","1,28%"
"03.04.2007","497,60","498,02","499,65","495,33","","0,28%"
"02.04.2007","496,22","495,74","498,97","490,86","","-0,02%"
"30.03.2007","496,30","496,25","499,99","495,54","","0,15%"
"29.03.2007","495,54","500,60","500,91","491,38","","-0,77%"
"28.03.2007","499,40","497,42","501,54","496,99","","0,49%"
"27.03.2007","496,97","497,64","499,22","495,64","","-0,07%"
"26.03.2007","497,34","494,09","499,96","494,45","","0,65%"
"23.03.2007","494,13","497,52","498,71","492,82","","-0,65%"
"22.03.2007","497,37","495,71","499,48","495,34","","0,33%"
"21.03.2007","495,74","493,77","498,07","493,40","","0,38%"
"20.03.2007","493,88","490,87","497,18","491,03","","0,63%"
"19.03.2007","490,80","489,23","493,91","489,53","","0,18%"
"16.03.2007","489,90","488,25","492,25","485,65","","0,36%"
"15.03.2007","488,14","486,73","491,04","486,78","","0,32%"
"14.03.2007","486,58","487,08","488,87","480,90","","-0,13%"
"13.03.2007","487,23","493,29","494,67","487,39","","-1,22%"
"12.03.2007","493,25","495,50","498,23","491,00","","-0,45%"
"09.03.2007","495,50","495,85","502,83","494,35","","-0,05%"
"08.03.2007","495,74","492,26","499,96","491,47","","0,75%"
"07.03.2007","492,03","492,04","495,34","489,88","","-0,16%"
"06.03.2007","492,84","485,49","493,89","483,30","","1,58%"
"05.03.2007","485,18","486,29","510,81","483,24","","-0,37%"
"02.03.2007","487,00","503,79","505,68","485,17","","-3,30%"
"01.03.2007","503,60","505,82","512,22","501,76","","-0,44%"
"28.02.2007","505,85","512,61","514,16","499,15","","-1,35%"
"27.02.2007","512,76","520,28","521,20","509,58","","-1,58%"
"26.02.2007","521,01","518,23","522,89","517,16","","0,52%"
"23.02.2007","518,30","516,00","522,42","512,70","","0,42%"
"22.02.2007","516,15","516,71","519,37","514,96","","-0,12%"
"21.02.2007","516,75","499,96","519,68","500,06","","3,17%"
"20.02.2007","500,87","509,65","510,94","498,93","","-1,83%"
"19.02.2007","510,19","508,28","512,00","507,82","","0,27%"
"16.02.2007","508,83","509,43","510,23","505,16","","0,00%"
"15.02.2007","508,82","509,21","511,19","504,28","","-0,11%"
"14.02.2007","509,37","509,13","512,61","506,67","","-0,01%"
"13.02.2007","509,40","509,56","513,42","508,69","","-0,19%"
"12.02.2007","510,37","512,70","514,55","509,20","","-0,36%"
"09.02.2007","512,19","506,29","513,86","504,98","","1,20%"
"08.02.2007","506,13","500,54","507,22","498,94","","1,13%"
"07.02.2007","500,46","503,24","505,72","500,62","","-0,54%"
"06.02.2007","503,20","501,24","508,77","499,41","","0,38%"
"05.02.2007","501,28","499,58","504,76","499,12","","0,32%"
"02.02.2007","499,69","504,07","505,96","496,02","","-1,00%"
"01.02.2007","504,72","500,58","508,10","500,77","","0,83%"
"31.01.2007","500,58","498,73","504,26","496,58","","0,36%"
"30.01.2007","498,80","496,37","499,46","494,68","","0,55%"
"29.01.2007","496,06","499,69","501,88","495,82","","-0,77%"
"26.01.2007","499,92","499,19","502,13","496,96","","0,14%"
"25.01.2007","499,23","499,58","504,20","497,58","","-0,11%"
"24.01.2007","499,77","496,08","501,01","492,87","","0,78%"
"23.01.2007","495,90","488,76","497,66","488,98","","1,56%"
"22.01.2007","488,26","489,74","494,56","488,41","","-0,29%"
"19.01.2007","489,67","483,84","491,00","483,31","","1,08%"
"18.01.2007","484,45","487,94","492,10","484,08","","-0,75%"
"17.01.2007","488,10","483,55","489,82","480,46","","0,94%"
"16.01.2007","483,55","483,93","485,64","481,38","","-0,10%"
"15.01.2007","484,04","484,11","485,92","482,41","","-0,13%"
"12.01.2007","484,67","474,13","486,08","473,19","","2,28%"
"11.01.2007","473,88","472,33","477,58","469,94","","0,30%"
"10.01.2007","472,48","471,58","473,89","468,27","","0,22%"
"09.01.2007","471,42","467,83","473,63","465,99","","0,74%"
"08.01.2007","467,98","466,27","469,33","464,55","","0,40%"
"05.01.2007","466,13","474,90","478,71","463,26","","-1,88%"
"04.01.2007","475,05","476,19","480,57","475,07","","-0,28%"
"03.01.2007","476,37","482,00","487,81","474,75","","-1,15%"
"02.01.2007","481,89","481,97","483,21","480,51","","-0,03%"
"01.01.2007","482,05","482,08","483,42","482,28","","0,02%"
"29.12.2006","481,94","482,43","483,27","480,61","","-0,17%"
"28.12.2006","482,74","477,86","483,28","477,28","","1,05%"
"27.12.2006","477,71","476,49","479,10","474,92","","0,29%"
"26.12.2006","476,31","472,60","479,60","472,31","","0,89%"
"25.12.2006","472,13","472,63","474,02","471,46","","0,00%"
"22.12.2006","472,11","469,22","473,26","468,67","","0,65%"
"21.12.2006","469,07","470,44","472,88","469,26","","-0,28%"
"20.12.2006","470,37","471,57","472,95","468,84","","-0,22%"
"19.12.2006","471,43","469,93","472,55","467,52","","0,39%"
"18.12.2006","469,58","469,70","472,52","467,88","","-0,03%"
"15.12.2006","469,73","475,31","478,21","469,93","","-1,23%"
"14.12.2006","475,59","475,07","478,08","474,21","","0,03%"
"13.12.2006","475,45","473,65","477,34","472,19","","0,35%"
"12.12.2006","473,80","475,72","476,95","473,20","","-0,40%"
"11.12.2006","475,71","473,82","476,94","473,31","","0,60%"
"08.12.2006","472,85","476,60","478,22","473,26","","-0,51%"
"07.12.2006","475,28","474,48","476,05","470,24","","0,16%"
"06.12.2006","474,54","482,77","483,45","473,66","","-1,67%"
"05.12.2006","482,59","483,99","486,65","480,17","","-0,33%"
"04.12.2006","484,20","483,84","486,79","481,66","","0,07%"
"01.12.2006","483,84","488,98","489,76","483,49","","-1,13%"
"30.11.2006","489,35","483,35","490,18","482,99","","1,18%"
"29.11.2006","483,65","484,24","486,49","482,90","","-0,16%"
"28.11.2006","484,44","487,52","488,89","480,98","","-0,68%"
"27.11.2006","487,75","484,17","489,15","484,46","","0,16%"
"24.11.2006","486,98","487,22","489,43","484,53","","-0,06%"
"23.11.2006","487,29","486,41","487,90","485,68","","0,17%"
"22.11.2006","486,44","488,28","490,32","484,83","","-0,25%"
"21.11.2006","487,66","485,57","490,88","485,49","","0,43%"
"20.11.2006","485,56","484,37","488,71","484,27","","0,23%"
"17.11.2006","484,45","483,24","485,53","480,95","","0,28%"
"16.11.2006","483,08","485,08","490,82","483,04","","-0,38%"
"15.11.2006","484,92","484,12","488,02","481,58","","0,14%"
"14.11.2006","484,23","488,13","490,07","483,59","","-0,88%"
"13.11.2006","488,52","488,91","491,94","483,59","","-0,13%"
"10.11.2006","489,14","493,41","495,89","487,10","","-0,92%"
"09.11.2006","493,68","482,40","495,60","482,20","","2,34%"
"08.11.2006","482,40","489,20","491,04","480,27","","-1,32%"
"07.11.2006","488,84","489,16","492,16","488,08","","-0,10%"
"06.11.2006","489,31","492,06","495,30","489,65","","-0,81%"
"03.11.2006","493,32","487,87","495,28","486,07","","1,20%"
"02.11.2006","487,48","483,70","490,04","481,49","","0,68%"
"01.11.2006","484,20","474,77","485,59","474,41","","1,99%"
"31.10.2006","474,77","474,66","476,34","471,02","","0,10%"
"30.10.2006","474,28","467,17","480,54","467,45","","0,85%"
"27.10.2006","470,26","469,50","471,11","466,86","","0,19%"
"26.10.2006","469,39","468,74","472,67","466,29","","0,11%"
"25.10.2006","468,89","464,87","469,75","460,98","","0,90%"
"24.10.2006","464,69","462,75","465,51","457,15","","0,32%"
"23.10.2006","463,19","468,62","470,78","461,83","","-1,20%"
"20.10.2006","468,81","474,89","477,42","468,77","","-1,13%"
"19.10.2006","474,18","469,89","477,13","466,92","","0,85%"
"18.10.2006","470,20","470,52","475,40","468,93","","-0,04%"
"17.10.2006","470,41","475,07","477,24","467,07","","-1,01%"
"16.10.2006","475,22","471,49","476,19","471,29","","0,91%"
"13.10.2006","470,92","460,45","472,27","459,31","","2,31%"
"12.10.2006","460,27","457,51","461,66","455,44","","0,61%"
"11.10.2006","457,47","456,68","461,59","454,62","","0,21%"
"10.10.2006","456,50","457,76","461,92","454,17","","-0,21%"
"09.10.2006","457,48","451,76","461,38","452,10","","0,57%"
"06.10.2006","454,89","451,62","455,56","444,82","","0,70%"
"05.10.2006","451,72","445,22","452,99","442,48","","1,49%"
"04.10.2006","445,08","450,75","458,42","441,05","","-1,28%"
"03.10.2006","450,85","466,80","469,34","450,96","","-3,39%"
"02.10.2006","466,69","471,34","476,14","466,98","","-1,06%"
"29.09.2006","471,71","474,33","476,12","468,28","","-0,51%"
"28.09.2006","474,14","473,58","478,37","472,27","","0,39%"
"27.09.2006","472,29","466,06","472,91","464,72","","1,37%"
"26.09.2006","465,92","459,84","468,23","460,18","","1,36%"
"25.09.2006","459,69","459,58","461,97","456,25","","-0,05%"
"22.09.2006","459,90","456,77","463,19","455,76","","0,71%"
"21.09.2006","456,66","454,17","458,42","451,74","","0,61%"
"20.09.2006","453,87","453,43","461,94","452,01","","0,09%"
"19.09.2006","453,46","462,31","463,84","453,64","","-2,04%"
"18.09.2006","462,89","458,26","463,97","456,37","","1,11%"
"15.09.2006","457,82","452,76","460,29","450,30","","1,15%"
"14.09.2006","452,62","464,13","468,79","452,86","","-2,46%"
"13.09.2006","464,05","462,91","467,81","456,28","","0,31%"
"12.09.2006","462,61","465,46","471,78","459,79","","-0,56%"
"11.09.2006","465,21","481,77","482,37","459,55","","-3,36%"
"08.09.2006","481,39","483,94","487,04","478,87","","-0,50%"
"07.09.2006","483,79","494,42","497,54","482,95","","-2,13%"
"06.09.2006","494,34","497,50","500,16","494,19","","-0,68%"
"05.09.2006","497,74","486,71","500,02","486,91","","2,36%"
"04.09.2006","486,25","486,46","488,83","486,10","","-0,12%"
"01.09.2006","486,84","488,05","490,62","485,46","","-0,44%"
"31.08.2006","488,99","482,04","490,01","481,51","","1,42%"
"30.08.2006","482,12","477,19","483,88","477,31","","1,06%"
"29.08.2006","477,04","479,59","482,30","475,96","","-0,59%"
"28.08.2006","479,89","487,74","489,34","479,23","","-1,65%"
"25.08.2006","487,93","486,41","489,44","484,52","","0,33%"
"24.08.2006","486,34","485,73","489,08","484,47","","0,06%"
"23.08.2006","486,04","486,34","491,81","485,84","","-0,11%"
"22.08.2006","486,57","487,00","489,07","484,55","","0,00%"
"21.08.2006","486,55","478,80","487,63","478,08","","1,56%"
"18.08.2006","479,07","477,95","483,49","474,24","","0,08%"
"17.08.2006","478,68","489,34","491,01","478,39","","-2,15%"
"16.08.2006","489,18","488,50","492,06","487,42","","0,15%"
"15.08.2006","488,46","494,22","494,97","485,76","","-1,21%"
"14.08.2006","494,46","499,25","500,22","489,91","","-0,49%"
"11.08.2006","496,90","496,21","506,22","490,80","","0,16%"
"10.08.2006","496,09","505,52","507,59","495,99","","-1,78%"
"09.08.2006","505,09","501,79","508,62","497,45","","0,75%"
"08.08.2006","501,32","504,64","507,41","499,42","","-0,66%"
"07.08.2006","504,64","501,01","507,31","500,27","","0,62%"
"04.08.2006","501,51","503,44","508,61","499,83","","-0,31%"
"03.08.2006","503,08","508,40","511,71","500,10","","-1,03%"
"02.08.2006","508,33","504,25","512,85","503,37","","0,84%"
"01.08.2006","504,09","496,79","506,03","494,86","","1,48%"
"31.07.2006","496,75","497,65","501,28","493,13","","-0,19%"
"28.07.2006","497,69","498,86","502,54","493,36","","-0,22%"
"27.07.2006","498,78","488,91","502,61","489,06","","2,00%"
"26.07.2006","488,99","491,58","492,95","486,83","","-0,57%"
"25.07.2006","491,81","484,56","493,36","483,92","","1,54%"
"24.07.2006","484,33","488,00","490,08","476,91","","-0,78%"
"21.07.2006","488,15","498,26","502,35","485,61","","-1,97%"
"20.07.2006","497,98","509,49","512,10","497,63","","-2,26%"
"19.07.2006","509,49","504,40","514,64","494,74","","1,03%"
"18.07.2006","504,32","512,94","522,44","502,10","","-1,65%"
"17.07.2006","512,78","525,33","536,93","513,40","","-2,35%"
"14.07.2006","525,13","522,10","528,59","519,94","","1,03%"
"13.07.2006","519,78","511,57","521,00","507,14","","1,50%"
"12.07.2006","512,08","501,61","516,65","501,17","","2,10%"
"11.07.2006","501,53","489,21","504,57","488,01","","2,52%"
"10.07.2006","489,21","491,49","494,53","487,33","","-0,46%"
"07.07.2006","491,49","495,11","496,71","489,38","","-0,72%"
"06.07.2006","495,03","492,97","498,20","488,62","","0,29%"
"05.07.2006","493,60","485,89","494,62","486,10","","1,67%"
"04.07.2006","485,51","487,77","488,39","481,58","","-0,41%"
"03.07.2006","487,50","479,44","489,23","479,58","","1,80%"
"30.06.2006","478,86","471,27","481,72","470,91","","1,57%"
"29.06.2006","471,45","461,88","473,03","461,33","","2,14%"
"28.06.2006","461,58","462,13","467,03","460,58","","-0,08%"
"27.06.2006","461,94","464,42","473,21","462,12","","-0,60%"
"26.06.2006","464,73","466,14","469,05","460,15","","-0,24%"
"23.06.2006","465,84","461,80","468,28","457,77","","0,96%"
"22.06.2006","461,43","463,14","470,91","461,47","","-0,31%"
"21.06.2006","462,85","456,30","466,55","451,68","","1,11%"
"20.06.2006","457,76","452,22","458,47","446,31","","1,24%"
"19.06.2006","452,15","455,34","459,49","449,71","","-1,49%"
"16.06.2006","459,00","450,73","463,52","449,19","","1,84%"
"15.06.2006","450,70","443,99","457,13","439,54","","1,66%"
"14.06.2006","443,36","450,67","452,72","432,86","","-1,18%"
"13.06.2006","448,67","481,20","481,66","447,87","","-6,76%"
"12.06.2006","481,20","481,02","486,21","477,16","","0,24%"
"09.06.2006","480,03","483,48","488,42","475,33","","-0,67%"
"08.06.2006","483,29","489,73","490,75","480,99","","-1,33%"
"07.06.2006","489,80","491,54","492,87","481,64","","-0,31%"
"06.06.2006","491,30","493,34","495,74","487,44","","-0,44%"
"05.06.2006","493,49","493,23","498,69","493,04","","-0,01%"
"02.06.2006","493,54","490,44","494,82","482,86","","0,42%"
"01.06.2006","491,49","501,56","504,19","487,16","","-2,11%"
"31.05.2006","502,07","506,83","512,70","497,82","","-0,90%"
"30.05.2006","506,64","509,96","516,17","505,92","","-0,57%"
"29.05.2006","509,56","511,82","513,47","506,86","","-0,39%"
"26.05.2006","511,54","507,41","512,96","502,57","","0,72%"
"25.05.2006","507,89","503,25","509,73","500,61","","0,99%"
"24.05.2006","502,90","523,64","526,03","499,29","","-3,95%"
"23.05.2006","523,56","510,22","524,28","505,87","","2,81%"
"22.05.2006","509,24","516,03","519,52","500,92","","-1,00%"
"19.05.2006","514,36","530,75","537,56","512,57","","-2,91%"
"18.05.2006","529,75","541,63","543,76","529,26","","-2,12%"
"17.05.2006","541,25","534,71","555,56","533,98","","1,02%"
"16.05.2006","535,76","531,76","538,97","526,64","","0,74%"
"15.05.2006","531,80","551,63","558,04","529,31","","-3,67%"
"12.05.2006","552,05","557,42","565,70","550,01","","-1,43%"
"11.05.2006","560,07","554,19","570,34","552,34","","1,35%"
"10.05.2006","552,60","548,62","553,68","542,91","","0,68%"
"09.05.2006","548,87","533,89","549,83","534,05","","2,83%"
"08.05.2006","533,76","535,94","538,27","527,38","","-0,39%"
"05.05.2006","535,86","533,24","539,25","529,55","","0,52%"
"04.05.2006","533,08","528,07","534,60","524,40","","1,03%"
"03.05.2006","527,65","528,77","536,70","523,74","","-0,27%"
"02.05.2006","529,07","523,11","529,51","519,46","","1,29%"
"01.05.2006","522,32","516,79","524,19","516,96","","0,93%"
"28.04.2006","517,53","505,67","519,78","505,68","","2,41%"
"27.04.2006","505,34","512,61","516,29","503,99","","-1,48%"
"26.04.2006","512,93","506,56","514,89","505,95","","1,28%"
"25.04.2006","506,43","501,21","512,75","499,72","","1,11%"
"24.04.2006","500,89","512,08","517,65","500,42","","-2,41%"
"21.04.2006","513,24","499,19","514,33","496,65","","2,84%"
"20.04.2006","499,07","516,07","523,53","494,50","","-3,43%"
"19.04.2006","516,80","502,39","517,37","502,53","","2,80%"
"18.04.2006","502,71","501,26","505,22","498,92","","0,48%"
"17.04.2006","500,29","493,28","502,19","492,81","","1,11%"
"14.04.2006","494,80","492,36","495,87","491,74","","0,57%"
"13.04.2006","491,99","493,97","494,75","488,37","","-0,38%"
"12.04.2006","493,89","488,35","495,75","488,50","","1,15%"
"11.04.2006","488,27","494,96","498,35","488,24","","-1,34%"
"10.04.2006","494,92","485,59","496,01","485,76","","1,80%"
"07.04.2006","486,19","487,36","490,67","482,22","","-0,06%"
"06.04.2006","486,50","478,61","488,22","477,81","","1,67%"
"05.04.2006","478,49","477,41","480,21","474,46","","0,10%"
"04.04.2006","478,02","484,55","485,59","477,19","","-1,36%"
"03.04.2006","484,60","480,82","489,08","480,67","","0,71%"
"31.03.2006","481,19","483,64","485,16","477,72","","-0,43%"
"30.03.2006","483,28","476,18","484,60","474,34","","1,49%"
"29.03.2006","476,19","470,13","477,31","466,59","","1,30%"
"28.03.2006","470,09","471,66","472,90","466,87","","-0,32%"
"27.03.2006","471,62","464,04","472,96","463,74","","1,36%"
"24.03.2006","465,31","459,11","466,24","458,48","","1,37%"
"23.03.2006","459,04","455,37","460,58","451,87","","0,80%"
"22.03.2006","455,38","455,97","458,37","452,94","","-0,10%"
"21.03.2006","455,83","455,42","459,50","451,54","","0,13%"
"20.03.2006","455,22","454,69","457,65","451,37","","0,28%"
"17.03.2006","453,94","455,78","457,88","453,98","","-0,32%"
"16.03.2006","455,39","457,91","459,32","450,77","","-0,69%"
"15.03.2006","458,54","459,09","463,03","457,53","","-0,09%"
"14.03.2006","458,94","456,48","459,62","453,28","","0,59%"
"13.03.2006","456,23","454,32","458,33","453,55","","0,69%"
"10.03.2006","453,09","457,95","460,19","449,79","","-1,05%"
"09.03.2006","457,91","455,69","462,24","452,19","","0,46%"
"08.03.2006","455,80","464,50","466,57","451,40","","-1,93%"
"07.03.2006","464,75","461,40","467,57","460,79","","0,64%"
"06.03.2006","461,81","470,33","472,43","460,21","","-1,55%"
"03.03.2006","469,06","472,09","474,81","469,25","","-0,58%"
"02.03.2006","471,81","472,69","473,78","468,87","","-0,21%"
"01.03.2006","472,81","470,73","475,49","469,31","","0,36%"
"28.02.2006","471,13","468,23","471,54","466,71","","0,61%"
"27.02.2006","468,26","470,40","472,60","465,78","","-0,45%"
"24.02.2006","470,40","460,45","471,42","458,89","","2,15%"
"23.02.2006","460,49","464,92","466,37","459,93","","-0,96%"
"22.02.2006","464,95","464,88","466,41","461,19","","0,07%"
"21.02.2006","464,62","465,33","467,26","462,38","","-0,15%"
"20.02.2006","465,33","462,37","466,60","461,24","","0,67%"
"17.02.2006","462,25","458,46","465,12","457,97","","0,78%"
"16.02.2006","458,69","453,67","460,15","450,77","","1,10%"
"15.02.2006","453,70","459,14","460,39","450,79","","-1,18%"
"14.02.2006","459,14","452,49","459,99","449,47","","1,49%"
"13.02.2006","452,38","463,12","464,04","452,38","","-2,15%"
"10.02.2006","462,31","470,46","474,60","458,55","","-1,71%"
"09.02.2006","470,37","460,59","473,77","459,56","","2,19%"
"08.02.2006","460,28","458,01","463,65","455,81","","0,52%"
"07.02.2006","457,88","475,98","477,20","457,80","","-3,83%"
"06.02.2006","476,10","471,25","479,41","471,45","","0,94%"
"03.02.2006","471,68","472,76","479,24","470,97","","-0,19%"
"02.02.2006","472,60","471,69","475,84","470,44","","0,22%"
"01.02.2006","471,56","467,46","473,60","465,78","","0,84%"
"31.01.2006","467,63","469,78","472,51","466,92","","-0,58%"
"30.01.2006","470,35","461,68","471,04","461,24","","1,83%"
"27.01.2006","461,88","458,54","462,97","455,01","","0,80%"
"26.01.2006","458,21","459,70","460,93","452,73","","-0,33%"
"25.01.2006","459,74","454,34","462,63","453,75","","1,15%"
"24.01.2006","454,53","453,90","455,85","450,28","","0,13%"
"23.01.2006","453,94","455,82","456,84","451,40","","-0,43%"
"20.01.2006","455,92","460,59","469,62","456,11","","-1,09%"
"19.01.2006","460,94","448,66","461,93","445,84","","2,68%"
"18.01.2006","448,92","457,88","460,69","447,46","","-1,89%"
"17.01.2006","457,59","463,53","466,80","457,08","","-1,27%"
"16.01.2006","463,49","457,16","464,00","456,11","","1,08%"
"13.01.2006","458,55","454,02","461,18","451,57","","0,76%"
"12.01.2006","455,10","452,42","455,57","448,77","","0,60%"
"11.01.2006","452,38","449,36","452,94","447,08","","0,71%"
"10.01.2006","449,18","454,49","454,62","446,85","","-1,05%"
"09.01.2006","453,93","443,66","455,86","442,91","","2,28%"
"06.01.2006","443,80","433,35","444,23","431,66","","2,38%"
"05.01.2006","433,49","440,65","441,34","431,65","","-1,57%"
"04.01.2006","440,40","443,79","445,08","434,07","","-0,81%"
"03.01.2006","444,00","437,14","444,00","435,87","","1,60%"
"02.01.2006","437,02","436,40","438,06","435,55","","0,11%"
"30.12.2005","436,53","435,34","438,22","431,53","","0,27%"
"29.12.2005","435,34","435,50","437,47","431,06","","-0,05%"
"28.12.2005","435,54","429,08","436,16","426,27","","1,52%"
"27.12.2005","429,01","425,35","429,08","425,14","","0,87%"
"26.12.2005","425,32","424,29","426,95","423,57","","0,52%"
"23.12.2005","423,10","424,35","427,15","421,91","","-0,22%"
"22.12.2005","424,02","418,10","424,71","416,83","","1,44%"
"21.12.2005","418,01","415,25","418,54","411,62","","0,80%"
"20.12.2005","414,71","419,51","424,43","414,64","","-1,12%"
"19.12.2005","419,41","419,61","424,32","416,11","","0,24%"
"16.12.2005","418,42","419,76","422,99","411,64","","-0,29%"
"15.12.2005","419,65","421,06","425,35","414,83","","-0,33%"
"14.12.2005","421,03","434,00","434,55","420,18","","-3,04%"
"13.12.2005","434,22","441,52","443,37","433,71","","-1,66%"
"12.12.2005","441,54","446,23","457,23","440,31","","-0,79%"
"09.12.2005","445,06","440,20","448,92","439,55","","1,05%"
"08.12.2005","440,44","438,93","442,63","435,28","","0,30%"
"07.12.2005","439,14","433,14","440,53","430,97","","1,35%"
"06.12.2005","433,27","431,69","433,42","427,67","","0,32%"
"05.12.2005","431,90","429,66","434,51","427,59","","0,62%"
"02.12.2005","429,25","428,88","432,65","426,14","","0,17%"
"01.12.2005","428,52","418,61","428,89","415,80","","2,37%"
"30.11.2005","418,58","424,02","424,53","417,16","","-1,25%"
"29.11.2005","423,87","420,78","425,03","418,38","","0,83%"
"28.11.2005","420,39","423,10","426,65","418,48","","-0,56%"
"25.11.2005","422,77","418,19","423,28","418,04","","1,10%"
"24.11.2005","418,15","415,85","418,90","415,74","","0,54%"
"23.11.2005","415,92","417,86","418,29","412,89","","-0,52%"
"22.11.2005","418,11","418,45","422,47","416,48","","-0,05%"
"21.11.2005","418,34","412,23","418,74","411,30","","1,43%"
"18.11.2005","412,44","413,08","418,17","411,53","","0,09%"
"17.11.2005","412,07","410,45","416,02","409,19","","0,42%"
"16.11.2005","410,35","399,20","410,38","397,80","","2,79%"
"15.11.2005","399,23","400,03","402,78","398,57","","-0,16%"
"14.11.2005","399,86","399,00","401,69","398,38","","0,13%"
"11.11.2005","399,33","399,44","400,53","397,10","","0,01%"
"10.11.2005","399,30","395,98","400,00","395,53","","0,81%"
"09.11.2005","396,11","391,58","398,19","390,84","","1,16%"
"08.11.2005","391,55","388,87","393,00","388,77","","0,72%"
"07.11.2005","388,77","386,19","389,65","385,79","","0,75%"
"04.11.2005","385,86","385,19","387,80","384,06","","0,14%"
"03.11.2005","385,32","383,37","385,76","382,56","","0,55%"
"02.11.2005","383,23","381,70","384,42","381,02","","0,30%"
"01.11.2005","382,09","387,90","389,48","381,15","","-1,43%"
"31.10.2005","387,62","391,97","393,13","387,32","","-1,12%"
"28.10.2005","392,03","390,00","392,78","387,40","","0,53%"
"27.10.2005","389,97","389,77","391,51","388,84","","0,07%"
"26.10.2005","389,71","389,86","392,70","389,22","","-0,03%"
"25.10.2005","389,83","387,97","391,56","387,50","","0,48%"
"24.10.2005","387,97","390,47","390,72","387,30","","-0,60%"
"21.10.2005","390,31","383,38","391,12","381,50","","1,78%"
"20.10.2005","383,48","387,53","388,71","383,22","","-1,00%"
"19.10.2005","387,37","393,82","395,31","385,26","","-1,71%"
"18.10.2005","394,10","393,93","396,25","393,52","","0,09%"
"17.10.2005","393,73","387,85","395,33","387,25","","1,34%"
"14.10.2005","388,51","391,97","392,95","385,49","","-0,88%"
"13.10.2005","391,97","391,17","395,59","391,11","","0,18%"
"12.10.2005","391,27","396,40","401,41","390,94","","-1,26%"
"11.10.2005","396,26","393,97","398,13","392,09","","0,74%"
"10.10.2005","393,34","389,50","394,83","388,96","","0,63%"
"07.10.2005","390,89","388,39","392,53","387,51","","0,83%"
"06.10.2005","387,66","387,55","389,71","385,60","","-0,05%"
"05.10.2005","387,85","391,02","391,63","386,56","","-0,81%"
"04.10.2005","391,02","390,74","393,48","389,04","","0,10%"
"03.10.2005","390,64","393,59","393,82","388,16","","0,25%"
"30.09.2005","389,66","392,19","394,58","388,29","","-0,64%"
"29.09.2005","392,16","389,41","393,89","387,23","","0,70%"
"28.09.2005","389,44","384,46","390,80","383,13","","1,30%"
"27.09.2005","384,46","386,13","388,39","380,69","","-0,39%"
"26.09.2005","385,97","386,79","387,37","381,27","","0,39%"
"23.09.2005","384,47","382,53","384,58","381,07","","0,41%"
"22.09.2005","382,90","386,08","389,30","380,52","","-0,88%"
"21.09.2005","386,31","382,66","386,31","380,52","","0,92%"
"20.09.2005","382,80","382,41","387,33","380,67","","0,03%"
"19.09.2005","382,67","377,33","385,32","376,94","","1,94%"
"16.09.2005","375,39","372,14","376,17","370,37","","0,86%"
"15.09.2005","372,20","366,68","373,08","366,21","","1,53%"
"14.09.2005","366,59","363,57","366,68","362,74","","0,85%"
"13.09.2005","363,51","365,66","365,86","361,76","","-0,57%"
"12.09.2005","365,58","360,10","366,38","359,95","","1,07%"
"09.09.2005","361,72","360,43","362,02","358,66","","0,39%"
"08.09.2005","360,32","357,93","361,63","356,88","","0,68%"
"07.09.2005","357,90","355,65","358,48","354,62","","0,53%"
"06.09.2005","356,03","354,70","356,70","354,62","","0,38%"
"05.09.2005","354,67","354,17","355,75","353,61","","0,02%"
"02.09.2005","354,59","354,34","356,00","352,65","","0,08%"
"01.09.2005","354,31","352,51","356,95","351,36","","0,57%"
"31.08.2005","352,31","352,62","354,80","351,27","","-0,09%"
"30.08.2005","352,62","357,31","358,02","351,66","","-1,22%"
"29.08.2005","356,99","355,77","358,49","354,94","","0,29%"
"26.08.2005","355,94","356,14","356,82","354,03","","-0,09%"
"25.08.2005","356,25","356,12","357,85","355,22","","0,01%"
"24.08.2005","356,23","358,75","360,22","355,46","","-0,73%"
"23.08.2005","358,84","358,09","360,05","357,57","","0,17%"
"22.08.2005","358,23","359,43","360,05","357,43","","-0,09%"
"19.08.2005","358,56","360,84","361,39","358,23","","-0,61%"
"18.08.2005","360,76","358,34","363,11","356,71","","0,66%"
"17.08.2005","358,40","360,87","362,07","356,76","","-0,62%"
"16.08.2005","360,64","357,53","361,61","356,48","","0,92%"
"15.08.2005","357,36","357,97","359,45","355,95","","-0,30%"
"12.08.2005","358,42","357,17","360,18","356,11","","0,33%"
"11.08.2005","357,25","352,65","359,44","352,15","","1,25%"
"10.08.2005","352,84","351,10","353,47","350,54","","0,40%"
"09.08.2005","351,44","351,90","352,07","350,01","","-0,12%"
"08.08.2005","351,85","354,87","355,19","350,93","","-0,60%"
"05.08.2005","353,96","353,08","355,56","351,94","","0,21%"
"04.08.2005","353,22","353,79","355,95","352,85","","-0,10%"
"03.08.2005","353,56","354,16","354,92","351,73","","-0,12%"
"02.08.2005","353,99","354,35","354,56","352,59","","-0,19%"
"01.08.2005","354,68","354,16","355,93","352,09","","0,11%"
"29.07.2005","354,30","352,60","355,18","352,00","","0,52%"
"28.07.2005","352,48","352,20","354,25","350,78","","0,12%"
"27.07.2005","352,05","351,85","353,13","350,49","","-0,02%"
"26.07.2005","352,12","352,44","354,43","351,34","","-0,18%"
"25.07.2005","352,76","353,50","354,00","351,39","","0,28%"
"22.07.2005","351,79","349,58","352,11","349,24","","0,61%"
"21.07.2005","349,66","347,70","350,41","344,94","","0,51%"
"20.07.2005","347,88","348,65","351,33","346,43","","-0,16%"
"19.07.2005","348,45","348,90","350,74","348,10","","-0,14%"
"18.07.2005","348,93","349,09","350,19","348,08","","-0,28%"
"15.07.2005","349,92","347,32","350,65","345,43","","0,79%"
"14.07.2005","347,18","350,96","351,70","346,12","","-1,00%"
"13.07.2005","350,70","348,45","351,03","348,33","","0,69%"
"12.07.2005","348,28","352,29","353,97","347,61","","-1,15%"
"11.07.2005","352,32","353,07","354,56","351,85","","-0,18%"
"08.07.2005","352,96","355,11","356,27","352,90","","-0,55%"
"07.07.2005","354,90","354,63","357,56","353,07","","0,04%"
"06.07.2005","354,75","355,29","356,67","354,43","","-0,17%"
"05.07.2005","355,34","358,99","359,17","353,58","","-1,01%"
"04.07.2005","358,95","358,94","359,87","356,93","","0,45%"
"01.07.2005","357,33","359,50","361,61","356,12","","-0,55%"
"30.06.2005","359,30","362,05","362,44","359,18","","-0,72%"
"29.06.2005","361,90","361,17","362,57","359,86","","0,19%"
"28.06.2005","361,20","360,78","362,07","360,37","","0,05%"
"27.06.2005","361,02","365,53","365,62","360,04","","-0,81%"
"24.06.2005","363,95","366,58","368,28","362,52","","-0,65%"
"23.06.2005","366,34","360,83","366,85","359,93","","1,47%"
"22.06.2005","361,04","360,13","361,44","358,69","","0,27%"
"21.06.2005","360,08","360,12","360,91","357,79","","-0,08%"
"20.06.2005","360,36","357,87","362,20","357,82","","1,11%"
"17.06.2005","356,39","359,41","361,25","356,30","","-0,98%"
"16.06.2005","359,90","353,54","361,22","353,17","","1,86%"
"15.06.2005","353,32","354,40","355,91","353,22","","-0,32%"
"14.06.2005","354,46","353,63","355,19","350,91","","0,22%"
"13.06.2005","353,68","352,46","356,78","350,06","","0,45%"
"10.06.2005","352,08","346,23","352,66","345,15","","1,75%"
"09.06.2005","346,03","346,03","347,21","344,69","","0,04%"
"08.06.2005","345,89","345,46","347,51","343,98","","0,22%"
"07.06.2005","345,13","347,09","348,31","345,05","","-0,59%"
"06.06.2005","347,18","345,47","347,84","345,05","","0,67%"
"03.06.2005","344,88","343,54","346,91","342,90","","0,46%"
"02.06.2005","343,30","339,94","344,86","339,04","","0,82%"
"01.06.2005","340,50","338,80","341,32","337,97","","0,53%"
"31.05.2005","338,72","335,36","339,11","334,85","","0,98%"
"30.05.2005","335,42","335,06","336,06","333,80","","0,55%"
"27.05.2005","333,60","333,76","334,20","332,80","","0,01%"
"26.05.2005","333,57","332,36","334,48","331,99","","0,30%"
"25.05.2005","332,57","332,10","332,91","330,90","","0,20%"
"24.05.2005","331,92","331,72","332,74","331,00","","0,13%"
"23.05.2005","331,48","332,75","334,30","331,00","","-0,25%"
"20.05.2005","332,30","332,54","333,55","331,61","","-0,02%"
"19.05.2005","332,38","332,24","333,89","331,86","","0,07%"
"18.05.2005","332,14","331,93","333,64","331,12","","0,07%"
"17.05.2005","331,91","331,87","333,31","331,36","","0,05%"
"16.05.2005","331,74","333,06","333,82","330,64","","-0,27%"
"13.05.2005","332,65","332,97","334,05","331,24","","-0,11%"
"12.05.2005","333,02","333,41","334,72","330,54","","-0,14%"
"11.05.2005","333,49","330,94","334,14","330,76","","0,80%"
"10.05.2005","330,84","330,83","332,58","330,76","","0,01%"
"09.05.2005","330,81","332,63","333,20","330,55","","-0,27%"
"06.05.2005","331,71","331,60","333,10","329,69","","0,06%"
"05.05.2005","331,52","331,42","332,66","330,44","","0,08%"
"04.05.2005","331,24","331,94","332,10","330,17","","-0,22%"
"03.05.2005","331,96","334,09","334,63","330,05","","-0,57%"
"02.05.2005","333,85","338,68","338,82","333,10","","-1,09%"
"29.04.2005","337,53","333,98","338,46","332,97","","1,07%"
"28.04.2005","333,95","334,57","335,89","333,53","","-0,02%"
"27.04.2005","334,03","336,14","337,08","333,23","","-0,65%"
"26.04.2005","336,22","334,31","337,22","332,79","","0,63%"
"25.04.2005","334,13","330,46","334,80","330,41","","0,57%"
"22.04.2005","332,24","331,15","333,42","330,61","","0,38%"
"21.04.2005","330,98","331,88","332,49","330,43","","-0,31%"
"20.04.2005","332,01","331,75","333,00","330,58","","0,12%"
"19.04.2005","331,62","327,96","332,69","327,10","","1,11%"
"18.04.2005","327,98","326,84","328,80","326,62","","-0,26%"
"15.04.2005","328,84","330,85","331,11","327,89","","-0,58%"
"14.04.2005","330,77","331,85","332,68","329,67","","-0,33%"
"13.04.2005","331,88","331,46","332,66","330,45","","0,23%"
"12.04.2005","331,12","329,70","331,83","329,57","","0,42%"
"11.04.2005","329,75","328,45","331,43","328,32","","0,45%"
"08.04.2005","328,27","331,12","332,02","328,12","","-0,85%"
"07.04.2005","331,09","331,21","331,62","328,69","","-0,05%"
"06.04.2005","331,24","330,30","331,68","329,48","","0,27%"
"05.04.2005","330,35","329,77","330,93","329,50","","0,13%"
"04.04.2005","329,92","332,22","332,30","329,14","","0,03%"
"01.04.2005","329,82","330,25","330,68","327,05","","-0,12%"
"31.03.2005","330,20","329,75","330,55","328,86","","0,19%"
"30.03.2005","329,59","329,52","330,65","328,12","","-0,02%"
"29.03.2005","329,64","330,00","330,71","328,75","","-0,13%"
"28.03.2005","330,08","328,17","330,92","327,55","","0,55%"
"25.03.2005","328,27","328,13","328,80","327,80","","0,04%"
"24.03.2005","328,13","327,20","328,40","326,15","","0,45%"
"23.03.2005","326,66","326,25","328,40","324,89","","0,15%"
"22.03.2005","326,18","327,63","328,20","325,72","","-0,32%"
"21.03.2005","327,24","329,89","330,45","326,04","","-0,72%"
"18.03.2005","329,60","327,42","330,32","327,22","","0,66%"
"17.03.2005","327,44","330,30","331,13","327,03","","-0,89%"
"16.03.2005","330,38","330,98","331,13","329,28","","-0,17%"
"15.03.2005","330,95","329,72","332,26","329,07","","0,40%"
"14.03.2005","329,64","331,03","331,32","329,22","","-0,44%"
"11.03.2005","331,10","329,41","331,58","327,67","","0,60%"
"10.03.2005","329,11","328,67","329,90","327,50","","0,08%"
"09.03.2005","328,84","329,87","330,22","328,45","","-0,32%"
"08.03.2005","329,90","328,63","329,97","327,70","","0,38%"
"07.03.2005","328,65","327,37","329,34","327,32","","0,39%"
"04.03.2005","327,37","327,92","330,69","326,67","","-0,15%"
"03.03.2005","327,87","329,00","330,10","326,44","","-0,40%"
"02.03.2005","329,20","327,80","330,16","326,33","","0,41%"
"01.03.2005","327,87","329,06","329,95","326,27","","-0,27%"
"28.02.2005","328,76","326,68","329,75","326,63","","0,20%"
"25.02.2005","328,11","328,67","330,97","327,26","","-0,11%"
"24.02.2005","328,47","328,65","329,22","327,18","","-0,05%"
"23.02.2005","328,63","327,48","329,50","319,75","","0,32%"
"22.02.2005","327,57","326,85","328,35","324,03","","0,24%"
"21.02.2005","326,80","326,87","328,05","325,84","","0,05%"
"18.02.2005","326,64","326,80","327,69","324,88","","-0,02%"
"17.02.2005","326,70","326,07","327,27","324,93","","0,19%"
"16.02.2005","326,07","326,39","326,93","324,27","","-0,15%"
"15.02.2005","326,56","327,94","328,04","325,64","","-0,50%"
"14.02.2005","328,19","326,33","328,31","325,14","","0,43%"
"11.02.2005","326,78","324,05","327,04","323,55","","0,85%"
"10.02.2005","324,03","322,18","324,40","322,02","","0,56%"
"09.02.2005","322,21","322,84","323,42","321,30","","-0,21%"
"08.02.2005","322,89","324,27","324,42","321,77","","-0,45%"
"07.02.2005","324,35","322,51","324,60","321,48","","0,81%"
"04.02.2005","321,73","321,18","322,28","318,77","","0,18%"
"03.02.2005","321,16","323,64","323,78","319,46","","-0,69%"
"02.02.2005","323,39","322,45","323,61","321,53","","0,25%"
"01.02.2005","322,58","323,94","323,96","322,08","","-0,42%"
"31.01.2005","323,94","326,99","327,57","321,89","","-0,89%"
"28.01.2005","326,84","326,44","328,69","325,54","","0,07%"
"27.01.2005","326,61","325,70","327,00","324,90","","0,26%"
"26.01.2005","325,75","325,30","326,78","323,96","","0,15%"
"25.01.2005","325,25","326,90","328,39","324,55","","-0,50%"
"24.01.2005","326,90","327,21","327,74","325,90","","0,04%"
"21.01.2005","326,77","325,55","327,75","324,82","","0,36%"
"20.01.2005","325,60","324,98","326,21","324,12","","0,16%"
"19.01.2005","325,08","324,53","326,04","323,38","","0,20%"
"18.01.2005","324,43","322,83","324,91","322,11","","0,43%"
"17.01.2005","323,03","322,11","323,15","320,74","","0,11%"
"14.01.2005","322,68","321,34","323,12","320,93","","0,44%"
"13.01.2005","321,27","321,08","322,38","319,92","","0,10%"
"12.01.2005","320,96","321,82","322,60","318,89","","-0,24%"
"11.01.2005","321,72","320,50","321,97","319,47","","0,54%"
"10.01.2005","320,00","320,30","321,82","319,47","","-0,22%"
"07.01.2005","320,70","319,48","321,14","318,56","","0,37%"
"06.01.2005","319,53","321,42","323,24","318,82","","-0,57%"
"05.01.2005","321,35","321,54","322,72","319,55","","-0,12%"
"04.01.2005","321,73","318,46","322,16","317,40","","1,08%"
"03.01.2005","318,28","322,44","323,96","316,44","","-1,49%"
"31.12.2004","323,11","320,50","324,24","320,06","","0,81%"
"30.12.2004","320,50","320,35","321,79","318,63","","0,02%"
"29.12.2004","320,45","325,51","326,62","319,29","","-1,57%"
"28.12.2004","325,56","326,32","327,33","324,83","","-0,23%"
"27.12.2004","326,32","326,88","327,68","325,51","","-0,14%"
"24.12.2004","326,78","326,63","327,57","326,16","","0,02%"
"23.12.2004","326,70","328,08","329,21","325,79","","-0,38%"
"22.12.2004","327,93","330,22","330,79","327,70","","-0,67%"
"21.12.2004","330,14","330,43","330,79","328,68","","-0,09%"
"20.12.2004","330,43","329,10","331,79","328,80","","-0,23%"
"17.12.2004","331,18","329,80","332,43","329,17","","0,46%"
"16.12.2004","329,67","328,17","330,79","328,05","","0,37%"
"15.12.2004","328,47","327,39","328,77","327,00","","0,42%"
"14.12.2004","327,08","329,25","330,12","326,81","","-0,75%"
"13.12.2004","329,55","328,64","330,39","327,24","","0,41%"
"10.12.2004","328,22","327,98","330,20","327,08","","-0,04%"
"09.12.2004","328,35","329,93","330,80","325,29","","-0,41%"
"08.12.2004","329,69","335,72","335,82","326,07","","-1,74%"
"07.12.2004","335,52","337,19","337,69","335,32","","-0,55%"
"06.12.2004","337,36","338,39","339,26","335,61","","-0,34%"
"03.12.2004","338,50","338,33","339,61","335,27","","0,07%"
"02.12.2004","338,28","339,60","341,72","336,79","","-0,52%"
"01.12.2004","340,06","339,05","341,97","338,14","","0,35%"
"30.11.2004","338,87","341,39","341,57","336,87","","-0,78%"
"29.11.2004","341,55","341,59","342,01","338,45","","0,41%"
"26.11.2004","340,14","340,78","343,47","338,77","","-0,17%"
"25.11.2004","340,73","340,22","342,61","340,04","","0,06%"
"24.11.2004","340,53","341,36","342,07","339,95","","-0,26%"
"23.11.2004","341,42","343,73","344,34","341,40","","-0,65%"
"22.11.2004","343,64","340,91","343,98","340,42","","0,18%"
"19.11.2004","343,02","341,22","343,44","339,87","","0,39%"
"18.11.2004","341,68","340,87","341,99","338,39","","0,27%"
"17.11.2004","340,76","338,93","341,29","338,47","","0,53%"
"16.11.2004","338,98","337,11","339,36","336,55","","0,57%"
"15.11.2004","337,05","337,21","339,82","336,43","","-0,07%"
"12.11.2004","337,29","336,61","338,74","335,86","","0,20%"
"11.11.2004","336,61","336,28","337,20","334,89","","0,10%"
"10.11.2004","336,28","337,09","337,57","334,79","","-0,30%"
"09.11.2004","337,28","333,93","337,69","333,72","","1,03%"
"08.11.2004","333,85","327,99","335,44","327,89","","-0,05%"
"05.11.2004","334,01","333,50","335,34","330,91","","0,14%"
"04.11.2004","333,53","333,09","335,96","330,93","","0,13%"
"03.11.2004","333,11","330,60","333,22","329,48","","0,59%"
"02.11.2004","331,16","334,57","336,22","328,20","","-1,04%"
"01.11.2004","334,65","334,17","337,38","333,44","","-0,05%"
"29.10.2004","334,81","332,63","335,53","332,15","","0,67%"
"28.10.2004","332,57","333,64","334,71","331,22","","-0,23%"
"27.10.2004","333,35","334,57","335,24","332,48","","-0,36%"
"26.10.2004","334,55","334,26","335,30","332,32","","0,13%"
"25.10.2004","334,10","332,48","336,63","331,88","","0,01%"
"22.10.2004","334,08","335,67","336,52","333,56","","-0,47%"
"21.10.2004","335,67","336,76","337,94","334,46","","-0,29%"
"20.10.2004","336,66","335,09","337,64","334,26","","0,46%"
"19.10.2004","335,12","332,61","335,88","332,08","","0,62%"
"18.10.2004","333,05","334,75","336,11","332,79","","-0,78%"
"15.10.2004","335,67","337,51","338,76","335,05","","-0,53%"
"14.10.2004","337,45","337,01","337,78","334,44","","0,16%"
"13.10.2004","336,90","341,84","342,03","333,64","","-1,45%"
"12.10.2004","341,84","341,78","341,98","335,16","","0,47%"
"11.10.2004","340,24","336,93","341,39","336,79","","-0,05%"
"08.10.2004","340,41","340,03","341,89","337,39","","0,14%"
"07.10.2004","339,92","339,73","341,41","338,99","","0,07%"
"06.10.2004","339,68","339,51","341,67","337,71","","0,09%"
"05.10.2004","339,37","336,62","340,47","335,23","","0,82%"
"04.10.2004","336,62","337,82","338,44","334,81","","-0,24%"
"01.10.2004","337,43","336,09","338,13","335,69","","0,38%"
"30.09.2004","336,15","334,54","336,87","333,33","","0,48%"
"29.09.2004","334,56","334,20","336,05","333,21","","0,14%"
"28.09.2004","334,09","331,86","334,77","331,61","","0,73%"
"27.09.2004","331,67","332,90","333,66","331,16","","-0,04%"
"24.09.2004","331,80","334,00","334,37","330,45","","-0,63%"
"23.09.2004","333,89","331,73","334,46","329,80","","0,67%"
"22.09.2004","331,68","331,48","332,42","329,89","","0,08%"
"21.09.2004","331,43","332,32","333,71","330,67","","-0,33%"
"20.09.2004","332,54","333,14","333,43","331,80","","0,09%"
"17.09.2004","332,24","331,73","333,54","330,62","","0,17%"
"16.09.2004","331,68","332,55","334,18","331,00","","-0,25%"
"15.09.2004","332,52","330,68","333,50","328,67","","0,53%"
"14.09.2004","330,76","328,94","331,69","327,78","","0,50%"
"13.09.2004","329,11","327,37","329,95","325,65","","0,58%"
"10.09.2004","327,21","325,94","328,84","325,08","","0,42%"
"09.09.2004","325,85","327,59","328,76","325,59","","-0,54%"
"08.09.2004","327,62","328,24","330,11","327,21","","-0,21%"
"07.09.2004","328,30","332,75","333,08","327,64","","-1,42%"
"06.09.2004","333,03","332,66","333,39","331,59","","0,34%"
"03.09.2004","331,91","333,25","335,16","329,55","","-0,40%"
"02.09.2004","333,25","334,62","335,22","333,09","","-0,41%"
"01.09.2004","334,62","336,08","336,67","334,03","","-0,37%"
"31.08.2004","335,86","337,01","338,17","334,88","","-0,36%"
"30.08.2004","337,09","335,80","339,44","335,34","","0,55%"
"27.08.2004","335,23","335,78","337,79","333,22","","-0,21%"
"26.08.2004","335,93","336,30","337,78","334,23","","-0,12%"
"25.08.2004","336,33","333,24","337,24","333,13","","0,92%"
"24.08.2004","333,28","336,23","336,76","332,74","","-0,90%"
"23.08.2004","336,31","333,98","337,53","333,62","","0,31%"
"20.08.2004","335,27","328,48","336,46","327,88","","2,02%"
"19.08.2004","328,64","327,63","330,32","326,74","","0,42%"
"18.08.2004","327,26","327,15","328,57","325,38","","0,02%"
"17.08.2004","327,18","325,65","328,31","324,36","","0,52%"
"16.08.2004","325,49","321,84","326,36","321,73","","1,04%"
"13.08.2004","322,14","322,00","323,19","320,18","","0,06%"
"12.08.2004","321,95","323,32","323,90","321,61","","-0,40%"
"11.08.2004","323,25","325,18","325,26","321,38","","-0,65%"
"10.08.2004","325,38","325,97","326,02","323,96","","-0,14%"
"09.08.2004","325,84","324,48","326,65","323,79","","0,13%"
"06.08.2004","325,41","325,48","327,20","320,27","","-0,06%"
"05.08.2004","325,62","325,26","326,06","324,17","","0,14%"
"04.08.2004","325,15","326,50","327,28","324,82","","-0,40%"
"03.08.2004","326,45","325,77","327,25","322,95","","0,18%"
"02.08.2004","325,85","324,10","326,89","323,94","","0,12%"
"30.07.2004","325,45","322,31","325,65","321,75","","0,96%"
"29.07.2004","322,37","322,58","324,72","320,37","","-0,07%"
"28.07.2004","322,60","321,46","323,03","320,00","","0,34%"
"27.07.2004","321,52","321,25","323,12","319,60","","0,05%"
"26.07.2004","321,35","322,10","323,27","320,06","","-0,25%"
"23.07.2004","322,17","322,07","323,21","319,52","","0,01%"
"22.07.2004","322,13","323,87","324,53","321,35","","-0,55%"
"21.07.2004","323,90","324,13","326,27","322,72","","-0,08%"
"20.07.2004","324,16","325,99","328,03","322,59","","-0,57%"
"19.07.2004","326,02","326,06","327,95","323,60","","-0,02%"
"16.07.2004","326,08","327,06","327,59","325,63","","-0,23%"
"15.07.2004","326,82","326,70","327,69","324,52","","0,00%"
"14.07.2004","326,81","325,77","327,44","324,31","","0,29%"
"13.07.2004","325,85","327,94","328,69","324,87","","-0,57%"
"12.07.2004","327,72","327,94","329,16","325,86","","-0,07%"
"09.07.2004","327,96","328,24","329,61","326,23","","-0,07%"
"08.07.2004","328,18","324,55","329,70","322,88","","1,14%"
"07.07.2004","324,47","318,78","325,73","318,68","","1,78%"
"06.07.2004","318,78","323,50","324,60","316,65","","-1,43%"
"05.07.2004","323,42","322,76","324,57","322,06","","0,31%"
"02.07.2004","322,42","325,52","326,15","319,48","","-0,89%"
"01.07.2004","325,33","323,24","325,65","322,66","","0,64%"
"30.06.2004","323,27","324,39","325,50","321,62","","-0,32%"
"29.06.2004","324,31","328,66","329,47","322,42","","-1,31%"
"28.06.2004","328,63","330,66","332,05","328,06","","-0,56%"
"25.06.2004","330,49","329,87","332,00","329,55","","0,18%"
"24.06.2004","329,90","326,19","331,03","325,73","","1,12%"
"23.06.2004","326,25","325,99","327,51","324,41","","0,06%"
"22.06.2004","326,07","325,00","328,04","324,01","","0,23%"
"21.06.2004","325,32","325,13","328,02","324,04","","0,03%"
"18.06.2004","325,21","321,64","327,28","321,13","","1,09%"
"17.06.2004","321,70","321,64","321,80","321,59","","0,41%"
"16.06.2004","320,38","319,71","320,94","318,85","","0,20%"
"15.06.2004","319,74","319,71","319,74","319,66","","0,66%"
"14.06.2004","317,63","321,01","321,57","317,10","","-0,83%"
"11.06.2004","320,29","318,34","320,82","317,93","","0,56%"
"10.06.2004","318,52","318,62","320,22","317,24","","-0,03%"
"09.06.2004","318,60","318,87","319,68","316,92","","-0,06%"
"08.06.2004","318,79","319,32","320,86","318,46","","-0,21%"
"07.06.2004","319,45","317,75","319,85","316,69","","0,27%"
"04.06.2004","318,58","317,49","318,70","315,49","","0,34%"
"03.06.2004","317,49","319,77","320,98","316,91","","-0,69%"
"02.06.2004","319,69","321,89","323,04","317,63","","-0,66%"
"01.06.2004","321,81","324,12","325,61","321,57","","-0,73%"
"31.05.2004","324,17","321,54","324,39","321,41","","0,56%"
"28.05.2004","322,36","322,36","323,19","320,39","","0,00%"
"27.05.2004","322,36","322,36","322,38","322,30","","0,61%"
"26.05.2004","320,42","320,42","320,47","320,42","","0,07%"
"25.05.2004","320,19","321,37","322,26","319,49","","-0,40%"
"24.05.2004","321,48","320,48","321,99","319,85","","0,58%"
"21.05.2004","319,62","317,30","321,91","316,47","","0,70%"
"20.05.2004","317,41","317,65","319,56","316,81","","-0,07%"
"19.05.2004","317,62","315,29","318,90","314,44","","0,76%"
"18.05.2004","315,21","315,36","317,13","313,75","","-0,03%"
"17.05.2004","315,31","315,28","318,06","314,58","","-0,54%"
"14.05.2004","317,01","317,01","317,75","315,41","","0,07%"
"13.05.2004","316,80","317,38","318,12","314,93","","-0,22%"
"12.05.2004","317,51","318,58","321,90","316,26","","-0,12%"
"11.05.2004","317,90","319,23","319,99","316,49","","-0,53%"
"10.05.2004","319,60","319,71","319,95","313,74","","0,30%"
"07.05.2004","318,63","320,91","324,04","316,96","","-0,66%"
"06.05.2004","320,75","323,29","323,79","319,72","","-0,82%"
"05.05.2004","323,40","323,78","325,31","321,21","","-0,05%"
"04.05.2004","323,57","324,20","325,24","322,66","","-0,27%"
"03.05.2004","324,45","322,75","325,68","322,56","","0,44%"
"30.04.2004","323,02","323,73","326,31","322,55","","-0,19%"
"29.04.2004","323,62","324,26","326,17","319,29","","-0,46%"
"28.04.2004","325,11","333,98","334,37","324,04","","-2,67%"
"27.04.2004","334,03","334,16","335,56","332,87","","-0,04%"
"26.04.2004","334,16","334,12","336,04","332,67","","0,29%"
"23.04.2004","333,18","330,84","333,94","329,91","","0,74%"
"22.04.2004","330,73","329,42","331,72","328,18","","0,45%"
"21.04.2004","329,25","332,93","333,85","328,42","","-1,06%"
"20.04.2004","332,79","333,07","335,04","332,23","","0,00%"
"19.04.2004","332,79","332,74","336,53","332,27","","-0,16%"
"16.04.2004","333,32","332,85","334,50","331,97","","0,17%"
"15.04.2004","332,74","334,89","336,12","331,30","","-0,59%"
"14.04.2004","334,70","340,22","341,82","332,77","","-1,61%"
"13.04.2004","340,17","346,78","349,51","339,06","","-1,88%"
"12.04.2004","346,70","346,65","349,34","345,51","","-0,34%"
"09.04.2004","347,87","346,86","348,15","346,25","","0,29%"
"08.04.2004","346,86","347,40","348,08","345,66","","-0,13%"
"07.04.2004","347,32","345,75","347,98","344,74","","0,31%"
"06.04.2004","346,24","345,64","347,18","344,14","","0,26%"
"05.04.2004","345,35","347,49","349,67","344,10","","-0,05%"
"02.04.2004","345,54","344,06","351,77","342,10","","0,31%"
"01.04.2004","344,47","346,04","347,88","344,37","","-0,48%"
"31.03.2004","346,12","346,24","347,88","342,56","","-0,04%"
"30.03.2004","346,26","343,54","346,32","341,89","","0,82%"
"29.03.2004","343,43","347,71","348,46","342,49","","-1,28%"
"26.03.2004","347,90","342,78","348,82","341,72","","1,48%"
"25.03.2004","342,81","342,43","344,13","341,46","","0,08%"
"24.03.2004","342,54","339,89","343,41","338,67","","0,69%"
"23.03.2004","340,20","338,04","340,53","336,70","","0,65%"
"22.03.2004","338,01","334,47","338,41","334,47","","0,76%"
"19.03.2004","335,47","331,72","335,66","330,86","","1,15%"
"18.03.2004","331,64","332,52","335,02","330,20","","-0,26%"
"17.03.2004","332,52","327,81","332,97","327,30","","1,40%"
"16.03.2004","327,94","325,21","328,46","322,89","","0,85%"
"15.03.2004","325,16","323,93","326,45","322,03","","0,62%"
"12.03.2004","323,16","325,67","327,78","322,74","","-0,63%"
"11.03.2004","325,22","326,70","327,71","323,45","","-0,45%"
"10.03.2004","326,68","326,50","328,50","325,09","","0,07%"
"09.03.2004","326,45","323,38","328,71","322,17","","0,93%"
"08.03.2004","323,43","322,41","324,59","321,85","","-0,13%"
"05.03.2004","323,85","321,85","324,35","319,05","","0,56%"
"04.03.2004","322,06","321,89","323,81","321,53","","0,08%"
"03.03.2004","321,79","321,56","323,48","319,79","","0,09%"
"02.03.2004","321,51","320,42","322,72","318,52","","0,19%"
"01.03.2004","320,91","315,30","321,98","314,32","","1,21%"
"27.02.2004","317,06","317,52","318,39","315,64","","-0,14%"
"26.02.2004","317,52","316,57","318,99","314,37","","0,34%"
"25.02.2004","316,44","318,21","318,99","313,72","","-0,56%"
"24.02.2004","318,21","317,37","320,13","316,72","","0,24%"
"23.02.2004","317,44","318,67","319,14","316,28","","0,14%"
"20.02.2004","317,01","322,04","323,33","314,72","","-1,61%"
"19.02.2004","322,19","323,55","324,06","321,86","","-0,38%"
"18.02.2004","323,41","323,25","323,87","321,40","","0,00%"
"17.02.2004","323,40","322,06","323,83","321,02","","0,45%"
"16.02.2004","321,96","323,01","323,75","320,35","","0,08%"
"13.02.2004","321,70","321,77","323,69","319,10","","-0,05%"
"12.02.2004","321,87","320,54","322,63","320,04","","0,45%"
"11.02.2004","320,44","320,50","321,50","318,90","","0,19%"
"10.02.2004","319,84","320,15","322,04","319,13","","-0,09%"
"09.02.2004","320,13","319,54","321,01","317,16","","1,01%"
"06.02.2004","316,92","316,26","320,41","314,15","","0,14%"
"05.02.2004","316,49","319,38","319,79","315,00","","-0,94%"
"04.02.2004","319,48","318,41","319,96","317,55","","0,29%"
"03.02.2004","318,56","320,24","321,03","317,30","","-0,51%"
"02.02.2004","320,19","322,40","323,51","317,79","","-0,70%"
"30.01.2004","322,46","321,81","324,21","321,00","","0,17%"
"29.01.2004","321,92","328,45","330,22","319,56","","-1,96%"
"28.01.2004","328,37","324,29","330,88","323,19","","1,27%"
"27.01.2004","324,24","323,52","325,95","322,12","","0,26%"
"26.01.2004","323,40","323,77","325,99","321,97","","-0,16%"
"23.01.2004","323,91","321,81","324,55","321,12","","0,64%"
"22.01.2004","321,86","324,86","324,86","321,20","","-0,94%"
"21.01.2004","324,91","327,80","328,21","323,20","","-0,89%"
"20.01.2004","327,82","329,42","329,55","325,73","","-0,45%"
"19.01.2004","329,31","329,56","330,23","327,94","","0,45%"
"16.01.2004","327,85","324,75","329,62","323,21","","1,02%"
"15.01.2004","324,55","331,65","332,07","323,59","","-2,06%"
"14.01.2004","331,36","331,75","333,94","329,07","","-0,17%"
"13.01.2004","331,91","332,78","334,17","331,40","","-0,28%"
"12.01.2004","332,84","328,15","334,21","327,84","","0,22%"
"09.01.2004","332,10","331,87","332,70","328,19","","0,09%"
"08.01.2004","331,79","332,38","333,53","330,44","","-0,13%"
"07.01.2004","332,23","331,37","334,25","330,19","","0,26%"
"06.01.2004","331,37","334,14","337,62","329,67","","-0,82%"
"05.01.2004","334,11","329,55","335,02","327,74","","1,43%"
"02.01.2004","329,40","330,65","331,48","328,62","","-0,43%"
"01.01.2004","330,83","329,31","332,53","329,13","","0,40%"